"unitid","school","metric","raw_value","unit","status","qualifier","data_year","normalized_score","global_weight","quality_score","source_ids","source_urls","publishers","accessed","note"
"134097","Florida State University","undergraduates","32217","students","available","reported","2023","80.9104965841778","6","68.6","EF2023A","https://nces.ed.gov/ipeds/datacenter/data/ef2023a.zip","NCES / U.S. Department of Education","2026-09-29","EFALEVEL=2; EFTOTLT. Full-time plus part-time undergraduates."
"134097","Florida State University","non_distance_undergraduates","30622","students","available","derived_difference","2023","78.70523992956973","10","68.6","EF2023A_DIST","https://nces.ed.gov/ipeds/datacenter/data/ef2023a_dist.zip","NCES / U.S. Department of Education","2026-09-29","EFDELEV=2; EFDETOT minus EFDEEXC. At least some non-distance courses; not residence-hall occupancy."
"134097","Florida State University","on_campus_residents","","students","unavailable","","","","4","","","","","","No verified undergraduate resident count collected; bed capacity and projected move-ins are not occupancy."
"134097","Florida State University","age_18_24_pct","96.22559518266753","percent","available","derived_ratio","2023","96.22559518266753","10","68.6","EF2023B","https://nces.ed.gov/ipeds/datacenter/data/ef2023b.zip","NCES / U.S. Department of Education","2026-09-29","Sum EFBAGE 4,5,6 / EFBAGE 1; LSTUDY=2. Unknown ages remain in denominator."
"134097","Florida State University","women_pct","56.61296830865692","percent","available","derived_ratio","2023","86.77406338268617","0","68.6","EF2023A","https://nces.ed.gov/ipeds/datacenter/data/ef2023a.zip","NCES / U.S. Department of Education","2026-09-29","100 * EFTOTLW / EFTOTLT. IPEDS reported sex classification; not gender identity."
"134097","Florida State University","out_of_state_freshmen_pct","15.554423501443368","percent","available","derived_ratio","2023","31.10884700288673","0","68.6","EF2023C","https://nces.ed.gov/ipeds/datacenter/data/ef2023c.zip","NCES / U.S. Department of Education","2026-09-29","(US-resident first-time entrants minus in-state entrants) / all entrants; international and unknown are not silently counted as out-of-state."
"134097","Florida State University","age_18_19_pct","35.956172207219794","percent","available","derived_ratio","2023","35.956172207219794","0","68.6","EF2023B","https://nces.ed.gov/ipeds/datacenter/data/ef2023b.zip","NCES / U.S. Department of Education","2026-09-29","LSTUDY=2; EFBAGE=4; EFAGE09 / all-age EFAGE09."
"134097","Florida State University","age_20_21_pct","47.93742434118633","percent","available","derived_ratio","2023","47.93742434118632","0","68.6","EF2023B","https://nces.ed.gov/ipeds/datacenter/data/ef2023b.zip","NCES / U.S. Department of Education","2026-09-29","LSTUDY=2; EFBAGE=5; EFAGE09 / all-age EFAGE09."
"134097","Florida State University","age_22_24_pct","12.331998634261415","percent","available","derived_ratio","2023","12.331998634261415","0","68.6","EF2023B","https://nces.ed.gov/ipeds/datacenter/data/ef2023b.zip","NCES / U.S. Department of Education","2026-09-29","LSTUDY=2; EFBAGE=6; EFAGE09 / all-age EFAGE09."
"134097","Florida State University","age_25_plus_pct","3.147406648663749","percent","available","derived_ratio","2023","3.147406648663749","0","68.6","EF2023B","https://nces.ed.gov/ipeds/datacenter/data/ef2023b.zip","NCES / U.S. Department of Education","2026-09-29","LSTUDY=2; EFBAGE=7; EFAGE09 / all-age EFAGE09."
"134097","Florida State University","age_unknown_pct","","percent","unavailable","","","","0","","","","","","LSTUDY=2; EFBAGE=14; EFAGE09 / all-age EFAGE09. Missing, suppressed, imputed or not reported."
"134097","Florida State University","in_state_freshmen_pct","83.34182373917473","percent","available","derived_ratio","2023","83.34182373917473","0","68.6","EF2023C","https://nces.ed.gov/ipeds/datacenter/data/ef2023c.zip","NCES / U.S. Department of Education","2026-09-29","In-state first-time degree-seeking entrants / all first-time entrants. NOT all-undergraduate residency."
"134097","Florida State University","international_pct","2.113790855759382","percent","available","derived_ratio","2023","2.113790855759382","0","68.6","EF2023A","https://nces.ed.gov/ipeds/datacenter/data/ef2023a.zip","NCES / U.S. Department of Education","2026-09-29","100 * EFNRALT / EFTOTLT. Descriptive only by default."
"134097","Florida State University","hispanic_pct","22.956824036999098","percent","available","derived_ratio","2023","22.956824036999095","0","68.6","EF2023A","https://nces.ed.gov/ipeds/datacenter/data/ef2023a.zip","NCES / U.S. Department of Education","2026-09-29","100 * EFHISPT / EFTOTLT. Descriptive only by default."
"134097","Florida State University","black_pct","7.409131824812987","percent","available","derived_ratio","2023","7.409131824812987","0","68.6","EF2023A","https://nces.ed.gov/ipeds/datacenter/data/ef2023a.zip","NCES / U.S. Department of Education","2026-09-29","100 * EFBKAAT / EFTOTLT. Descriptive only by default."
"134097","Florida State University","asian_pct","3.768196914672378","percent","available","derived_ratio","2023","3.7681969146723784","0","68.6","EF2023A","https://nces.ed.gov/ipeds/datacenter/data/ef2023a.zip","NCES / U.S. Department of Education","2026-09-29","100 * EFASIAT / EFTOTLT. Descriptive only by default."
"134097","Florida State University","greek_pct","23","percent","available","reported_approximate","2025","38.333333333333336","15.000000000000002","72.675","primary-2","https://studentaffairs.fsu.edu/article/leadership-training-supports-greek-organization-success","Florida State University","2026-09-29","University reports about 23%, over 50 chapters and over 6,800 members."
"134097","Florida State University","greek_chapters","50","organizations","available","lower_bound","2025","62.5","7.500000000000001","72.675","primary-2","https://studentaffairs.fsu.edu/article/leadership-training-supports-greek-organization-success","Florida State University","2026-09-29","University reports about 23%, over 50 chapters and over 6,800 members."
"134097","Florida State University","greek_members","6800","students","available","lower_bound","2025","93.95362799886526","2.5000000000000004","72.675","primary-2","https://studentaffairs.fsu.edu/article/leadership-training-supports-greek-organization-success","Florida State University","2026-09-29","University reports about 23%, over 50 chapters and over 6,800 members."
"134097","Florida State University","verified_creators_per_1000","","creators/1,000","unavailable","","","","10.5","","","","","","No audited student-creator roster and same-scope denominator collected; program presence is a separate proxy."
"134097","Florida State University","creator_program_present","1","indicator","available","documented_program","","100","4.5","42.74999999999999","review-f0927a28ccb4","https://jimmorancollege.fsu.edu/student-engagement/student-organizations","Florida State University","2026-09-29","Named relevant organizations: AATCC Club; JMC Autopreneurs; BRAGfsu; Collegiate Entrepreneurs Organization; Clutch magazine; Collegiate Merchandising Association; Society for Advancement of Management. Deduplicated department-directory subset, not a campus census. Clutch explicitly produces editorial and social-media content."
"134097","Florida State University","relevant_awards_pct","29.053905390539054","percent","available","derived_ratio","2023-24","58.10781078107811","7.000000000000001","58.309999999999995","C2024_A","https://nces.ed.gov/ipeds/datacenter/data/c2024_a.zip","NCES / U.S. Department of Education","2026-09-29","Relevant first-major bachelor awards / CIP=99 total bachelor awards. No second-major double counting."
"134097","Florida State University","relevant_awards","2641","awards","available","derived_sum","2023-24","92.50825136876553","2.0000000000000004","58.309999999999995","C2024_A","https://nces.ed.gov/ipeds/datacenter/data/c2024_a.zip","NCES / U.S. Department of Education","2026-09-29","AWLEVEL=5; MAJORNUM=1; unique six-digit CIP records in 52.*,09.*,10.*,50.04*,50.06*,19.09*,31.0504. Awards are not current major enrollment."
"134097","Florida State University","relevant_clubs","7","organizations","available","audited_subset","","23.333333333333332","1.0000000000000002","60.562499999999986","review-f0927a28ccb4","https://jimmorancollege.fsu.edu/student-engagement/student-organizations","Florida State University","2026-09-29","Named relevant organizations: AATCC Club; JMC Autopreneurs; BRAGfsu; Collegiate Entrepreneurs Organization; Clutch magazine; Collegiate Merchandising Association; Society for Advancement of Management. Deduplicated department-directory subset, not a campus census. Clutch explicitly produces editorial and social-media content."
"134097","Florida State University","customers_per_1000","","customers/1,000","unavailable","","","","5","","","","","","No first-party client data supplied."
"134097","Florida State University","lodging_proxy_usd","121.33333333333333","USD/night","available","policy_proxy","FY2027","89.33333333333334","2","73.5","gsa","https://www.gsa.gov/system/files/FY2027PerDiemZipCode_Validated090126.xlsx","U.S. General Services Administration","2026-09-29","Equal-month average FY2027 federal lodging allowance at institutional ZIP 32306. Administrative benchmark, not a commercial hotel quote; no taxes or event surge."
"134097","Florida State University","labor_hourly_usd","","USD/hour","unavailable","","","","1","","","","","","Requires a comparable staffing role and dated local rate."
"134097","Florida State University","venue_day_usd","","USD/day","unavailable","","","","1","","","","","","Requires a dated venue rate for comparable event specifications."
"134097","Florida State University","permit_days","","days","unavailable","","","","0.5","","","","","","Requires an event type and verified campus approval lead time."
"134097","Florida State University","travel_quote_usd","","USD/trip","unavailable","","","","0.5","","","","","","Requires origin, dates, mode and party size for a comparable quote."
"134097","Florida State University","meals_proxy_usd","80","USD/day","available","policy_proxy","FY2027","40","0","73.5","gsa","https://www.gsa.gov/system/files/FY2027PerDiemZipCode_Validated090126.xlsx","U.S. General Services Administration","2026-09-29","FY2027 meals/incidental allowance. Not local labor or event budget."
"134097","Florida State University","airport_km","7.35119018772262","km","available","geographic_proxy","","95.09920654151826","3","54.000000000000014","HD2024; airports","https://nces.ed.gov/ipeds/datacenter/data/hd2024.zip; https://davidmegginson.github.io/ourairports-data/airports.csv","NCES / U.S. Department of Education; OurAirports","2026-09-29; 2026-09-29","Haversine great-circle distance to nearest US large/medium airport with scheduled_service=yes. Not drive time, route frequency, or fare."
"134097","Florida State University","metro_presence","1","indicator","available","geographic_proxy","2024","100","1","70.56","HD2024","https://nces.ed.gov/ipeds/datacenter/data/hd2024.zip","NCES / U.S. Department of Education","2026-09-29","IPEDS metropolitan CBSA membership; not metro population or downtown distance."
"134097","Florida State University","nearby_campuses","1","campuses","available","geographic_proxy","2024","20","1","70.56","HD2024","https://nces.ed.gov/ipeds/datacenter/data/hd2024.zip","NCES / U.S. Department of Education","2026-09-29","Count within 200 km great-circle of fixed geography-reference.json; not road routing or shared-customer overlap."
"134097","Florida State University","cac_usd","","USD/customer","unavailable","","","","1.75","","","","","","No first-party client data supplied."
"134097","Florida State University","conversion_pct","","percent","unavailable","","","","1.25","","","","","","No first-party client data supplied."
"134097","Florida State University","roi_pct","","percent","unavailable","","","","1.25","","","","","","No first-party client data supplied."
"134097","Florida State University","engagement_pct","","percent","unavailable","","","","0.75","","","","","","No first-party client data supplied."
"134097","Florida State University","samples","","samples","unavailable","","","","0","","","","","","No first-party client data supplied."
"134097","Florida State University","leads","","leads","unavailable","","","","0","","","","","","No first-party client data supplied."
"134097","Florida State University","revenue_usd","","USD","unavailable","","","","0","","","","","","No first-party client data supplied."
"134097","Florida State University","ambassador_conversions","","customers","unavailable","","","","0","","","","","","No first-party client data supplied."
"134097","Florida State University","event_attendance","","people","unavailable","","","","0","","","","","","No first-party client data supplied."
"160755","Tulane University of Louisiana","undergraduates","8077","students","available","reported","2023","20.826327306192926","6","68.6","EF2023A","https://nces.ed.gov/ipeds/datacenter/data/ef2023a.zip","NCES / U.S. Department of Education","2026-09-29","EFALEVEL=2; EFTOTLT. Full-time plus part-time undergraduates."
"160755","Tulane University of Louisiana","non_distance_undergraduates","7759","students","available","derived_difference","2023","19.081978202598282","10","68.6","EF2023A_DIST","https://nces.ed.gov/ipeds/datacenter/data/ef2023a_dist.zip","NCES / U.S. Department of Education","2026-09-29","EFDELEV=2; EFDETOT minus EFDEEXC. At least some non-distance courses; not residence-hall occupancy."
"160755","Tulane University of Louisiana","on_campus_residents","","students","unavailable","","","","4","","","","","","No verified undergraduate resident count collected; bed capacity and projected move-ins are not occupancy."
"160755","Tulane University of Louisiana","age_18_24_pct","74.48310016095085","percent","available","derived_ratio","2023","74.48310016095085","10","68.6","EF2023B","https://nces.ed.gov/ipeds/datacenter/data/ef2023b.zip","NCES / U.S. Department of Education","2026-09-29","Sum EFBAGE 4,5,6 / EFBAGE 1; LSTUDY=2. Unknown ages remain in denominator."
"160755","Tulane University of Louisiana","women_pct","61.4460814658908","percent","available","derived_ratio","2023","77.1078370682184","0","68.6","EF2023A","https://nces.ed.gov/ipeds/datacenter/data/ef2023a.zip","NCES / U.S. Department of Education","2026-09-29","100 * EFTOTLW / EFTOTLT. IPEDS reported sex classification; not gender identity."
"160755","Tulane University of Louisiana","out_of_state_freshmen_pct","","percent","unavailable","","","","0","","","","","","(US-resident first-time entrants minus in-state entrants) / all entrants; international and unknown are not silently counted as out-of-state. Missing, suppressed, imputed or not reported."
"160755","Tulane University of Louisiana","age_18_19_pct","24.439767240311998","percent","available","derived_ratio","2023","24.439767240311998","0","68.6","EF2023B","https://nces.ed.gov/ipeds/datacenter/data/ef2023b.zip","NCES / U.S. Department of Education","2026-09-29","LSTUDY=2; EFBAGE=4; EFAGE09 / all-age EFAGE09."
"160755","Tulane University of Louisiana","age_20_21_pct","41.92150550947134","percent","available","derived_ratio","2023","41.92150550947134","0","68.6","EF2023B","https://nces.ed.gov/ipeds/datacenter/data/ef2023b.zip","NCES / U.S. Department of Education","2026-09-29","LSTUDY=2; EFBAGE=5; EFAGE09 / all-age EFAGE09."
"160755","Tulane University of Louisiana","age_22_24_pct","8.121827411167512","percent","available","derived_ratio","2023","8.121827411167512","0","68.6","EF2023B","https://nces.ed.gov/ipeds/datacenter/data/ef2023b.zip","NCES / U.S. Department of Education","2026-09-29","LSTUDY=2; EFBAGE=6; EFAGE09 / all-age EFAGE09."
"160755","Tulane University of Louisiana","age_25_plus_pct","4.419957905162808","percent","available","derived_ratio","2023","4.419957905162808","0","68.6","EF2023B","https://nces.ed.gov/ipeds/datacenter/data/ef2023b.zip","NCES / U.S. Department of Education","2026-09-29","LSTUDY=2; EFBAGE=7; EFAGE09 / all-age EFAGE09."
"160755","Tulane University of Louisiana","age_unknown_pct","0.0619041723412158","percent","available","derived_ratio","2023","0.0619041723412158","0","68.6","EF2023B","https://nces.ed.gov/ipeds/datacenter/data/ef2023b.zip","NCES / U.S. Department of Education","2026-09-29","LSTUDY=2; EFBAGE=14; EFAGE09 / all-age EFAGE09."
"160755","Tulane University of Louisiana","in_state_freshmen_pct","","percent","unavailable","","","","0","","","","","","In-state first-time degree-seeking entrants / all first-time entrants. NOT all-undergraduate residency. Missing, suppressed, imputed or not reported."
"160755","Tulane University of Louisiana","international_pct","6.326606413272255","percent","available","derived_ratio","2023","6.326606413272255","0","68.6","EF2023A","https://nces.ed.gov/ipeds/datacenter/data/ef2023a.zip","NCES / U.S. Department of Education","2026-09-29","100 * EFNRALT / EFTOTLT. Descriptive only by default."
"160755","Tulane University of Louisiana","hispanic_pct","10.610375139284388","percent","available","derived_ratio","2023","10.610375139284388","0","68.6","EF2023A","https://nces.ed.gov/ipeds/datacenter/data/ef2023a.zip","NCES / U.S. Department of Education","2026-09-29","100 * EFHISPT / EFTOTLT. Descriptive only by default."
"160755","Tulane University of Louisiana","black_pct","7.019933143493872","percent","available","derived_ratio","2023","7.019933143493872","0","68.6","EF2023A","https://nces.ed.gov/ipeds/datacenter/data/ef2023a.zip","NCES / U.S. Department of Education","2026-09-29","100 * EFBKAAT / EFTOTLT. Descriptive only by default."
"160755","Tulane University of Louisiana","asian_pct","5.571375510709422","percent","available","derived_ratio","2023","5.571375510709422","0","68.6","EF2023A","https://nces.ed.gov/ipeds/datacenter/data/ef2023a.zip","NCES / U.S. Department of Education","2026-09-29","100 * EFASIAT / EFTOTLT. Descriptive only by default."
"160755","Tulane University of Louisiana","greek_pct","35","percent","available","reported_approximate","","58.333333333333336","15.000000000000002","60.562499999999986","primary-6","https://greek.tulane.edu/our-community","Tulane University of Louisiana","2026-09-29","Participation denominator is full-time undergraduates, not all undergraduates."
"160755","Tulane University of Louisiana","greek_chapters","25","organizations","available","reported","","31.25","7.500000000000001","71.24999999999999","primary-6","https://greek.tulane.edu/our-community","Tulane University of Louisiana","2026-09-29","Participation denominator is full-time undergraduates, not all undergraduates."
"160755","Tulane University of Louisiana","greek_members","","students","unavailable","","","","2.5000000000000004","","","","","","No comparable verified observation collected."
"160755","Tulane University of Louisiana","verified_creators_per_1000","","creators/1,000","unavailable","","","","10.5","","","","","","No audited student-creator roster and same-scope denominator collected; program presence is a separate proxy."
"160755","Tulane University of Louisiana","creator_program_present","","indicator","unavailable","","","","4.5","","","","","","No comparable verified observation collected."
"160755","Tulane University of Louisiana","relevant_awards_pct","37.88328387734916","percent","available","derived_ratio","2023-24","75.76656775469831","7.000000000000001","58.309999999999995","C2024_A","https://nces.ed.gov/ipeds/datacenter/data/c2024_a.zip","NCES / U.S. Department of Education","2026-09-29","Relevant first-major bachelor awards / CIP=99 total bachelor awards. No second-major double counting."
"160755","Tulane University of Louisiana","relevant_awards","766","awards","available","derived_sum","2023-24","77.98732156285666","2.0000000000000004","58.309999999999995","C2024_A","https://nces.ed.gov/ipeds/datacenter/data/c2024_a.zip","NCES / U.S. Department of Education","2026-09-29","AWLEVEL=5; MAJORNUM=1; unique six-digit CIP records in 52.*,09.*,10.*,50.04*,50.06*,19.09*,31.0504. Awards are not current major enrollment."
"160755","Tulane University of Louisiana","relevant_clubs","","organizations","unavailable","","","","1.0000000000000002","","","","","","No comparable verified observation collected."
"160755","Tulane University of Louisiana","customers_per_1000","","customers/1,000","unavailable","","","","5","","","","","","No first-party client data supplied."
"160755","Tulane University of Louisiana","lodging_proxy_usd","164.66666666666666","USD/night","available","policy_proxy","FY2027","67.66666666666667","2","73.5","gsa","https://www.gsa.gov/system/files/FY2027PerDiemZipCode_Validated090126.xlsx","U.S. General Services Administration","2026-09-29","Equal-month average FY2027 federal lodging allowance at institutional ZIP 70118. Administrative benchmark, not a commercial hotel quote; no taxes or event surge."
"160755","Tulane University of Louisiana","labor_hourly_usd","","USD/hour","unavailable","","","","1","","","","","","Requires a comparable staffing role and dated local rate."
"160755","Tulane University of Louisiana","venue_day_usd","","USD/day","unavailable","","","","1","","","","","","Requires a dated venue rate for comparable event specifications."
"160755","Tulane University of Louisiana","permit_days","","days","unavailable","","","","0.5","","","","","","Requires an event type and verified campus approval lead time."
"160755","Tulane University of Louisiana","travel_quote_usd","","USD/trip","unavailable","","","","0.5","","","","","","Requires origin, dates, mode and party size for a comparable quote."
"160755","Tulane University of Louisiana","meals_proxy_usd","80","USD/day","available","policy_proxy","FY2027","40","0","73.5","gsa","https://www.gsa.gov/system/files/FY2027PerDiemZipCode_Validated090126.xlsx","U.S. General Services Administration","2026-09-29","FY2027 meals/incidental allowance. Not local labor or event budget."
"160755","Tulane University of Louisiana","airport_km","14.95579850325184","km","available","geographic_proxy","","90.02946766449877","3","54.000000000000014","HD2024; airports","https://nces.ed.gov/ipeds/datacenter/data/hd2024.zip; https://davidmegginson.github.io/ourairports-data/airports.csv","NCES / U.S. Department of Education; OurAirports","2026-09-29; 2026-09-29","Haversine great-circle distance to nearest US large/medium airport with scheduled_service=yes. Not drive time, route frequency, or fare."
"160755","Tulane University of Louisiana","metro_presence","1","indicator","available","geographic_proxy","2024","100","1","70.56","HD2024","https://nces.ed.gov/ipeds/datacenter/data/hd2024.zip","NCES / U.S. Department of Education","2026-09-29","IPEDS metropolitan CBSA membership; not metro population or downtown distance."
"160755","Tulane University of Louisiana","nearby_campuses","0","campuses","available","geographic_proxy","2024","0","1","70.56","HD2024","https://nces.ed.gov/ipeds/datacenter/data/hd2024.zip","NCES / U.S. Department of Education","2026-09-29","Count within 200 km great-circle of fixed geography-reference.json; not road routing or shared-customer overlap."
"160755","Tulane University of Louisiana","cac_usd","","USD/customer","unavailable","","","","1.75","","","","","","No first-party client data supplied."
"160755","Tulane University of Louisiana","conversion_pct","","percent","unavailable","","","","1.25","","","","","","No first-party client data supplied."
"160755","Tulane University of Louisiana","roi_pct","","percent","unavailable","","","","1.25","","","","","","No first-party client data supplied."
"160755","Tulane University of Louisiana","engagement_pct","","percent","unavailable","","","","0.75","","","","","","No first-party client data supplied."
"160755","Tulane University of Louisiana","samples","","samples","unavailable","","","","0","","","","","","No first-party client data supplied."
"160755","Tulane University of Louisiana","leads","","leads","unavailable","","","","0","","","","","","No first-party client data supplied."
"160755","Tulane University of Louisiana","revenue_usd","","USD","unavailable","","","","0","","","","","","No first-party client data supplied."
"160755","Tulane University of Louisiana","ambassador_conversions","","customers","unavailable","","","","0","","","","","","No first-party client data supplied."
"160755","Tulane University of Louisiana","event_attendance","","people","unavailable","","","","0","","","","","","No first-party client data supplied."
"240444","University of Wisconsin-Madison","undergraduates","36797","students","available","reported","2023","86.6835116177911","6","68.6","EF2023A","https://nces.ed.gov/ipeds/datacenter/data/ef2023a.zip","NCES / U.S. Department of Education","2026-09-29","EFALEVEL=2; EFTOTLT. Full-time plus part-time undergraduates."
"240444","University of Wisconsin-Madison","non_distance_undergraduates","36212","students","available","derived_difference","2023","85.9874861704982","10","68.6","EF2023A_DIST","https://nces.ed.gov/ipeds/datacenter/data/ef2023a_dist.zip","NCES / U.S. Department of Education","2026-09-29","EFDELEV=2; EFDETOT minus EFDEEXC. At least some non-distance courses; not residence-hall occupancy."
"240444","University of Wisconsin-Madison","on_campus_residents","9000","students","available","reported_approximate","","81.13191582177711","4","60.562499999999986","review-2ce9eda415b1","https://www.housing.wisc.edu/future-residents/","University of Wisconsin-Madison","2026-09-29","University Housing overview describes residence halls as home to about 9,000 undergraduate residents, separate from graduate/family apartments. Undated planning overview; source-reported approximation, not calculated from beds or a percentage."
"240444","University of Wisconsin-Madison","age_18_24_pct","95.60018479767372","percent","available","derived_ratio","2023","95.60018479767372","10","68.6","EF2023B","https://nces.ed.gov/ipeds/datacenter/data/ef2023b.zip","NCES / U.S. Department of Education","2026-09-29","Sum EFBAGE 4,5,6 / EFBAGE 1; LSTUDY=2. Unknown ages remain in denominator."
"240444","University of Wisconsin-Madison","women_pct","52.9744272630921","percent","available","derived_ratio","2023","94.0511454738158","0","68.6","EF2023A","https://nces.ed.gov/ipeds/datacenter/data/ef2023a.zip","NCES / U.S. Department of Education","2026-09-29","100 * EFTOTLW / EFTOTLT. IPEDS reported sex classification; not gender identity."
"240444","University of Wisconsin-Madison","out_of_state_freshmen_pct","44.010547463586136","percent","available","derived_ratio","2023","88.02109492717227","0","68.6","EF2023C","https://nces.ed.gov/ipeds/datacenter/data/ef2023c.zip","NCES / U.S. Department of Education","2026-09-29","(US-resident first-time entrants minus in-state entrants) / all entrants; international and unknown are not silently counted as out-of-state."
"240444","University of Wisconsin-Madison","age_18_19_pct","42.014294643585075","percent","available","derived_ratio","2023","42.014294643585075","0","68.6","EF2023B","https://nces.ed.gov/ipeds/datacenter/data/ef2023b.zip","NCES / U.S. Department of Education","2026-09-29","LSTUDY=2; EFBAGE=4; EFAGE09 / all-age EFAGE09."
"240444","University of Wisconsin-Madison","age_20_21_pct","43.60681577302498","percent","available","derived_ratio","2023","43.60681577302498","0","68.6","EF2023B","https://nces.ed.gov/ipeds/datacenter/data/ef2023b.zip","NCES / U.S. Department of Education","2026-09-29","LSTUDY=2; EFBAGE=5; EFAGE09 / all-age EFAGE09."
"240444","University of Wisconsin-Madison","age_22_24_pct","9.979074381063674","percent","available","derived_ratio","2023","9.979074381063674","0","68.6","EF2023B","https://nces.ed.gov/ipeds/datacenter/data/ef2023b.zip","NCES / U.S. Department of Education","2026-09-29","LSTUDY=2; EFBAGE=6; EFAGE09 / all-age EFAGE09."
"240444","University of Wisconsin-Madison","age_25_plus_pct","3.4214745767317987","percent","available","derived_ratio","2023","3.4214745767317987","0","68.6","EF2023B","https://nces.ed.gov/ipeds/datacenter/data/ef2023b.zip","NCES / U.S. Department of Education","2026-09-29","LSTUDY=2; EFBAGE=7; EFAGE09 / all-age EFAGE09."
"240444","University of Wisconsin-Madison","age_unknown_pct","","percent","unavailable","","","","0","","","","","","LSTUDY=2; EFBAGE=14; EFAGE09 / all-age EFAGE09. Missing, suppressed, imputed or not reported."
"240444","University of Wisconsin-Madison","in_state_freshmen_pct","47.50125565042692","percent","available","derived_ratio","2023","47.50125565042692","0","68.6","EF2023C","https://nces.ed.gov/ipeds/datacenter/data/ef2023c.zip","NCES / U.S. Department of Education","2026-09-29","In-state first-time degree-seeking entrants / all first-time entrants. NOT all-undergraduate residency."
"240444","University of Wisconsin-Madison","international_pct","10.609560562002336","percent","available","derived_ratio","2023","10.609560562002336","0","68.6","EF2023A","https://nces.ed.gov/ipeds/datacenter/data/ef2023a.zip","NCES / U.S. Department of Education","2026-09-29","100 * EFNRALT / EFTOTLT. Descriptive only by default."
"240444","University of Wisconsin-Madison","hispanic_pct","8.226214093540234","percent","available","derived_ratio","2023","8.226214093540234","0","68.6","EF2023A","https://nces.ed.gov/ipeds/datacenter/data/ef2023a.zip","NCES / U.S. Department of Education","2026-09-29","100 * EFHISPT / EFTOTLT. Descriptive only by default."
"240444","University of Wisconsin-Madison","black_pct","2.6632605918960786","percent","available","derived_ratio","2023","2.6632605918960786","0","68.6","EF2023A","https://nces.ed.gov/ipeds/datacenter/data/ef2023a.zip","NCES / U.S. Department of Education","2026-09-29","100 * EFBKAAT / EFTOTLT. Descriptive only by default."
"240444","University of Wisconsin-Madison","asian_pct","10.35954017990597","percent","available","derived_ratio","2023","10.35954017990597","0","68.6","EF2023A","https://nces.ed.gov/ipeds/datacenter/data/ef2023a.zip","NCES / U.S. Department of Education","2026-09-29","100 * EFASIAT / EFTOTLT. Descriptive only by default."
"240444","University of Wisconsin-Madison","greek_pct","15","percent","available","reported_approximate","","25","15.000000000000002","60.562499999999986","review-c3d591e293a1","https://parent.wisc.edu/parents-and-family-resources/student-involvement-and-community/","University of Wisconsin-Madison","2026-09-29","University Parent and Family Program reports approximately 15% of undergraduates affiliated. Undated; its nearly-70/6,000+ ecosystem counts differ from FSL office 60+/5,000+ figures retained for those separate metrics."
"240444","University of Wisconsin-Madison","greek_chapters","60","organizations","available","lower_bound","","75","7.500000000000001","60.562499999999986","primary-5","https://fsl.wisc.edu/","University of Wisconsin-Madison","2026-09-29","Office states 60+ organizations and over 5,000 members."
"240444","University of Wisconsin-Madison","greek_members","5000","students","available","lower_bound","","90.6805511795592","2.5000000000000004","60.562499999999986","primary-5","https://fsl.wisc.edu/","University of Wisconsin-Madison","2026-09-29","Office states 60+ organizations and over 5,000 members."
"240444","University of Wisconsin-Madison","verified_creators_per_1000","","creators/1,000","unavailable","","","","10.5","","","","","","No audited student-creator roster and same-scope denominator collected; program presence is a separate proxy."
"240444","University of Wisconsin-Madison","creator_program_present","","indicator","unavailable","","","","4.5","","","","","","No comparable verified observation collected."
"240444","University of Wisconsin-Madison","relevant_awards_pct","22.058289998790663","percent","available","derived_ratio","2023-24","44.11657999758133","7.000000000000001","58.309999999999995","C2024_A","https://nces.ed.gov/ipeds/datacenter/data/c2024_a.zip","NCES / U.S. Department of Education","2026-09-29","Relevant first-major bachelor awards / CIP=99 total bachelor awards. No second-major double counting."
"240444","University of Wisconsin-Madison","relevant_awards","1824","awards","available","derived_sum","2023-24","88.16471325070484","2.0000000000000004","58.309999999999995","C2024_A","https://nces.ed.gov/ipeds/datacenter/data/c2024_a.zip","NCES / U.S. Department of Education","2026-09-29","AWLEVEL=5; MAJORNUM=1; unique six-digit CIP records in 52.*,09.*,10.*,50.04*,50.06*,19.09*,31.0504. Awards are not current major enrollment."
"240444","University of Wisconsin-Madison","relevant_clubs","","organizations","unavailable","","","","1.0000000000000002","","","","","","No comparable verified observation collected."
"240444","University of Wisconsin-Madison","customers_per_1000","","customers/1,000","unavailable","","","","5","","","","","","No first-party client data supplied."
"240444","University of Wisconsin-Madison","lodging_proxy_usd","127.58333333333333","USD/night","available","policy_proxy","FY2027","86.20833333333334","2","73.5","gsa","https://www.gsa.gov/system/files/FY2027PerDiemZipCode_Validated090126.xlsx","U.S. General Services Administration","2026-09-29","Equal-month average FY2027 federal lodging allowance at institutional ZIP 53706. Administrative benchmark, not a commercial hotel quote; no taxes or event surge."
"240444","University of Wisconsin-Madison","labor_hourly_usd","","USD/hour","unavailable","","","","1","","","","","","Requires a comparable staffing role and dated local rate."
"240444","University of Wisconsin-Madison","venue_day_usd","","USD/day","unavailable","","","","1","","","","","","Requires a dated venue rate for comparable event specifications."
"240444","University of Wisconsin-Madison","permit_days","","days","unavailable","","","","0.5","","","","","","Requires an event type and verified campus approval lead time."
"240444","University of Wisconsin-Madison","travel_quote_usd","","USD/trip","unavailable","","","","0.5","","","","","","Requires origin, dates, mode and party size for a comparable quote."
"240444","University of Wisconsin-Madison","meals_proxy_usd","80","USD/day","available","policy_proxy","FY2027","40","0","73.5","gsa","https://www.gsa.gov/system/files/FY2027PerDiemZipCode_Validated090126.xlsx","U.S. General Services Administration","2026-09-29","FY2027 meals/incidental allowance. Not local labor or event budget."
"240444","University of Wisconsin-Madison","airport_km","8.980662741799687","km","available","geographic_proxy","","94.01289150546688","3","54.000000000000014","HD2024; airports","https://nces.ed.gov/ipeds/datacenter/data/hd2024.zip; https://davidmegginson.github.io/ourairports-data/airports.csv","NCES / U.S. Department of Education; OurAirports","2026-09-29; 2026-09-29","Haversine great-circle distance to nearest US large/medium airport with scheduled_service=yes. Not drive time, route frequency, or fare."
"240444","University of Wisconsin-Madison","metro_presence","1","indicator","available","geographic_proxy","2024","100","1","70.56","HD2024","https://nces.ed.gov/ipeds/datacenter/data/hd2024.zip","NCES / U.S. Department of Education","2026-09-29","IPEDS metropolitan CBSA membership; not metro population or downtown distance."
"240444","University of Wisconsin-Madison","nearby_campuses","0","campuses","available","geographic_proxy","2024","0","1","70.56","HD2024","https://nces.ed.gov/ipeds/datacenter/data/hd2024.zip","NCES / U.S. Department of Education","2026-09-29","Count within 200 km great-circle of fixed geography-reference.json; not road routing or shared-customer overlap."
"240444","University of Wisconsin-Madison","cac_usd","","USD/customer","unavailable","","","","1.75","","","","","","No first-party client data supplied."
"240444","University of Wisconsin-Madison","conversion_pct","","percent","unavailable","","","","1.25","","","","","","No first-party client data supplied."
"240444","University of Wisconsin-Madison","roi_pct","","percent","unavailable","","","","1.25","","","","","","No first-party client data supplied."
"240444","University of Wisconsin-Madison","engagement_pct","","percent","unavailable","","","","0.75","","","","","","No first-party client data supplied."
"240444","University of Wisconsin-Madison","samples","","samples","unavailable","","","","0","","","","","","No first-party client data supplied."
"240444","University of Wisconsin-Madison","leads","","leads","unavailable","","","","0","","","","","","No first-party client data supplied."
"240444","University of Wisconsin-Madison","revenue_usd","","USD","unavailable","","","","0","","","","","","No first-party client data supplied."
"240444","University of Wisconsin-Madison","ambassador_conversions","","customers","unavailable","","","","0","","","","","","No first-party client data supplied."
"240444","University of Wisconsin-Madison","event_attendance","","people","unavailable","","","","0","","","","","","No first-party client data supplied."
"202480","University of Dayton","undergraduates","8176","students","available","reported","2023","21.35538355137523","6","68.6","EF2023A","https://nces.ed.gov/ipeds/datacenter/data/ef2023a.zip","NCES / U.S. Department of Education","2026-09-29","EFALEVEL=2; EFTOTLT. Full-time plus part-time undergraduates."
"202480","University of Dayton","non_distance_undergraduates","8170","students","available","derived_difference","2023","21.323502334069364","10","68.6","EF2023A_DIST","https://nces.ed.gov/ipeds/datacenter/data/ef2023a_dist.zip","NCES / U.S. Department of Education","2026-09-29","EFDELEV=2; EFDETOT minus EFDEEXC. At least some non-distance courses; not residence-hall occupancy."
"202480","University of Dayton","on_campus_residents","","students","unavailable","","","","4","","","","","","No verified undergraduate resident count collected; bed capacity and projected move-ins are not occupancy."
"202480","University of Dayton","age_18_24_pct","97.6394324853229","percent","available","derived_ratio","2023","97.6394324853229","10","68.6","EF2023B","https://nces.ed.gov/ipeds/datacenter/data/ef2023b.zip","NCES / U.S. Department of Education","2026-09-29","Sum EFBAGE 4,5,6 / EFBAGE 1; LSTUDY=2. Unknown ages remain in denominator."
"202480","University of Dayton","women_pct","47.68835616438356","percent","available","derived_ratio","2023","95.37671232876713","0","68.6","EF2023A","https://nces.ed.gov/ipeds/datacenter/data/ef2023a.zip","NCES / U.S. Department of Education","2026-09-29","100 * EFTOTLW / EFTOTLT. IPEDS reported sex classification; not gender identity."
"202480","University of Dayton","out_of_state_freshmen_pct","","percent","unavailable","","","","0","","","","","","(US-resident first-time entrants minus in-state entrants) / all entrants; international and unknown are not silently counted as out-of-state. Missing, suppressed, imputed or not reported."
"202480","University of Dayton","age_18_19_pct","42.086594911937375","percent","available","derived_ratio","2023","42.086594911937375","0","68.6","EF2023B","https://nces.ed.gov/ipeds/datacenter/data/ef2023b.zip","NCES / U.S. Department of Education","2026-09-29","LSTUDY=2; EFBAGE=4; EFAGE09 / all-age EFAGE09."
"202480","University of Dayton","age_20_21_pct","45.266634050880626","percent","available","derived_ratio","2023","45.26663405088063","0","68.6","EF2023B","https://nces.ed.gov/ipeds/datacenter/data/ef2023b.zip","NCES / U.S. Department of Education","2026-09-29","LSTUDY=2; EFBAGE=5; EFAGE09 / all-age EFAGE09."
"202480","University of Dayton","age_22_24_pct","10.286203522504893","percent","available","derived_ratio","2023","10.286203522504893","0","68.6","EF2023B","https://nces.ed.gov/ipeds/datacenter/data/ef2023b.zip","NCES / U.S. Department of Education","2026-09-29","LSTUDY=2; EFBAGE=6; EFAGE09 / all-age EFAGE09."
"202480","University of Dayton","age_25_plus_pct","1.5288649706457926","percent","available","derived_ratio","2023","1.5288649706457926","0","68.6","EF2023B","https://nces.ed.gov/ipeds/datacenter/data/ef2023b.zip","NCES / U.S. Department of Education","2026-09-29","LSTUDY=2; EFBAGE=7; EFAGE09 / all-age EFAGE09."
"202480","University of Dayton","age_unknown_pct","","percent","unavailable","","","","0","","","","","","LSTUDY=2; EFBAGE=14; EFAGE09 / all-age EFAGE09. Missing, suppressed, imputed or not reported."
"202480","University of Dayton","in_state_freshmen_pct","","percent","unavailable","","","","0","","","","","","In-state first-time degree-seeking entrants / all first-time entrants. NOT all-undergraduate residency. Missing, suppressed, imputed or not reported."
"202480","University of Dayton","international_pct","2.8131115459882583","percent","available","derived_ratio","2023","2.8131115459882583","0","68.6","EF2023A","https://nces.ed.gov/ipeds/datacenter/data/ef2023a.zip","NCES / U.S. Department of Education","2026-09-29","100 * EFNRALT / EFTOTLT. Descriptive only by default."
"202480","University of Dayton","hispanic_pct","6.568003913894325","percent","available","derived_ratio","2023","6.568003913894325","0","68.6","EF2023A","https://nces.ed.gov/ipeds/datacenter/data/ef2023a.zip","NCES / U.S. Department of Education","2026-09-29","100 * EFHISPT / EFTOTLT. Descriptive only by default."
"202480","University of Dayton","black_pct","5.222602739726027","percent","available","derived_ratio","2023","5.222602739726027","0","68.6","EF2023A","https://nces.ed.gov/ipeds/datacenter/data/ef2023a.zip","NCES / U.S. Department of Education","2026-09-29","100 * EFBKAAT / EFTOTLT. Descriptive only by default."
"202480","University of Dayton","asian_pct","1.724559686888454","percent","available","derived_ratio","2023","1.724559686888454","0","68.6","EF2023A","https://nces.ed.gov/ipeds/datacenter/data/ef2023a.zip","NCES / U.S. Department of Education","2026-09-29","100 * EFASIAT / EFTOTLT. Descriptive only by default."
"202480","University of Dayton","greek_pct","","percent","unavailable","","","","15.000000000000002","","","","","","No comparable verified observation collected."
"202480","University of Dayton","greek_chapters","22","organizations","available","reported","","27.5","7.500000000000001","71.24999999999999","review-0ea048cba0b7","https://udayton.edu/life/involvement/greek/index.php","University of Dayton","2026-09-29","FSL office overview gives 22 chapters (8 CPC, 6 IFC, 2 MGC, 6 NPHC) and more than 1,400 students. Conflict: Sept 8, 2026 university job 503820 gives 25 chapters and over 1,200 members; specialist community page used pending reconciliation."
"202480","University of Dayton","greek_members","1400","students","available","lower_bound","","77.13337631167293","2.5000000000000004","60.562499999999986","review-0ea048cba0b7","https://udayton.edu/life/involvement/greek/index.php","University of Dayton","2026-09-29","FSL office overview gives 22 chapters (8 CPC, 6 IFC, 2 MGC, 6 NPHC) and more than 1,400 students. Conflict: Sept 8, 2026 university job 503820 gives 25 chapters and over 1,200 members; specialist community page used pending reconciliation."
"202480","University of Dayton","verified_creators_per_1000","","creators/1,000","unavailable","","","","10.5","","","","","","No audited student-creator roster and same-scope denominator collected; program presence is a separate proxy."
"202480","University of Dayton","creator_program_present","","indicator","unavailable","","","","4.5","","","","","","No comparable verified observation collected."
"202480","University of Dayton","relevant_awards_pct","36.995401124169646","percent","available","derived_ratio","2023-24","73.99080224833929","7.000000000000001","58.309999999999995","C2024_A","https://nces.ed.gov/ipeds/datacenter/data/c2024_a.zip","NCES / U.S. Department of Education","2026-09-29","Relevant first-major bachelor awards / CIP=99 total bachelor awards. No second-major double counting."
"202480","University of Dayton","relevant_awards","724","awards","available","derived_sum","2023-24","77.32614336690871","2.0000000000000004","58.309999999999995","C2024_A","https://nces.ed.gov/ipeds/datacenter/data/c2024_a.zip","NCES / U.S. Department of Education","2026-09-29","AWLEVEL=5; MAJORNUM=1; unique six-digit CIP records in 52.*,09.*,10.*,50.04*,50.06*,19.09*,31.0504. Awards are not current major enrollment."
"202480","University of Dayton","relevant_clubs","","organizations","unavailable","","","","1.0000000000000002","","","","","","No comparable verified observation collected."
"202480","University of Dayton","customers_per_1000","","customers/1,000","unavailable","","","","5","","","","","","No first-party client data supplied."
"202480","University of Dayton","lodging_proxy_usd","120","USD/night","available","policy_proxy","FY2027","90","2","73.5","gsa","https://www.gsa.gov/system/files/FY2027PerDiemZipCode_Validated090126.xlsx","U.S. General Services Administration","2026-09-29","Equal-month average FY2027 federal lodging allowance at institutional ZIP 45469. Administrative benchmark, not a commercial hotel quote; no taxes or event surge."
"202480","University of Dayton","labor_hourly_usd","","USD/hour","unavailable","","","","1","","","","","","Requires a comparable staffing role and dated local rate."
"202480","University of Dayton","venue_day_usd","","USD/day","unavailable","","","","1","","","","","","Requires a dated venue rate for comparable event specifications."
"202480","University of Dayton","permit_days","","days","unavailable","","","","0.5","","","","","","Requires an event type and verified campus approval lead time."
"202480","University of Dayton","travel_quote_usd","","USD/trip","unavailable","","","","0.5","","","","","","Requires origin, dates, mode and party size for a comparable quote."
"202480","University of Dayton","meals_proxy_usd","74","USD/day","available","policy_proxy","FY2027","52","0","73.5","gsa","https://www.gsa.gov/system/files/FY2027PerDiemZipCode_Validated090126.xlsx","U.S. General Services Administration","2026-09-29","FY2027 meals/incidental allowance. Not local labor or event budget."
"202480","University of Dayton","airport_km","18.48203179570233","km","available","geographic_proxy","","87.67864546953177","3","54.000000000000014","HD2024; airports","https://nces.ed.gov/ipeds/datacenter/data/hd2024.zip; https://davidmegginson.github.io/ourairports-data/airports.csv","NCES / U.S. Department of Education; OurAirports","2026-09-29; 2026-09-29","Haversine great-circle distance to nearest US large/medium airport with scheduled_service=yes. Not drive time, route frequency, or fare."
"202480","University of Dayton","metro_presence","1","indicator","available","geographic_proxy","2024","100","1","70.56","HD2024","https://nces.ed.gov/ipeds/datacenter/data/hd2024.zip","NCES / U.S. Department of Education","2026-09-29","IPEDS metropolitan CBSA membership; not metro population or downtown distance."
"202480","University of Dayton","nearby_campuses","3","campuses","available","geographic_proxy","2024","60","1","70.56","HD2024","https://nces.ed.gov/ipeds/datacenter/data/hd2024.zip","NCES / U.S. Department of Education","2026-09-29","Count within 200 km great-circle of fixed geography-reference.json; not road routing or shared-customer overlap."
"202480","University of Dayton","cac_usd","","USD/customer","unavailable","","","","1.75","","","","","","No first-party client data supplied."
"202480","University of Dayton","conversion_pct","","percent","unavailable","","","","1.25","","","","","","No first-party client data supplied."
"202480","University of Dayton","roi_pct","","percent","unavailable","","","","1.25","","","","","","No first-party client data supplied."
"202480","University of Dayton","engagement_pct","","percent","unavailable","","","","0.75","","","","","","No first-party client data supplied."
"202480","University of Dayton","samples","","samples","unavailable","","","","0","","","","","","No first-party client data supplied."
"202480","University of Dayton","leads","","leads","unavailable","","","","0","","","","","","No first-party client data supplied."
"202480","University of Dayton","revenue_usd","","USD","unavailable","","","","0","","","","","","No first-party client data supplied."
"202480","University of Dayton","ambassador_conversions","","customers","unavailable","","","","0","","","","","","No first-party client data supplied."
"202480","University of Dayton","event_attendance","","people","unavailable","","","","0","","","","","","No first-party client data supplied."
"123961","University of Southern California","undergraduates","21023","students","available","reported","2023","62.37072450401342","6","68.6","EF2023A","https://nces.ed.gov/ipeds/datacenter/data/ef2023a.zip","NCES / U.S. Department of Education","2026-09-29","EFALEVEL=2; EFTOTLT. Full-time plus part-time undergraduates."
"123961","University of Southern California","non_distance_undergraduates","20993","students","available","derived_difference","2023","62.30870415491585","10","68.6","EF2023A_DIST","https://nces.ed.gov/ipeds/datacenter/data/ef2023a_dist.zip","NCES / U.S. Department of Education","2026-09-29","EFDELEV=2; EFDETOT minus EFDEEXC. At least some non-distance courses; not residence-hall occupancy."
"123961","University of Southern California","on_campus_residents","","students","unavailable","","","","4","","","","","","No verified undergraduate resident count collected; bed capacity and projected move-ins are not occupancy."
"123961","University of Southern California","age_18_24_pct","","percent","unavailable","","","","10","","","","","","Sum EFBAGE 4,5,6 / EFBAGE 1; LSTUDY=2. Unknown ages remain in denominator. Missing, suppressed, imputed or not reported."
"123961","University of Southern California","women_pct","51.72905865004994","percent","available","derived_ratio","2023","96.54188269990011","0","68.6","EF2023A","https://nces.ed.gov/ipeds/datacenter/data/ef2023a.zip","NCES / U.S. Department of Education","2026-09-29","100 * EFTOTLW / EFTOTLT. IPEDS reported sex classification; not gender identity."
"123961","University of Southern California","out_of_state_freshmen_pct","37.93008532892926","percent","available","derived_ratio","2023","75.86017065785852","0","68.6","EF2023C","https://nces.ed.gov/ipeds/datacenter/data/ef2023c.zip","NCES / U.S. Department of Education","2026-09-29","(US-resident first-time entrants minus in-state entrants) / all entrants; international and unknown are not silently counted as out-of-state."
"123961","University of Southern California","age_18_19_pct","","percent","unavailable","","","","0","","","","","","LSTUDY=2; EFBAGE=4; EFAGE09 / all-age EFAGE09. Missing, suppressed, imputed or not reported."
"123961","University of Southern California","age_20_21_pct","39.399705084907005","percent","available","derived_ratio","2023","39.399705084907005","0","68.6","EF2023B","https://nces.ed.gov/ipeds/datacenter/data/ef2023b.zip","NCES / U.S. Department of Education","2026-09-29","LSTUDY=2; EFBAGE=5; EFAGE09 / all-age EFAGE09."
"123961","University of Southern California","age_22_24_pct","","percent","unavailable","","","","0","","","","","","LSTUDY=2; EFBAGE=6; EFAGE09 / all-age EFAGE09. Missing, suppressed, imputed or not reported."
"123961","University of Southern California","age_25_plus_pct","60.600294915092995","percent","available","derived_ratio","2023","60.60029491509299","0","68.6","EF2023B","https://nces.ed.gov/ipeds/datacenter/data/ef2023b.zip","NCES / U.S. Department of Education","2026-09-29","LSTUDY=2; EFBAGE=7; EFAGE09 / all-age EFAGE09."
"123961","University of Southern California","age_unknown_pct","","percent","unavailable","","","","0","","","","","","LSTUDY=2; EFBAGE=14; EFAGE09 / all-age EFAGE09. Missing, suppressed, imputed or not reported."
"123961","University of Southern California","in_state_freshmen_pct","42.857142857142854","percent","available","derived_ratio","2023","42.857142857142854","0","68.6","EF2023C","https://nces.ed.gov/ipeds/datacenter/data/ef2023c.zip","NCES / U.S. Department of Education","2026-09-29","In-state first-time degree-seeking entrants / all first-time entrants. NOT all-undergraduate residency."
"123961","University of Southern California","international_pct","14.160681158730913","percent","available","derived_ratio","2023","14.160681158730913","0","68.6","EF2023A","https://nces.ed.gov/ipeds/datacenter/data/ef2023a.zip","NCES / U.S. Department of Education","2026-09-29","100 * EFNRALT / EFTOTLT. Descriptive only by default."
"123961","University of Southern California","hispanic_pct","18.118251438900252","percent","available","derived_ratio","2023","18.118251438900252","0","68.6","EF2023A","https://nces.ed.gov/ipeds/datacenter/data/ef2023a.zip","NCES / U.S. Department of Education","2026-09-29","100 * EFHISPT / EFTOTLT. Descriptive only by default."
"123961","University of Southern California","black_pct","6.978071635827427","percent","available","derived_ratio","2023","6.978071635827428","0","68.6","EF2023A","https://nces.ed.gov/ipeds/datacenter/data/ef2023a.zip","NCES / U.S. Department of Education","2026-09-29","100 * EFBKAAT / EFTOTLT. Descriptive only by default."
"123961","University of Southern California","asian_pct","24.530276363982306","percent","available","derived_ratio","2023","24.530276363982306","0","68.6","EF2023A","https://nces.ed.gov/ipeds/datacenter/data/ef2023a.zip","NCES / U.S. Department of Education","2026-09-29","100 * EFASIAT / EFTOTLT. Descriptive only by default."
"123961","University of Southern California","greek_pct","","percent","unavailable","","","","15.000000000000002","","","","","","No comparable verified observation collected."
"123961","University of Southern California","greek_chapters","34","organizations","available","reported","","42.5","7.500000000000001","71.24999999999999","primary-47","https://fsl.usc.edu/","University of Southern California","2026-09-29","34 recognized chapters and 2,200+ members. Unaffiliated fraternities are outside this university-recognized scope."
"123961","University of Southern California","greek_members","2200","students","available","lower_bound","","81.94267883985917","2.5000000000000004","60.562499999999986","primary-47","https://fsl.usc.edu/","University of Southern California","2026-09-29","34 recognized chapters and 2,200+ members. Unaffiliated fraternities are outside this university-recognized scope."
"123961","University of Southern California","verified_creators_per_1000","","creators/1,000","unavailable","","","","10.5","","","","","","No audited student-creator roster and same-scope denominator collected; program presence is a separate proxy."
"123961","University of Southern California","creator_program_present","1","indicator","available","documented_program","2026","100","4.5","56.99999999999999","review-46225f32a56e","https://annenberg.usc.edu/events/content-creator-academy","University of Southern California","2026-09-29","USC Annenberg's July 27-31, 2026 student Content Creator Academy focuses on vertical-video community storytelling. Historical training-program presence; no assumption about attendance or current campaign availability."
"123961","University of Southern California","relevant_awards_pct","34.6875","percent","available","derived_ratio","2023-24","69.375","7.000000000000001","58.309999999999995","C2024_A","https://nces.ed.gov/ipeds/datacenter/data/c2024_a.zip","NCES / U.S. Department of Education","2026-09-29","Relevant first-major bachelor awards / CIP=99 total bachelor awards. No second-major double counting."
"123961","University of Southern California","relevant_awards","1998","awards","available","derived_sum","2023-24","89.23390269225128","2.0000000000000004","58.309999999999995","C2024_A","https://nces.ed.gov/ipeds/datacenter/data/c2024_a.zip","NCES / U.S. Department of Education","2026-09-29","AWLEVEL=5; MAJORNUM=1; unique six-digit CIP records in 52.*,09.*,10.*,50.04*,50.06*,19.09*,31.0504. Awards are not current major enrollment."
"123961","University of Southern California","relevant_clubs","","organizations","unavailable","","","","1.0000000000000002","","","","","","No comparable verified observation collected."
"123961","University of Southern California","customers_per_1000","","customers/1,000","unavailable","","","","5","","","","","","No first-party client data supplied."
"123961","University of Southern California","lodging_proxy_usd","199","USD/night","available","policy_proxy","FY2027","50.5","2","73.5","gsa","https://www.gsa.gov/system/files/FY2027PerDiemZipCode_Validated090126.xlsx","U.S. General Services Administration","2026-09-29","Equal-month average FY2027 federal lodging allowance at institutional ZIP 90089. Administrative benchmark, not a commercial hotel quote; no taxes or event surge."
"123961","University of Southern California","labor_hourly_usd","","USD/hour","unavailable","","","","1","","","","","","Requires a comparable staffing role and dated local rate."
"123961","University of Southern California","venue_day_usd","","USD/day","unavailable","","","","1","","","","","","Requires a dated venue rate for comparable event specifications."
"123961","University of Southern California","permit_days","","days","unavailable","","","","0.5","","","","","","Requires an event type and verified campus approval lead time."
"123961","University of Southern California","travel_quote_usd","","USD/trip","unavailable","","","","0.5","","","","","","Requires origin, dates, mode and party size for a comparable quote."
"123961","University of Southern California","meals_proxy_usd","86","USD/day","available","policy_proxy","FY2027","28","0","73.5","gsa","https://www.gsa.gov/system/files/FY2027PerDiemZipCode_Validated090126.xlsx","U.S. General Services Administration","2026-09-29","FY2027 meals/incidental allowance. Not local labor or event budget."
"123961","University of Southern California","airport_km","11.91181516414861","km","available","geographic_proxy","","92.0587898905676","3","54.000000000000014","HD2024; airports","https://nces.ed.gov/ipeds/datacenter/data/hd2024.zip; https://davidmegginson.github.io/ourairports-data/airports.csv","NCES / U.S. Department of Education; OurAirports","2026-09-29; 2026-09-29","Haversine great-circle distance to nearest US large/medium airport with scheduled_service=yes. Not drive time, route frequency, or fare."
"123961","University of Southern California","metro_presence","1","indicator","available","geographic_proxy","2024","100","1","70.56","HD2024","https://nces.ed.gov/ipeds/datacenter/data/hd2024.zip","NCES / U.S. Department of Education","2026-09-29","IPEDS metropolitan CBSA membership; not metro population or downtown distance."
"123961","University of Southern California","nearby_campuses","2","campuses","available","geographic_proxy","2024","40","1","70.56","HD2024","https://nces.ed.gov/ipeds/datacenter/data/hd2024.zip","NCES / U.S. Department of Education","2026-09-29","Count within 200 km great-circle of fixed geography-reference.json; not road routing or shared-customer overlap."
"123961","University of Southern California","cac_usd","","USD/customer","unavailable","","","","1.75","","","","","","No first-party client data supplied."
"123961","University of Southern California","conversion_pct","","percent","unavailable","","","","1.25","","","","","","No first-party client data supplied."
"123961","University of Southern California","roi_pct","","percent","unavailable","","","","1.25","","","","","","No first-party client data supplied."
"123961","University of Southern California","engagement_pct","","percent","unavailable","","","","0.75","","","","","","No first-party client data supplied."
"123961","University of Southern California","samples","","samples","unavailable","","","","0","","","","","","No first-party client data supplied."
"123961","University of Southern California","leads","","leads","unavailable","","","","0","","","","","","No first-party client data supplied."
"123961","University of Southern California","revenue_usd","","USD","unavailable","","","","0","","","","","","No first-party client data supplied."
"123961","University of Southern California","ambassador_conversions","","customers","unavailable","","","","0","","","","","","No first-party client data supplied."
"123961","University of Southern California","event_attendance","","people","unavailable","","","","0","","","","","","No first-party client data supplied."
"139959","University of Georgia","undergraduates","31514","students","available","reported","2023","79.952295115282","6","68.6","EF2023A","https://nces.ed.gov/ipeds/datacenter/data/ef2023a.zip","NCES / U.S. Department of Education","2026-09-29","EFALEVEL=2; EFTOTLT. Full-time plus part-time undergraduates."
"139959","University of Georgia","non_distance_undergraduates","31409","students","available","derived_difference","2023","79.80734627912896","10","68.6","EF2023A_DIST","https://nces.ed.gov/ipeds/datacenter/data/ef2023a_dist.zip","NCES / U.S. Department of Education","2026-09-29","EFDELEV=2; EFDETOT minus EFDEEXC. At least some non-distance courses; not residence-hall occupancy."
"139959","University of Georgia","on_campus_residents","","students","unavailable","","","","4","","","","","","No verified undergraduate resident count collected; bed capacity and projected move-ins are not occupancy."
"139959","University of Georgia","age_18_24_pct","97.49317763533668","percent","available","derived_ratio","2023","97.49317763533669","10","68.6","EF2023B","https://nces.ed.gov/ipeds/datacenter/data/ef2023b.zip","NCES / U.S. Department of Education","2026-09-29","Sum EFBAGE 4,5,6 / EFBAGE 1; LSTUDY=2. Unknown ages remain in denominator."
"139959","University of Georgia","women_pct","57.82826680205623","percent","available","derived_ratio","2023","84.34346639588755","0","68.6","EF2023A","https://nces.ed.gov/ipeds/datacenter/data/ef2023a.zip","NCES / U.S. Department of Education","2026-09-29","100 * EFTOTLW / EFTOTLT. IPEDS reported sex classification; not gender identity."
"139959","University of Georgia","out_of_state_freshmen_pct","17.133094695737064","percent","available","derived_ratio","2023","34.266189391474136","0","68.6","EF2023C","https://nces.ed.gov/ipeds/datacenter/data/ef2023c.zip","NCES / U.S. Department of Education","2026-09-29","(US-resident first-time entrants minus in-state entrants) / all entrants; international and unknown are not silently counted as out-of-state."
"139959","University of Georgia","age_18_19_pct","37.256457447483655","percent","available","derived_ratio","2023","37.256457447483655","0","68.6","EF2023B","https://nces.ed.gov/ipeds/datacenter/data/ef2023b.zip","NCES / U.S. Department of Education","2026-09-29","LSTUDY=2; EFBAGE=4; EFAGE09 / all-age EFAGE09."
"139959","University of Georgia","age_20_21_pct","46.26197880307165","percent","available","derived_ratio","2023","46.26197880307165","0","68.6","EF2023B","https://nces.ed.gov/ipeds/datacenter/data/ef2023b.zip","NCES / U.S. Department of Education","2026-09-29","LSTUDY=2; EFBAGE=5; EFAGE09 / all-age EFAGE09."
"139959","University of Georgia","age_22_24_pct","13.974741384781368","percent","available","derived_ratio","2023","13.97474138478137","0","68.6","EF2023B","https://nces.ed.gov/ipeds/datacenter/data/ef2023b.zip","NCES / U.S. Department of Education","2026-09-29","LSTUDY=2; EFBAGE=6; EFAGE09 / all-age EFAGE09."
"139959","University of Georgia","age_25_plus_pct","1.8214127054642382","percent","available","derived_ratio","2023","1.8214127054642382","0","68.6","EF2023B","https://nces.ed.gov/ipeds/datacenter/data/ef2023b.zip","NCES / U.S. Department of Education","2026-09-29","LSTUDY=2; EFBAGE=7; EFAGE09 / all-age EFAGE09."
"139959","University of Georgia","age_unknown_pct","","percent","unavailable","","","","0","","","","","","LSTUDY=2; EFBAGE=14; EFAGE09 / all-age EFAGE09. Missing, suppressed, imputed or not reported."
"139959","University of Georgia","in_state_freshmen_pct","82.47640741945982","percent","available","derived_ratio","2023","82.4764074194598","0","68.6","EF2023C","https://nces.ed.gov/ipeds/datacenter/data/ef2023c.zip","NCES / U.S. Department of Education","2026-09-29","In-state first-time degree-seeking entrants / all first-time entrants. NOT all-undergraduate residency."
"139959","University of Georgia","international_pct","1.2343720251316874","percent","available","derived_ratio","2023","1.2343720251316874","0","68.6","EF2023A","https://nces.ed.gov/ipeds/datacenter/data/ef2023a.zip","NCES / U.S. Department of Education","2026-09-29","100 * EFNRALT / EFTOTLT. Descriptive only by default."
"139959","University of Georgia","hispanic_pct","7.618836072856508","percent","available","derived_ratio","2023","7.618836072856507","0","68.6","EF2023A","https://nces.ed.gov/ipeds/datacenter/data/ef2023a.zip","NCES / U.S. Department of Education","2026-09-29","100 * EFHISPT / EFTOTLT. Descriptive only by default."
"139959","University of Georgia","black_pct","5.968775782192042","percent","available","derived_ratio","2023","5.968775782192043","0","68.6","EF2023A","https://nces.ed.gov/ipeds/datacenter/data/ef2023a.zip","NCES / U.S. Department of Education","2026-09-29","100 * EFBKAAT / EFTOTLT. Descriptive only by default."
"139959","University of Georgia","asian_pct","12.686425080916418","percent","available","derived_ratio","2023","12.686425080916417","0","68.6","EF2023A","https://nces.ed.gov/ipeds/datacenter/data/ef2023a.zip","NCES / U.S. Department of Education","2026-09-29","100 * EFASIAT / EFTOTLT. Descriptive only by default."
"139959","University of Georgia","greek_pct","","percent","unavailable","","","","15.000000000000002","","","","","","No comparable verified observation collected."
"139959","University of Georgia","greek_chapters","69","organizations","available","reported","","86.25","7.500000000000001","71.24999999999999","primary-3","https://greeklife.uga.edu/our-story/","University of Georgia","2026-09-29","Undated current office overview."
"139959","University of Georgia","greek_members","9867","students","available","reported","Fall 2024","97.91655394036836","2.5000000000000004","76","primary-4","https://greeklife.uga.edu/wp-content/uploads/sites/9/2025/05/Fall-2024-Greek-Life-Grade-Report.pdf","University of Georgia","2026-09-29",""
"139959","University of Georgia","verified_creators_per_1000","","creators/1,000","unavailable","","","","10.5","","","","","","No audited student-creator roster and same-scope denominator collected; program presence is a separate proxy."
"139959","University of Georgia","creator_program_present","1","indicator","available","observed_presence","","100","4.5","42.74999999999999","primary-43","https://brand.uga.edu/social-media/social-media-ambassadors/","University of Georgia","2026-09-29","Digital Dawgs student content program. Presence is not creator count, reach, or density."
"139959","University of Georgia","relevant_awards_pct","38.549710424710426","percent","available","derived_ratio","2023-24","77.09942084942085","7.000000000000001","58.309999999999995","C2024_A","https://nces.ed.gov/ipeds/datacenter/data/c2024_a.zip","NCES / U.S. Department of Education","2026-09-29","Relevant first-major bachelor awards / CIP=99 total bachelor awards. No second-major double counting."
"139959","University of Georgia","relevant_awards","3195","awards","available","derived_sum","2023-24","94.74325235994536","2.0000000000000004","58.309999999999995","C2024_A","https://nces.ed.gov/ipeds/datacenter/data/c2024_a.zip","NCES / U.S. Department of Education","2026-09-29","AWLEVEL=5; MAJORNUM=1; unique six-digit CIP records in 52.*,09.*,10.*,50.04*,50.06*,19.09*,31.0504. Awards are not current major enrollment."
"139959","University of Georgia","relevant_clubs","","organizations","unavailable","","","","1.0000000000000002","","","","","","No comparable verified observation collected."
"139959","University of Georgia","customers_per_1000","","customers/1,000","unavailable","","","","5","","","","","","No first-party client data supplied."
"139959","University of Georgia","lodging_proxy_usd","154","USD/night","available","policy_proxy","FY2027","73","2","73.5","gsa","https://www.gsa.gov/system/files/FY2027PerDiemZipCode_Validated090126.xlsx","U.S. General Services Administration","2026-09-29","Equal-month average FY2027 federal lodging allowance at institutional ZIP 30602. Administrative benchmark, not a commercial hotel quote; no taxes or event surge."
"139959","University of Georgia","labor_hourly_usd","","USD/hour","unavailable","","","","1","","","","","","Requires a comparable staffing role and dated local rate."
"139959","University of Georgia","venue_day_usd","","USD/day","unavailable","","","","1","","","","","","Requires a dated venue rate for comparable event specifications."
"139959","University of Georgia","permit_days","","days","unavailable","","","","0.5","","","","","","Requires an event type and verified campus approval lead time."
"139959","University of Georgia","travel_quote_usd","","USD/trip","unavailable","","","","0.5","","","","","","Requires origin, dates, mode and party size for a comparable quote."
"139959","University of Georgia","meals_proxy_usd","74","USD/day","available","policy_proxy","FY2027","52","0","73.5","gsa","https://www.gsa.gov/system/files/FY2027PerDiemZipCode_Validated090126.xlsx","U.S. General Services Administration","2026-09-29","FY2027 meals/incidental allowance. Not local labor or event budget."
"139959","University of Georgia","airport_km","86.09986571953917","km","available","geographic_proxy","","42.600089520307215","3","54.000000000000014","HD2024; airports","https://nces.ed.gov/ipeds/datacenter/data/hd2024.zip; https://davidmegginson.github.io/ourairports-data/airports.csv","NCES / U.S. Department of Education; OurAirports","2026-09-29; 2026-09-29","Haversine great-circle distance to nearest US large/medium airport with scheduled_service=yes. Not drive time, route frequency, or fare."
"139959","University of Georgia","metro_presence","1","indicator","available","geographic_proxy","2024","100","1","70.56","HD2024","https://nces.ed.gov/ipeds/datacenter/data/hd2024.zip","NCES / U.S. Department of Education","2026-09-29","IPEDS metropolitan CBSA membership; not metro population or downtown distance."
"139959","University of Georgia","nearby_campuses","1","campuses","available","geographic_proxy","2024","20","1","70.56","HD2024","https://nces.ed.gov/ipeds/datacenter/data/hd2024.zip","NCES / U.S. Department of Education","2026-09-29","Count within 200 km great-circle of fixed geography-reference.json; not road routing or shared-customer overlap."
"139959","University of Georgia","cac_usd","","USD/customer","unavailable","","","","1.75","","","","","","No first-party client data supplied."
"139959","University of Georgia","conversion_pct","","percent","unavailable","","","","1.25","","","","","","No first-party client data supplied."
"139959","University of Georgia","roi_pct","","percent","unavailable","","","","1.25","","","","","","No first-party client data supplied."
"139959","University of Georgia","engagement_pct","","percent","unavailable","","","","0.75","","","","","","No first-party client data supplied."
"139959","University of Georgia","samples","","samples","unavailable","","","","0","","","","","","No first-party client data supplied."
"139959","University of Georgia","leads","","leads","unavailable","","","","0","","","","","","No first-party client data supplied."
"139959","University of Georgia","revenue_usd","","USD","unavailable","","","","0","","","","","","No first-party client data supplied."
"139959","University of Georgia","ambassador_conversions","","customers","unavailable","","","","0","","","","","","No first-party client data supplied."
"139959","University of Georgia","event_attendance","","people","unavailable","","","","0","","","","","","No first-party client data supplied."
"238032","West Virginia University","undergraduates","18615","students","available","reported","2023","57.08741377705228","6","68.6","EF2023A","https://nces.ed.gov/ipeds/datacenter/data/ef2023a.zip","NCES / U.S. Department of Education","2026-09-29","EFALEVEL=2; EFTOTLT. Full-time plus part-time undergraduates."
"238032","West Virginia University","non_distance_undergraduates","17763","students","available","derived_difference","2023","55.0526941566924","10","68.6","EF2023A_DIST","https://nces.ed.gov/ipeds/datacenter/data/ef2023a_dist.zip","NCES / U.S. Department of Education","2026-09-29","EFDELEV=2; EFDETOT minus EFDEEXC. At least some non-distance courses; not residence-hall occupancy."
"238032","West Virginia University","on_campus_residents","","students","unavailable","","","","4","","","","","","No verified undergraduate resident count collected; bed capacity and projected move-ins are not occupancy."
"238032","West Virginia University","age_18_24_pct","91.94735428417943","percent","available","derived_ratio","2023","91.94735428417943","10","68.6","EF2023B","https://nces.ed.gov/ipeds/datacenter/data/ef2023b.zip","NCES / U.S. Department of Education","2026-09-29","Sum EFBAGE 4,5,6 / EFBAGE 1; LSTUDY=2. Unknown ages remain in denominator."
"238032","West Virginia University","women_pct","52.07091055600322","percent","available","derived_ratio","2023","95.85817888799356","0","68.6","EF2023A","https://nces.ed.gov/ipeds/datacenter/data/ef2023a.zip","NCES / U.S. Department of Education","2026-09-29","100 * EFTOTLW / EFTOTLT. IPEDS reported sex classification; not gender identity."
"238032","West Virginia University","out_of_state_freshmen_pct","56.13433858807402","percent","available","derived_ratio","2023","87.73132282385195","0","68.6","EF2023C","https://nces.ed.gov/ipeds/datacenter/data/ef2023c.zip","NCES / U.S. Department of Education","2026-09-29","(US-resident first-time entrants minus in-state entrants) / all entrants; international and unknown are not silently counted as out-of-state."
"238032","West Virginia University","age_18_19_pct","40.306204673650285","percent","available","derived_ratio","2023","40.306204673650285","0","68.6","EF2023B","https://nces.ed.gov/ipeds/datacenter/data/ef2023b.zip","NCES / U.S. Department of Education","2026-09-29","LSTUDY=2; EFBAGE=4; EFAGE09 / all-age EFAGE09."
"238032","West Virginia University","age_20_21_pct","38.52269674993285","percent","available","derived_ratio","2023","38.52269674993285","0","68.6","EF2023B","https://nces.ed.gov/ipeds/datacenter/data/ef2023b.zip","NCES / U.S. Department of Education","2026-09-29","LSTUDY=2; EFBAGE=5; EFAGE09 / all-age EFAGE09."
"238032","West Virginia University","age_22_24_pct","13.118452860596292","percent","available","derived_ratio","2023","13.118452860596292","0","68.6","EF2023B","https://nces.ed.gov/ipeds/datacenter/data/ef2023b.zip","NCES / U.S. Department of Education","2026-09-29","LSTUDY=2; EFBAGE=6; EFAGE09 / all-age EFAGE09."
"238032","West Virginia University","age_25_plus_pct","4.0988450174590385","percent","available","derived_ratio","2023","4.0988450174590385","0","68.6","EF2023B","https://nces.ed.gov/ipeds/datacenter/data/ef2023b.zip","NCES / U.S. Department of Education","2026-09-29","LSTUDY=2; EFBAGE=7; EFAGE09 / all-age EFAGE09."
"238032","West Virginia University","age_unknown_pct","","percent","unavailable","","","","0","","","","","","LSTUDY=2; EFBAGE=14; EFAGE09 / all-age EFAGE09. Missing, suppressed, imputed or not reported."
"238032","West Virginia University","in_state_freshmen_pct","43.180260452364635","percent","available","derived_ratio","2023","43.180260452364635","0","68.6","EF2023C","https://nces.ed.gov/ipeds/datacenter/data/ef2023c.zip","NCES / U.S. Department of Education","2026-09-29","In-state first-time degree-seeking entrants / all first-time entrants. NOT all-undergraduate residency."
"238032","West Virginia University","international_pct","1.9285522428149342","percent","available","derived_ratio","2023","1.928552242814934","0","68.6","EF2023A","https://nces.ed.gov/ipeds/datacenter/data/ef2023a.zip","NCES / U.S. Department of Education","2026-09-29","100 * EFNRALT / EFTOTLT. Descriptive only by default."
"238032","West Virginia University","hispanic_pct","4.362073596561912","percent","available","derived_ratio","2023","4.362073596561912","0","68.6","EF2023A","https://nces.ed.gov/ipeds/datacenter/data/ef2023a.zip","NCES / U.S. Department of Education","2026-09-29","100 * EFHISPT / EFTOTLT. Descriptive only by default."
"238032","West Virginia University","black_pct","2.965350523771152","percent","available","derived_ratio","2023","2.965350523771152","0","68.6","EF2023A","https://nces.ed.gov/ipeds/datacenter/data/ef2023a.zip","NCES / U.S. Department of Education","2026-09-29","100 * EFBKAAT / EFTOTLT. Descriptive only by default."
"238032","West Virginia University","asian_pct","1.735159817351598","percent","available","derived_ratio","2023","1.735159817351598","0","68.6","EF2023A","https://nces.ed.gov/ipeds/datacenter/data/ef2023a.zip","NCES / U.S. Department of Education","2026-09-29","100 * EFASIAT / EFTOTLT. Descriptive only by default."
"238032","West Virginia University","greek_pct","","percent","unavailable","","","","15.000000000000002","","","","","","No comparable verified observation collected."
"238032","West Virginia University","greek_chapters","","organizations","unavailable","","","","7.500000000000001","","","","","","No comparable verified observation collected."
"238032","West Virginia University","greek_members","","students","unavailable","","","","2.5000000000000004","","","","","","No comparable verified observation collected."
"238032","West Virginia University","verified_creators_per_1000","","creators/1,000","unavailable","","","","10.5","","","","","","No audited student-creator roster and same-scope denominator collected; program presence is a separate proxy."
"238032","West Virginia University","creator_program_present","","indicator","unavailable","","","","4.5","","","","","","No comparable verified observation collected."
"238032","West Virginia University","relevant_awards_pct","24.321774003302664","percent","available","derived_ratio","2023-24","48.64354800660532","7.000000000000001","58.309999999999995","C2024_A","https://nces.ed.gov/ipeds/datacenter/data/c2024_a.zip","NCES / U.S. Department of Education","2026-09-29","Relevant first-major bachelor awards / CIP=99 total bachelor awards. No second-major double counting."
"238032","West Virginia University","relevant_awards","1031","awards","available","derived_sum","2023-24","81.4715700729535","2.0000000000000004","58.309999999999995","C2024_A","https://nces.ed.gov/ipeds/datacenter/data/c2024_a.zip","NCES / U.S. Department of Education","2026-09-29","AWLEVEL=5; MAJORNUM=1; unique six-digit CIP records in 52.*,09.*,10.*,50.04*,50.06*,19.09*,31.0504. Awards are not current major enrollment."
"238032","West Virginia University","relevant_clubs","","organizations","unavailable","","","","1.0000000000000002","","","","","","No comparable verified observation collected."
"238032","West Virginia University","customers_per_1000","","customers/1,000","unavailable","","","","5","","","","","","No first-party client data supplied."
"238032","West Virginia University","lodging_proxy_usd","113","USD/night","available","policy_proxy","FY2027","93.5","2","73.5","gsa","https://www.gsa.gov/system/files/FY2027PerDiemZipCode_Validated090126.xlsx","U.S. General Services Administration","2026-09-29","Equal-month average FY2027 federal lodging allowance at institutional ZIP 26506. Administrative benchmark, not a commercial hotel quote; no taxes or event surge."
"238032","West Virginia University","labor_hourly_usd","","USD/hour","unavailable","","","","1","","","","","","Requires a comparable staffing role and dated local rate."
"238032","West Virginia University","venue_day_usd","","USD/day","unavailable","","","","1","","","","","","Requires a dated venue rate for comparable event specifications."
"238032","West Virginia University","permit_days","","days","unavailable","","","","0.5","","","","","","Requires an event type and verified campus approval lead time."
"238032","West Virginia University","travel_quote_usd","","USD/trip","unavailable","","","","0.5","","","","","","Requires origin, dates, mode and party size for a comparable quote."
"238032","West Virginia University","meals_proxy_usd","68","USD/day","available","policy_proxy","FY2027","64","0","73.5","gsa","https://www.gsa.gov/system/files/FY2027PerDiemZipCode_Validated090126.xlsx","U.S. General Services Administration","2026-09-29","FY2027 meals/incidental allowance. Not local labor or event budget."
"238032","West Virginia University","airport_km","3.303464635886618","km","available","geographic_proxy","","97.79769024274225","3","54.000000000000014","HD2024; airports","https://nces.ed.gov/ipeds/datacenter/data/hd2024.zip; https://davidmegginson.github.io/ourairports-data/airports.csv","NCES / U.S. Department of Education; OurAirports","2026-09-29; 2026-09-29","Haversine great-circle distance to nearest US large/medium airport with scheduled_service=yes. Not drive time, route frequency, or fare."
"238032","West Virginia University","metro_presence","1","indicator","available","geographic_proxy","2024","100","1","70.56","HD2024","https://nces.ed.gov/ipeds/datacenter/data/hd2024.zip","NCES / U.S. Department of Education","2026-09-29","IPEDS metropolitan CBSA membership; not metro population or downtown distance."
"238032","West Virginia University","nearby_campuses","2","campuses","available","geographic_proxy","2024","40","1","70.56","HD2024","https://nces.ed.gov/ipeds/datacenter/data/hd2024.zip","NCES / U.S. Department of Education","2026-09-29","Count within 200 km great-circle of fixed geography-reference.json; not road routing or shared-customer overlap."
"238032","West Virginia University","cac_usd","","USD/customer","unavailable","","","","1.75","","","","","","No first-party client data supplied."
"238032","West Virginia University","conversion_pct","","percent","unavailable","","","","1.25","","","","","","No first-party client data supplied."
"238032","West Virginia University","roi_pct","","percent","unavailable","","","","1.25","","","","","","No first-party client data supplied."
"238032","West Virginia University","engagement_pct","","percent","unavailable","","","","0.75","","","","","","No first-party client data supplied."
"238032","West Virginia University","samples","","samples","unavailable","","","","0","","","","","","No first-party client data supplied."
"238032","West Virginia University","leads","","leads","unavailable","","","","0","","","","","","No first-party client data supplied."
"238032","West Virginia University","revenue_usd","","USD","unavailable","","","","0","","","","","","No first-party client data supplied."
"238032","West Virginia University","ambassador_conversions","","customers","unavailable","","","","0","","","","","","No first-party client data supplied."
"238032","West Virginia University","event_attendance","","people","unavailable","","","","0","","","","","","No first-party client data supplied."
"145637","University of Illinois Urbana-Champaign","undergraduates","35564","students","available","reported","2023","85.2032557107365","6","68.6","EF2023A","https://nces.ed.gov/ipeds/datacenter/data/ef2023a.zip","NCES / U.S. Department of Education","2026-09-29","EFALEVEL=2; EFTOTLT. Full-time plus part-time undergraduates."
"145637","University of Illinois Urbana-Champaign","non_distance_undergraduates","35128","students","available","derived_difference","2023","84.66751124321412","10","68.6","EF2023A_DIST","https://nces.ed.gov/ipeds/datacenter/data/ef2023a_dist.zip","NCES / U.S. Department of Education","2026-09-29","EFDELEV=2; EFDETOT minus EFDEEXC. At least some non-distance courses; not residence-hall occupancy."
"145637","University of Illinois Urbana-Champaign","on_campus_residents","","students","unavailable","","","","4","","","","","","No verified undergraduate resident count collected; bed capacity and projected move-ins are not occupancy."
"145637","University of Illinois Urbana-Champaign","age_18_24_pct","97.28658193679001","percent","available","derived_ratio","2023","97.28658193679001","10","68.6","EF2023B","https://nces.ed.gov/ipeds/datacenter/data/ef2023b.zip","NCES / U.S. Department of Education","2026-09-29","Sum EFBAGE 4,5,6 / EFBAGE 1; LSTUDY=2. Unknown ages remain in denominator."
"145637","University of Illinois Urbana-Champaign","women_pct","47.109436508829155","percent","available","derived_ratio","2023","94.21887301765831","0","68.6","EF2023A","https://nces.ed.gov/ipeds/datacenter/data/ef2023a.zip","NCES / U.S. Department of Education","2026-09-29","100 * EFTOTLW / EFTOTLT. IPEDS reported sex classification; not gender identity."
"145637","University of Illinois Urbana-Champaign","out_of_state_freshmen_pct","13.213213213213214","percent","available","derived_ratio","2023","26.42642642642643","0","68.6","EF2023C","https://nces.ed.gov/ipeds/datacenter/data/ef2023c.zip","NCES / U.S. Department of Education","2026-09-29","(US-resident first-time entrants minus in-state entrants) / all entrants; international and unknown are not silently counted as out-of-state."
"145637","University of Illinois Urbana-Champaign","age_18_19_pct","45.121471150601735","percent","available","derived_ratio","2023","45.121471150601735","0","68.6","EF2023B","https://nces.ed.gov/ipeds/datacenter/data/ef2023b.zip","NCES / U.S. Department of Education","2026-09-29","LSTUDY=2; EFBAGE=4; EFAGE09 / all-age EFAGE09."
"145637","University of Illinois Urbana-Champaign","age_20_21_pct","44.803734113148124","percent","available","derived_ratio","2023","44.803734113148124","0","68.6","EF2023B","https://nces.ed.gov/ipeds/datacenter/data/ef2023b.zip","NCES / U.S. Department of Education","2026-09-29","LSTUDY=2; EFBAGE=5; EFAGE09 / all-age EFAGE09."
"145637","University of Illinois Urbana-Champaign","age_22_24_pct","7.361376673040153","percent","available","derived_ratio","2023","7.361376673040152","0","68.6","EF2023B","https://nces.ed.gov/ipeds/datacenter/data/ef2023b.zip","NCES / U.S. Department of Education","2026-09-29","LSTUDY=2; EFBAGE=6; EFAGE09 / all-age EFAGE09."
"145637","University of Illinois Urbana-Champaign","age_25_plus_pct","1.2231470025868856","percent","available","derived_ratio","2023","1.2231470025868856","0","68.6","EF2023B","https://nces.ed.gov/ipeds/datacenter/data/ef2023b.zip","NCES / U.S. Department of Education","2026-09-29","LSTUDY=2; EFBAGE=7; EFAGE09 / all-age EFAGE09."
"145637","University of Illinois Urbana-Champaign","age_unknown_pct","","percent","unavailable","","","","0","","","","","","LSTUDY=2; EFBAGE=14; EFAGE09 / all-age EFAGE09. Missing, suppressed, imputed or not reported."
"145637","University of Illinois Urbana-Champaign","in_state_freshmen_pct","73.48948948948949","percent","available","derived_ratio","2023","73.48948948948949","0","68.6","EF2023C","https://nces.ed.gov/ipeds/datacenter/data/ef2023c.zip","NCES / U.S. Department of Education","2026-09-29","In-state first-time degree-seeking entrants / all first-time entrants. NOT all-undergraduate residency."
"145637","University of Illinois Urbana-Champaign","international_pct","14.677764031042628","percent","available","derived_ratio","2023","14.677764031042628","0","68.6","EF2023A","https://nces.ed.gov/ipeds/datacenter/data/ef2023a.zip","NCES / U.S. Department of Education","2026-09-29","100 * EFNRALT / EFTOTLT. Descriptive only by default."
"145637","University of Illinois Urbana-Champaign","hispanic_pct","13.617703295467326","percent","available","derived_ratio","2023","13.617703295467328","0","68.6","EF2023A","https://nces.ed.gov/ipeds/datacenter/data/ef2023a.zip","NCES / U.S. Department of Education","2026-09-29","100 * EFHISPT / EFTOTLT. Descriptive only by default."
"145637","University of Illinois Urbana-Champaign","black_pct","5.497131931166348","percent","available","derived_ratio","2023","5.497131931166348","0","68.6","EF2023A","https://nces.ed.gov/ipeds/datacenter/data/ef2023a.zip","NCES / U.S. Department of Education","2026-09-29","100 * EFBKAAT / EFTOTLT. Descriptive only by default."
"145637","University of Illinois Urbana-Champaign","asian_pct","22.494657518839276","percent","available","derived_ratio","2023","22.494657518839276","0","68.6","EF2023A","https://nces.ed.gov/ipeds/datacenter/data/ef2023a.zip","NCES / U.S. Department of Education","2026-09-29","100 * EFASIAT / EFTOTLT. Descriptive only by default."
"145637","University of Illinois Urbana-Champaign","greek_pct","16.998874778974443","percent","available","derived_ratio","Spring 2026","28.331457964957405","15.000000000000002","76","review-c9005e714267","https://fsaffairs.illinois.edu/programs/grade-reports/2026/spring-PHC","University of Illinois Urbana-Champaign","2026-09-29","Spring 2026 benchmark table: all fraternity/sorority members 6,345, all undergraduate students 37,326; penetration = 100*6345/37326, same-report denominator. FSL scope includes professional and cultural groups broader than exclusively social chapters."
"145637","University of Illinois Urbana-Champaign","greek_chapters","91","organizations","available","derived_sum","2025","100","7.500000000000001","85.5","primary-9","https://fsaffairs.illinois.edu/information/snapshot","University of Illinois Urbana-Champaign","2026-09-29","Chapters = 50 fraternities + 1 coed organization + 40 sororities; includes cultural organizations."
"145637","University of Illinois Urbana-Champaign","greek_members","6345","students","available","reported","Spring 2026","93.21641044291306","2.5000000000000004","76","review-c9005e714267","https://fsaffairs.illinois.edu/programs/grade-reports/2026/spring-PHC","University of Illinois Urbana-Champaign","2026-09-29","Spring 2026 benchmark table: all fraternity/sorority members 6,345, all undergraduate students 37,326; penetration = 100*6345/37326, same-report denominator. FSL scope includes professional and cultural groups broader than exclusively social chapters."
"145637","University of Illinois Urbana-Champaign","verified_creators_per_1000","","creators/1,000","unavailable","","","","10.5","","","","","","No audited student-creator roster and same-scope denominator collected; program presence is a separate proxy."
"145637","University of Illinois Urbana-Champaign","creator_program_present","","indicator","unavailable","","","","4.5","","","","","","No comparable verified observation collected."
"145637","University of Illinois Urbana-Champaign","relevant_awards_pct","15.721439385117037","percent","available","derived_ratio","2023-24","31.442878770234074","7.000000000000001","58.309999999999995","C2024_A","https://nces.ed.gov/ipeds/datacenter/data/c2024_a.zip","NCES / U.S. Department of Education","2026-09-29","Relevant first-major bachelor awards / CIP=99 total bachelor awards. No second-major double counting."
"145637","University of Illinois Urbana-Champaign","relevant_awards","1350","awards","available","derived_sum","2023-24","84.63388025986038","2.0000000000000004","58.309999999999995","C2024_A","https://nces.ed.gov/ipeds/datacenter/data/c2024_a.zip","NCES / U.S. Department of Education","2026-09-29","AWLEVEL=5; MAJORNUM=1; unique six-digit CIP records in 52.*,09.*,10.*,50.04*,50.06*,19.09*,31.0504. Awards are not current major enrollment."
"145637","University of Illinois Urbana-Champaign","relevant_clubs","","organizations","unavailable","","","","1.0000000000000002","","","","","","No comparable verified observation collected."
"145637","University of Illinois Urbana-Champaign","customers_per_1000","","customers/1,000","unavailable","","","","5","","","","","","No first-party client data supplied."
"145637","University of Illinois Urbana-Champaign","lodging_proxy_usd","113","USD/night","available","policy_proxy","FY2027","93.5","2","73.5","gsa","https://www.gsa.gov/system/files/FY2027PerDiemZipCode_Validated090126.xlsx","U.S. General Services Administration","2026-09-29","Equal-month average FY2027 federal lodging allowance at institutional ZIP 61820. Administrative benchmark, not a commercial hotel quote; no taxes or event surge."
"145637","University of Illinois Urbana-Champaign","labor_hourly_usd","","USD/hour","unavailable","","","","1","","","","","","Requires a comparable staffing role and dated local rate."
"145637","University of Illinois Urbana-Champaign","venue_day_usd","","USD/day","unavailable","","","","1","","","","","","Requires a dated venue rate for comparable event specifications."
"145637","University of Illinois Urbana-Champaign","permit_days","","days","unavailable","","","","0.5","","","","","","Requires an event type and verified campus approval lead time."
"145637","University of Illinois Urbana-Champaign","travel_quote_usd","","USD/trip","unavailable","","","","0.5","","","","","","Requires origin, dates, mode and party size for a comparable quote."
"145637","University of Illinois Urbana-Champaign","meals_proxy_usd","68","USD/day","available","policy_proxy","FY2027","64","0","73.5","gsa","https://www.gsa.gov/system/files/FY2027PerDiemZipCode_Validated090126.xlsx","U.S. General Services Administration","2026-09-29","FY2027 meals/incidental allowance. Not local labor or event budget."
"145637","University of Illinois Urbana-Champaign","airport_km","8.256091545947786","km","available","geographic_proxy","","94.49593896936814","3","54.000000000000014","HD2024; airports","https://nces.ed.gov/ipeds/datacenter/data/hd2024.zip; https://davidmegginson.github.io/ourairports-data/airports.csv","NCES / U.S. Department of Education; OurAirports","2026-09-29; 2026-09-29","Haversine great-circle distance to nearest US large/medium airport with scheduled_service=yes. Not drive time, route frequency, or fare."
"145637","University of Illinois Urbana-Champaign","metro_presence","1","indicator","available","geographic_proxy","2024","100","1","70.56","HD2024","https://nces.ed.gov/ipeds/datacenter/data/hd2024.zip","NCES / U.S. Department of Education","2026-09-29","IPEDS metropolitan CBSA membership; not metro population or downtown distance."
"145637","University of Illinois Urbana-Champaign","nearby_campuses","1","campuses","available","geographic_proxy","2024","20","1","70.56","HD2024","https://nces.ed.gov/ipeds/datacenter/data/hd2024.zip","NCES / U.S. Department of Education","2026-09-29","Count within 200 km great-circle of fixed geography-reference.json; not road routing or shared-customer overlap."
"145637","University of Illinois Urbana-Champaign","cac_usd","","USD/customer","unavailable","","","","1.75","","","","","","No first-party client data supplied."
"145637","University of Illinois Urbana-Champaign","conversion_pct","","percent","unavailable","","","","1.25","","","","","","No first-party client data supplied."
"145637","University of Illinois Urbana-Champaign","roi_pct","","percent","unavailable","","","","1.25","","","","","","No first-party client data supplied."
"145637","University of Illinois Urbana-Champaign","engagement_pct","","percent","unavailable","","","","0.75","","","","","","No first-party client data supplied."
"145637","University of Illinois Urbana-Champaign","samples","","samples","unavailable","","","","0","","","","","","No first-party client data supplied."
"145637","University of Illinois Urbana-Champaign","leads","","leads","unavailable","","","","0","","","","","","No first-party client data supplied."
"145637","University of Illinois Urbana-Champaign","revenue_usd","","USD","unavailable","","","","0","","","","","","No first-party client data supplied."
"145637","University of Illinois Urbana-Champaign","ambassador_conversions","","customers","unavailable","","","","0","","","","","","No first-party client data supplied."
"145637","University of Illinois Urbana-Champaign","event_attendance","","people","unavailable","","","","0","","","","","","No first-party client data supplied."
"163453","Morgan State University","undergraduates","8300","students","available","reported","2023","22.00907625773004","6","68.6","EF2023A","https://nces.ed.gov/ipeds/datacenter/data/ef2023a.zip","NCES / U.S. Department of Education","2026-09-29","EFALEVEL=2; EFTOTLT. Full-time plus part-time undergraduates."
"163453","Morgan State University","non_distance_undergraduates","7966","students","available","derived_difference","2023","20.2253771664403","10","68.6","EF2023A_DIST","https://nces.ed.gov/ipeds/datacenter/data/ef2023a_dist.zip","NCES / U.S. Department of Education","2026-09-29","EFDELEV=2; EFDETOT minus EFDEEXC. At least some non-distance courses; not residence-hall occupancy."
"163453","Morgan State University","on_campus_residents","","students","unavailable","","","","4","","","","","","No verified undergraduate resident count collected; bed capacity and projected move-ins are not occupancy."
"163453","Morgan State University","age_18_24_pct","89.46987951807229","percent","available","derived_ratio","2023","89.46987951807229","10","68.6","EF2023B","https://nces.ed.gov/ipeds/datacenter/data/ef2023b.zip","NCES / U.S. Department of Education","2026-09-29","Sum EFBAGE 4,5,6 / EFBAGE 1; LSTUDY=2. Unknown ages remain in denominator."
"163453","Morgan State University","women_pct","61.963855421686745","percent","available","derived_ratio","2023","76.07228915662651","0","68.6","EF2023A","https://nces.ed.gov/ipeds/datacenter/data/ef2023a.zip","NCES / U.S. Department of Education","2026-09-29","100 * EFTOTLW / EFTOTLT. IPEDS reported sex classification; not gender identity."
"163453","Morgan State University","out_of_state_freshmen_pct","50.26292725679229","percent","available","derived_ratio","2023","99.47414548641542","0","68.6","EF2023C","https://nces.ed.gov/ipeds/datacenter/data/ef2023c.zip","NCES / U.S. Department of Education","2026-09-29","(US-resident first-time entrants minus in-state entrants) / all entrants; international and unknown are not silently counted as out-of-state."
"163453","Morgan State University","age_18_19_pct","41.602409638554214","percent","available","derived_ratio","2023","41.60240963855422","0","68.6","EF2023B","https://nces.ed.gov/ipeds/datacenter/data/ef2023b.zip","NCES / U.S. Department of Education","2026-09-29","LSTUDY=2; EFBAGE=4; EFAGE09 / all-age EFAGE09."
"163453","Morgan State University","age_20_21_pct","31.542168674698797","percent","available","derived_ratio","2023","31.542168674698797","0","68.6","EF2023B","https://nces.ed.gov/ipeds/datacenter/data/ef2023b.zip","NCES / U.S. Department of Education","2026-09-29","LSTUDY=2; EFBAGE=5; EFAGE09 / all-age EFAGE09."
"163453","Morgan State University","age_22_24_pct","16.325301204819276","percent","available","derived_ratio","2023","16.325301204819276","0","68.6","EF2023B","https://nces.ed.gov/ipeds/datacenter/data/ef2023b.zip","NCES / U.S. Department of Education","2026-09-29","LSTUDY=2; EFBAGE=6; EFAGE09 / all-age EFAGE09."
"163453","Morgan State University","age_25_plus_pct","9.843373493975903","percent","available","derived_ratio","2023","9.843373493975903","0","68.6","EF2023B","https://nces.ed.gov/ipeds/datacenter/data/ef2023b.zip","NCES / U.S. Department of Education","2026-09-29","LSTUDY=2; EFBAGE=7; EFAGE09 / all-age EFAGE09."
"163453","Morgan State University","age_unknown_pct","","percent","unavailable","","","","0","","","","","","LSTUDY=2; EFBAGE=14; EFAGE09 / all-age EFAGE09. Missing, suppressed, imputed or not reported."
"163453","Morgan State University","in_state_freshmen_pct","48.729184925503944","percent","available","derived_ratio","2023","48.729184925503944","0","68.6","EF2023C","https://nces.ed.gov/ipeds/datacenter/data/ef2023c.zip","NCES / U.S. Department of Education","2026-09-29","In-state first-time degree-seeking entrants / all first-time entrants. NOT all-undergraduate residency."
"163453","Morgan State University","international_pct","6.771084337349397","percent","available","derived_ratio","2023","6.7710843373493965","0","68.6","EF2023A","https://nces.ed.gov/ipeds/datacenter/data/ef2023a.zip","NCES / U.S. Department of Education","2026-09-29","100 * EFNRALT / EFTOTLT. Descriptive only by default."
"163453","Morgan State University","hispanic_pct","5.144578313253012","percent","available","derived_ratio","2023","5.144578313253012","0","68.6","EF2023A","https://nces.ed.gov/ipeds/datacenter/data/ef2023a.zip","NCES / U.S. Department of Education","2026-09-29","100 * EFHISPT / EFTOTLT. Descriptive only by default."
"163453","Morgan State University","black_pct","74.34939759036145","percent","available","derived_ratio","2023","74.34939759036145","0","68.6","EF2023A","https://nces.ed.gov/ipeds/datacenter/data/ef2023a.zip","NCES / U.S. Department of Education","2026-09-29","100 * EFBKAAT / EFTOTLT. Descriptive only by default."
"163453","Morgan State University","asian_pct","0.37349397590361444","percent","available","derived_ratio","2023","0.37349397590361444","0","68.6","EF2023A","https://nces.ed.gov/ipeds/datacenter/data/ef2023a.zip","NCES / U.S. Department of Education","2026-09-29","100 * EFASIAT / EFTOTLT. Descriptive only by default."
"163453","Morgan State University","greek_pct","","percent","unavailable","","","","15.000000000000002","","","","","","No comparable verified observation collected."
"163453","Morgan State University","greek_chapters","19","organizations","available","reported","","23.75","7.500000000000001","56.99999999999999","review-49262ac94d14","https://www.morgan.edu/osld/greeklife","Morgan State University","2026-09-29","Office reports 19 fraternities, sororities and social fellowships across two councils. Definition is broader than exclusively social fraternities and sororities."
"163453","Morgan State University","greek_members","","students","unavailable","","","","2.5000000000000004","","","","","","No comparable verified observation collected."
"163453","Morgan State University","verified_creators_per_1000","","creators/1,000","unavailable","","","","10.5","","","","","","No audited student-creator roster and same-scope denominator collected; program presence is a separate proxy."
"163453","Morgan State University","creator_program_present","","indicator","unavailable","","","","4.5","","","","","","No comparable verified observation collected."
"163453","Morgan State University","relevant_awards_pct","27.884615384615383","percent","available","derived_ratio","2023-24","55.76923076923076","7.000000000000001","58.309999999999995","C2024_A","https://nces.ed.gov/ipeds/datacenter/data/c2024_a.zip","NCES / U.S. Department of Education","2026-09-29","Relevant first-major bachelor awards / CIP=99 total bachelor awards. No second-major double counting."
"163453","Morgan State University","relevant_awards","261","awards","available","derived_sum","2023-24","65.37615901595713","2.0000000000000004","58.309999999999995","C2024_A","https://nces.ed.gov/ipeds/datacenter/data/c2024_a.zip","NCES / U.S. Department of Education","2026-09-29","AWLEVEL=5; MAJORNUM=1; unique six-digit CIP records in 52.*,09.*,10.*,50.04*,50.06*,19.09*,31.0504. Awards are not current major enrollment."
"163453","Morgan State University","relevant_clubs","","organizations","unavailable","","","","1.0000000000000002","","","","","","No comparable verified observation collected."
"163453","Morgan State University","customers_per_1000","","customers/1,000","unavailable","","","","5","","","","","","No first-party client data supplied."
"163453","Morgan State University","lodging_proxy_usd","166","USD/night","available","policy_proxy","FY2027","67","2","73.5","gsa","https://www.gsa.gov/system/files/FY2027PerDiemZipCode_Validated090126.xlsx","U.S. General Services Administration","2026-09-29","Equal-month average FY2027 federal lodging allowance at institutional ZIP 21251. Administrative benchmark, not a commercial hotel quote; no taxes or event surge."
"163453","Morgan State University","labor_hourly_usd","","USD/hour","unavailable","","","","1","","","","","","Requires a comparable staffing role and dated local rate."
"163453","Morgan State University","venue_day_usd","","USD/day","unavailable","","","","1","","","","","","Requires a dated venue rate for comparable event specifications."
"163453","Morgan State University","permit_days","","days","unavailable","","","","0.5","","","","","","Requires an event type and verified campus approval lead time."
"163453","Morgan State University","travel_quote_usd","","USD/trip","unavailable","","","","0.5","","","","","","Requires origin, dates, mode and party size for a comparable quote."
"163453","Morgan State University","meals_proxy_usd","86","USD/day","available","policy_proxy","FY2027","28","0","73.5","gsa","https://www.gsa.gov/system/files/FY2027PerDiemZipCode_Validated090126.xlsx","U.S. General Services Administration","2026-09-29","FY2027 meals/incidental allowance. Not local labor or event budget."
"163453","Morgan State University","airport_km","20.07177712799637","km","available","geographic_proxy","","86.61881524800242","3","54.000000000000014","HD2024; airports","https://nces.ed.gov/ipeds/datacenter/data/hd2024.zip; https://davidmegginson.github.io/ourairports-data/airports.csv","NCES / U.S. Department of Education; OurAirports","2026-09-29; 2026-09-29","Haversine great-circle distance to nearest US large/medium airport with scheduled_service=yes. Not drive time, route frequency, or fare."
"163453","Morgan State University","metro_presence","1","indicator","available","geographic_proxy","2024","100","1","70.56","HD2024","https://nces.ed.gov/ipeds/datacenter/data/hd2024.zip","NCES / U.S. Department of Education","2026-09-29","IPEDS metropolitan CBSA membership; not metro population or downtown distance."
"163453","Morgan State University","nearby_campuses","5","campuses","available","geographic_proxy","2024","100","1","70.56","HD2024","https://nces.ed.gov/ipeds/datacenter/data/hd2024.zip","NCES / U.S. Department of Education","2026-09-29","Count within 200 km great-circle of fixed geography-reference.json; not road routing or shared-customer overlap."
"163453","Morgan State University","cac_usd","","USD/customer","unavailable","","","","1.75","","","","","","No first-party client data supplied."
"163453","Morgan State University","conversion_pct","","percent","unavailable","","","","1.25","","","","","","No first-party client data supplied."
"163453","Morgan State University","roi_pct","","percent","unavailable","","","","1.25","","","","","","No first-party client data supplied."
"163453","Morgan State University","engagement_pct","","percent","unavailable","","","","0.75","","","","","","No first-party client data supplied."
"163453","Morgan State University","samples","","samples","unavailable","","","","0","","","","","","No first-party client data supplied."
"163453","Morgan State University","leads","","leads","unavailable","","","","0","","","","","","No first-party client data supplied."
"163453","Morgan State University","revenue_usd","","USD","unavailable","","","","0","","","","","","No first-party client data supplied."
"163453","Morgan State University","ambassador_conversions","","customers","unavailable","","","","0","","","","","","No first-party client data supplied."
"163453","Morgan State University","event_attendance","","people","unavailable","","","","0","","","","","","No first-party client data supplied."
"228778","The University of Texas at Austin","undergraduates","42444","students","available","reported","2023","92.88422857784619","6","68.6","EF2023A","https://nces.ed.gov/ipeds/datacenter/data/ef2023a.zip","NCES / U.S. Department of Education","2026-09-29","EFALEVEL=2; EFTOTLT. Full-time plus part-time undergraduates."
"228778","The University of Texas at Austin","non_distance_undergraduates","42201","students","available","derived_difference","2023","92.63485860927862","10","68.6","EF2023A_DIST","https://nces.ed.gov/ipeds/datacenter/data/ef2023a_dist.zip","NCES / U.S. Department of Education","2026-09-29","EFDELEV=2; EFDETOT minus EFDEEXC. At least some non-distance courses; not residence-hall occupancy."
"228778","The University of Texas at Austin","on_campus_residents","","students","unavailable","","","","4","","","","","","No verified undergraduate resident count collected; bed capacity and projected move-ins are not occupancy."
"228778","The University of Texas at Austin","age_18_24_pct","97.0408067100179","percent","available","derived_ratio","2023","97.04080671001789","10","68.6","EF2023B","https://nces.ed.gov/ipeds/datacenter/data/ef2023b.zip","NCES / U.S. Department of Education","2026-09-29","Sum EFBAGE 4,5,6 / EFBAGE 1; LSTUDY=2. Unknown ages remain in denominator."
"228778","The University of Texas at Austin","women_pct","57.89039675808124","percent","available","derived_ratio","2023","84.21920648383752","0","68.6","EF2023A","https://nces.ed.gov/ipeds/datacenter/data/ef2023a.zip","NCES / U.S. Department of Education","2026-09-29","100 * EFTOTLW / EFTOTLT. IPEDS reported sex classification; not gender identity."
"228778","The University of Texas at Austin","out_of_state_freshmen_pct","8.811933937133723","percent","available","derived_ratio","2023","17.62386787426745","0","68.6","EF2023C","https://nces.ed.gov/ipeds/datacenter/data/ef2023c.zip","NCES / U.S. Department of Education","2026-09-29","(US-resident first-time entrants minus in-state entrants) / all entrants; international and unknown are not silently counted as out-of-state."
"228778","The University of Texas at Austin","age_18_19_pct","44.31957402695316","percent","available","derived_ratio","2023","44.31957402695316","0","68.6","EF2023B","https://nces.ed.gov/ipeds/datacenter/data/ef2023b.zip","NCES / U.S. Department of Education","2026-09-29","LSTUDY=2; EFBAGE=4; EFAGE09 / all-age EFAGE09."
"228778","The University of Texas at Austin","age_20_21_pct","44.38318725850532","percent","available","derived_ratio","2023","44.38318725850532","0","68.6","EF2023B","https://nces.ed.gov/ipeds/datacenter/data/ef2023b.zip","NCES / U.S. Department of Education","2026-09-29","LSTUDY=2; EFBAGE=5; EFAGE09 / all-age EFAGE09."
"228778","The University of Texas at Austin","age_22_24_pct","8.33804542455942","percent","available","derived_ratio","2023","8.33804542455942","0","68.6","EF2023B","https://nces.ed.gov/ipeds/datacenter/data/ef2023b.zip","NCES / U.S. Department of Education","2026-09-29","LSTUDY=2; EFBAGE=6; EFAGE09 / all-age EFAGE09."
"228778","The University of Texas at Austin","age_25_plus_pct","1.8518518518518519","percent","available","derived_ratio","2023","1.8518518518518519","0","68.6","EF2023B","https://nces.ed.gov/ipeds/datacenter/data/ef2023b.zip","NCES / U.S. Department of Education","2026-09-29","LSTUDY=2; EFBAGE=7; EFAGE09 / all-age EFAGE09."
"228778","The University of Texas at Austin","age_unknown_pct","","percent","unavailable","","","","0","","","","","","LSTUDY=2; EFBAGE=14; EFAGE09 / all-age EFAGE09. Missing, suppressed, imputed or not reported."
"228778","The University of Texas at Austin","in_state_freshmen_pct","87.5759190197123","percent","available","derived_ratio","2023","87.57591901971232","0","68.6","EF2023C","https://nces.ed.gov/ipeds/datacenter/data/ef2023c.zip","NCES / U.S. Department of Education","2026-09-29","In-state first-time degree-seeking entrants / all first-time entrants. NOT all-undergraduate residency."
"228778","The University of Texas at Austin","international_pct","4.502403166525304","percent","available","derived_ratio","2023","4.502403166525304","0","68.6","EF2023A","https://nces.ed.gov/ipeds/datacenter/data/ef2023a.zip","NCES / U.S. Department of Education","2026-09-29","100 * EFNRALT / EFTOTLT. Descriptive only by default."
"228778","The University of Texas at Austin","hispanic_pct","28.185373668834227","percent","available","derived_ratio","2023","28.185373668834227","0","68.6","EF2023A","https://nces.ed.gov/ipeds/datacenter/data/ef2023a.zip","NCES / U.S. Department of Education","2026-09-29","100 * EFHISPT / EFTOTLT. Descriptive only by default."
"228778","The University of Texas at Austin","black_pct","4.6602582225991895","percent","available","derived_ratio","2023","4.6602582225991895","0","68.6","EF2023A","https://nces.ed.gov/ipeds/datacenter/data/ef2023a.zip","NCES / U.S. Department of Education","2026-09-29","100 * EFBKAAT / EFTOTLT. Descriptive only by default."
"228778","The University of Texas at Austin","asian_pct","25.247384789369523","percent","available","derived_ratio","2023","25.24738478936952","0","68.6","EF2023A","https://nces.ed.gov/ipeds/datacenter/data/ef2023a.zip","NCES / U.S. Department of Education","2026-09-29","100 * EFASIAT / EFTOTLT. Descriptive only by default."
"228778","The University of Texas at Austin","greek_pct","16","percent","available","reported_rounded","2023-24","26.666666666666668","15.000000000000002","56.52499999999999","primary-11","https://studentlife.utexas.edu/sfl/our-community.php","The University of Texas at Austin","2026-09-29","Page explicitly attributes data to its 2023-24 information guide; do not treat live page date as data year."
"228778","The University of Texas at Austin","greek_chapters","60","organizations","available","reported_approximate","","75","7.500000000000001","60.562499999999986","primary-10","https://studentlife.utexas.edu/sfl/find-a-chapter.php","The University of Texas at Austin","2026-09-29","Office describes around 60 recognized social sororities and fraternities."
"228778","The University of Texas at Austin","greek_members","7200","students","available","lower_bound","2023-24","94.56207892029008","2.5000000000000004","56.52499999999999","primary-11","https://studentlife.utexas.edu/sfl/our-community.php","The University of Texas at Austin","2026-09-29","Page explicitly attributes data to its 2023-24 information guide; do not treat live page date as data year."
"228778","The University of Texas at Austin","verified_creators_per_1000","","creators/1,000","unavailable","","","","10.5","","","","","","No audited student-creator roster and same-scope denominator collected; program presence is a separate proxy."
"228778","The University of Texas at Austin","creator_program_present","1","indicator","available","documented_program","2024","100","4.5","45.599999999999994","review-3d81986beddb","https://advertising.utexas.edu/news/tower-bridge-communications-university-texas-austin","The University of Texas at Austin","2026-09-29","October 8, 2024 university article documents Tower & Bridge Communications, a student-run social-media and PR agency with content-creator roles. Program presence, not creator density."
"228778","The University of Texas at Austin","relevant_awards_pct","24.098110326398167","percent","available","derived_ratio","2023-24","48.196220652796335","7.000000000000001","58.309999999999995","C2024_A","https://nces.ed.gov/ipeds/datacenter/data/c2024_a.zip","NCES / U.S. Department of Education","2026-09-29","Relevant first-major bachelor awards / CIP=99 total bachelor awards. No second-major double counting."
"228778","The University of Texas at Austin","relevant_awards","2525","awards","available","derived_sum","2023-24","91.9811043735734","2.0000000000000004","58.309999999999995","C2024_A","https://nces.ed.gov/ipeds/datacenter/data/c2024_a.zip","NCES / U.S. Department of Education","2026-09-29","AWLEVEL=5; MAJORNUM=1; unique six-digit CIP records in 52.*,09.*,10.*,50.04*,50.06*,19.09*,31.0504. Awards are not current major enrollment."
"228778","The University of Texas at Austin","relevant_clubs","","organizations","unavailable","","","","1.0000000000000002","","","","","","No comparable verified observation collected."
"228778","The University of Texas at Austin","customers_per_1000","","customers/1,000","unavailable","","","","5","","","","","","No first-party client data supplied."
"228778","The University of Texas at Austin","lodging_proxy_usd","184","USD/night","available","policy_proxy","FY2027","58","2","73.5","gsa","https://www.gsa.gov/system/files/FY2027PerDiemZipCode_Validated090126.xlsx","U.S. General Services Administration","2026-09-29","Equal-month average FY2027 federal lodging allowance at institutional ZIP 78705. Administrative benchmark, not a commercial hotel quote; no taxes or event surge."
"228778","The University of Texas at Austin","labor_hourly_usd","","USD/hour","unavailable","","","","1","","","","","","Requires a comparable staffing role and dated local rate."
"228778","The University of Texas at Austin","venue_day_usd","","USD/day","unavailable","","","","1","","","","","","Requires a dated venue rate for comparable event specifications."
"228778","The University of Texas at Austin","permit_days","","days","unavailable","","","","0.5","","","","","","Requires an event type and verified campus approval lead time."
"228778","The University of Texas at Austin","travel_quote_usd","","USD/trip","unavailable","","","","0.5","","","","","","Requires origin, dates, mode and party size for a comparable quote."
"228778","The University of Texas at Austin","meals_proxy_usd","80","USD/day","available","policy_proxy","FY2027","40","0","73.5","gsa","https://www.gsa.gov/system/files/FY2027PerDiemZipCode_Validated090126.xlsx","U.S. General Services Administration","2026-09-29","FY2027 meals/incidental allowance. Not local labor or event budget."
"228778","The University of Texas at Austin","airport_km","11.983653289678502","km","available","geographic_proxy","","92.010897806881","3","54.000000000000014","HD2024; airports","https://nces.ed.gov/ipeds/datacenter/data/hd2024.zip; https://davidmegginson.github.io/ourairports-data/airports.csv","NCES / U.S. Department of Education; OurAirports","2026-09-29; 2026-09-29","Haversine great-circle distance to nearest US large/medium airport with scheduled_service=yes. Not drive time, route frequency, or fare."
"228778","The University of Texas at Austin","metro_presence","1","indicator","available","geographic_proxy","2024","100","1","70.56","HD2024","https://nces.ed.gov/ipeds/datacenter/data/hd2024.zip","NCES / U.S. Department of Education","2026-09-29","IPEDS metropolitan CBSA membership; not metro population or downtown distance."
"228778","The University of Texas at Austin","nearby_campuses","2","campuses","available","geographic_proxy","2024","40","1","70.56","HD2024","https://nces.ed.gov/ipeds/datacenter/data/hd2024.zip","NCES / U.S. Department of Education","2026-09-29","Count within 200 km great-circle of fixed geography-reference.json; not road routing or shared-customer overlap."
"228778","The University of Texas at Austin","cac_usd","","USD/customer","unavailable","","","","1.75","","","","","","No first-party client data supplied."
"228778","The University of Texas at Austin","conversion_pct","","percent","unavailable","","","","1.25","","","","","","No first-party client data supplied."
"228778","The University of Texas at Austin","roi_pct","","percent","unavailable","","","","1.25","","","","","","No first-party client data supplied."
"228778","The University of Texas at Austin","engagement_pct","","percent","unavailable","","","","0.75","","","","","","No first-party client data supplied."
"228778","The University of Texas at Austin","samples","","samples","unavailable","","","","0","","","","","","No first-party client data supplied."
"228778","The University of Texas at Austin","leads","","leads","unavailable","","","","0","","","","","","No first-party client data supplied."
"228778","The University of Texas at Austin","revenue_usd","","USD","unavailable","","","","0","","","","","","No first-party client data supplied."
"228778","The University of Texas at Austin","ambassador_conversions","","customers","unavailable","","","","0","","","","","","No first-party client data supplied."
"228778","The University of Texas at Austin","event_attendance","","people","unavailable","","","","0","","","","","","No first-party client data supplied."
"100751","The University of Alabama","undergraduates","33435","students","available","reported","2023","82.52219649984326","6","68.6","EF2023A","https://nces.ed.gov/ipeds/datacenter/data/ef2023a.zip","NCES / U.S. Department of Education","2026-09-29","EFALEVEL=2; EFTOTLT. Full-time plus part-time undergraduates."
"100751","The University of Alabama","non_distance_undergraduates","30054","students","available","derived_difference","2023","77.89207616378562","10","68.6","EF2023A_DIST","https://nces.ed.gov/ipeds/datacenter/data/ef2023a_dist.zip","NCES / U.S. Department of Education","2026-09-29","EFDELEV=2; EFDETOT minus EFDEEXC. At least some non-distance courses; not residence-hall occupancy."
"100751","The University of Alabama","on_campus_residents","","students","unavailable","","","","4","","","","","","No verified undergraduate resident count collected; bed capacity and projected move-ins are not occupancy."
"100751","The University of Alabama","age_18_24_pct","90.3065649768207","percent","available","derived_ratio","2023","90.3065649768207","10","68.6","EF2023B","https://nces.ed.gov/ipeds/datacenter/data/ef2023b.zip","NCES / U.S. Department of Education","2026-09-29","Sum EFBAGE 4,5,6 / EFBAGE 1; LSTUDY=2. Unknown ages remain in denominator."
"100751","The University of Alabama","women_pct","56.372065201136536","percent","available","derived_ratio","2023","87.25586959772693","0","68.6","EF2023A","https://nces.ed.gov/ipeds/datacenter/data/ef2023a.zip","NCES / U.S. Department of Education","2026-09-29","100 * EFTOTLW / EFTOTLT. IPEDS reported sex classification; not gender identity."
"100751","The University of Alabama","out_of_state_freshmen_pct","63.67918830776664","percent","available","derived_ratio","2023","72.64162338446673","0","68.6","EF2023C","https://nces.ed.gov/ipeds/datacenter/data/ef2023c.zip","NCES / U.S. Department of Education","2026-09-29","(US-resident first-time entrants minus in-state entrants) / all entrants; international and unknown are not silently counted as out-of-state."
"100751","The University of Alabama","age_18_19_pct","42.934051144010766","percent","available","derived_ratio","2023","42.934051144010766","0","68.6","EF2023B","https://nces.ed.gov/ipeds/datacenter/data/ef2023b.zip","NCES / U.S. Department of Education","2026-09-29","LSTUDY=2; EFBAGE=4; EFAGE09 / all-age EFAGE09."
"100751","The University of Alabama","age_20_21_pct","37.6551517870495","percent","available","derived_ratio","2023","37.6551517870495","0","68.6","EF2023B","https://nces.ed.gov/ipeds/datacenter/data/ef2023b.zip","NCES / U.S. Department of Education","2026-09-29","LSTUDY=2; EFBAGE=5; EFAGE09 / all-age EFAGE09."
"100751","The University of Alabama","age_22_24_pct","9.717362045760431","percent","available","derived_ratio","2023","9.717362045760431","0","68.6","EF2023B","https://nces.ed.gov/ipeds/datacenter/data/ef2023b.zip","NCES / U.S. Department of Education","2026-09-29","LSTUDY=2; EFBAGE=6; EFAGE09 / all-age EFAGE09."
"100751","The University of Alabama","age_25_plus_pct","6.014655301330941","percent","available","derived_ratio","2023","6.014655301330942","0","68.6","EF2023B","https://nces.ed.gov/ipeds/datacenter/data/ef2023b.zip","NCES / U.S. Department of Education","2026-09-29","LSTUDY=2; EFBAGE=7; EFAGE09 / all-age EFAGE09."
"100751","The University of Alabama","age_unknown_pct","","percent","unavailable","","","","0","","","","","","LSTUDY=2; EFBAGE=14; EFAGE09 / all-age EFAGE09. Missing, suppressed, imputed or not reported."
"100751","The University of Alabama","in_state_freshmen_pct","35.70479526512864","percent","available","derived_ratio","2023","35.70479526512864","0","68.6","EF2023C","https://nces.ed.gov/ipeds/datacenter/data/ef2023c.zip","NCES / U.S. Department of Education","2026-09-29","In-state first-time degree-seeking entrants / all first-time entrants. NOT all-undergraduate residency."
"100751","The University of Alabama","international_pct","0.924181247196052","percent","available","derived_ratio","2023","0.924181247196052","0","68.6","EF2023A","https://nces.ed.gov/ipeds/datacenter/data/ef2023a.zip","NCES / U.S. Department of Education","2026-09-29","100 * EFNRALT / EFTOTLT. Descriptive only by default."
"100751","The University of Alabama","hispanic_pct","6.882009869896815","percent","available","derived_ratio","2023","6.882009869896815","0","68.6","EF2023A","https://nces.ed.gov/ipeds/datacenter/data/ef2023a.zip","NCES / U.S. Department of Education","2026-09-29","100 * EFHISPT / EFTOTLT. Descriptive only by default."
"100751","The University of Alabama","black_pct","11.242709735307313","percent","available","derived_ratio","2023","11.242709735307312","0","68.6","EF2023A","https://nces.ed.gov/ipeds/datacenter/data/ef2023a.zip","NCES / U.S. Department of Education","2026-09-29","100 * EFBKAAT / EFTOTLT. Descriptive only by default."
"100751","The University of Alabama","asian_pct","1.4894571556751908","percent","available","derived_ratio","2023","1.4894571556751908","0","68.6","EF2023A","https://nces.ed.gov/ipeds/datacenter/data/ef2023a.zip","NCES / U.S. Department of Education","2026-09-29","100 * EFASIAT / EFTOTLT. Descriptive only by default."
"100751","The University of Alabama","greek_pct","40","percent","available","reported_rounded","Fall 2025","66.66666666666667","15.000000000000002","72.675","primary-1","https://ofsl.sl.ua.edu/","The University of Alabama","2026-09-29","Percentage is explicitly main-campus undergraduate population."
"100751","The University of Alabama","greek_chapters","","organizations","unavailable","","","","7.500000000000001","","","","","","No comparable verified observation collected."
"100751","The University of Alabama","greek_members","","students","unavailable","","","","2.5000000000000004","","","","","","No comparable verified observation collected."
"100751","The University of Alabama","verified_creators_per_1000","","creators/1,000","unavailable","","","","10.5","","","","","","No audited student-creator roster and same-scope denominator collected; program presence is a separate proxy."
"100751","The University of Alabama","creator_program_present","1","indicator","available","observed_presence","","100","4.5","42.74999999999999","primary-42","https://sl.ua.edu/students/student-life-ambassadors/","The University of Alabama","2026-09-29","Student Life social media ambassador program is documented. Presence is not creator count, reach, or density."
"100751","The University of Alabama","relevant_awards_pct","40.590461771385314","percent","available","derived_ratio","2023-24","81.18092354277063","7.000000000000001","58.309999999999995","C2024_A","https://nces.ed.gov/ipeds/datacenter/data/c2024_a.zip","NCES / U.S. Department of Education","2026-09-29","Relevant first-major bachelor awards / CIP=99 total bachelor awards. No second-major double counting."
"100751","The University of Alabama","relevant_awards","2681","awards","available","derived_sum","2023-24","92.68467364324474","2.0000000000000004","58.309999999999995","C2024_A","https://nces.ed.gov/ipeds/datacenter/data/c2024_a.zip","NCES / U.S. Department of Education","2026-09-29","AWLEVEL=5; MAJORNUM=1; unique six-digit CIP records in 52.*,09.*,10.*,50.04*,50.06*,19.09*,31.0504. Awards are not current major enrollment."
"100751","The University of Alabama","relevant_clubs","","organizations","unavailable","","","","1.0000000000000002","","","","","","No comparable verified observation collected."
"100751","The University of Alabama","customers_per_1000","","customers/1,000","unavailable","","","","5","","","","","","No first-party client data supplied."
"100751","The University of Alabama","lodging_proxy_usd","113","USD/night","available","policy_proxy","FY2027","93.5","2","73.5","gsa","https://www.gsa.gov/system/files/FY2027PerDiemZipCode_Validated090126.xlsx","U.S. General Services Administration","2026-09-29","Equal-month average FY2027 federal lodging allowance at institutional ZIP 35487. Administrative benchmark, not a commercial hotel quote; no taxes or event surge."
"100751","The University of Alabama","labor_hourly_usd","","USD/hour","unavailable","","","","1","","","","","","Requires a comparable staffing role and dated local rate."
"100751","The University of Alabama","venue_day_usd","","USD/day","unavailable","","","","1","","","","","","Requires a dated venue rate for comparable event specifications."
"100751","The University of Alabama","permit_days","","days","unavailable","","","","0.5","","","","","","Requires an event type and verified campus approval lead time."
"100751","The University of Alabama","travel_quote_usd","","USD/trip","unavailable","","","","0.5","","","","","","Requires origin, dates, mode and party size for a comparable quote."
"100751","The University of Alabama","meals_proxy_usd","68","USD/day","available","policy_proxy","FY2027","64","0","73.5","gsa","https://www.gsa.gov/system/files/FY2027PerDiemZipCode_Validated090126.xlsx","U.S. General Services Administration","2026-09-29","FY2027 meals/incidental allowance. Not local labor or event budget."
"100751","The University of Alabama","airport_km","83.51653995221086","km","available","geographic_proxy","","44.32230669852609","3","54.000000000000014","HD2024; airports","https://nces.ed.gov/ipeds/datacenter/data/hd2024.zip; https://davidmegginson.github.io/ourairports-data/airports.csv","NCES / U.S. Department of Education; OurAirports","2026-09-29; 2026-09-29","Haversine great-circle distance to nearest US large/medium airport with scheduled_service=yes. Not drive time, route frequency, or fare."
"100751","The University of Alabama","metro_presence","1","indicator","available","geographic_proxy","2024","100","1","70.56","HD2024","https://nces.ed.gov/ipeds/datacenter/data/hd2024.zip","NCES / U.S. Department of Education","2026-09-29","IPEDS metropolitan CBSA membership; not metro population or downtown distance."
"100751","The University of Alabama","nearby_campuses","0","campuses","available","geographic_proxy","2024","0","1","70.56","HD2024","https://nces.ed.gov/ipeds/datacenter/data/hd2024.zip","NCES / U.S. Department of Education","2026-09-29","Count within 200 km great-circle of fixed geography-reference.json; not road routing or shared-customer overlap."
"100751","The University of Alabama","cac_usd","","USD/customer","unavailable","","","","1.75","","","","","","No first-party client data supplied."
"100751","The University of Alabama","conversion_pct","","percent","unavailable","","","","1.25","","","","","","No first-party client data supplied."
"100751","The University of Alabama","roi_pct","","percent","unavailable","","","","1.25","","","","","","No first-party client data supplied."
"100751","The University of Alabama","engagement_pct","","percent","unavailable","","","","0.75","","","","","","No first-party client data supplied."
"100751","The University of Alabama","samples","","samples","unavailable","","","","0","","","","","","No first-party client data supplied."
"100751","The University of Alabama","leads","","leads","unavailable","","","","0","","","","","","No first-party client data supplied."
"100751","The University of Alabama","revenue_usd","","USD","unavailable","","","","0","","","","","","No first-party client data supplied."
"100751","The University of Alabama","ambassador_conversions","","customers","unavailable","","","","0","","","","","","No first-party client data supplied."
"100751","The University of Alabama","event_attendance","","people","unavailable","","","","0","","","","","","No first-party client data supplied."
"196413","Syracuse University","undergraduates","15739","students","available","reported","2023","49.798679831909254","6","68.6","EF2023A","https://nces.ed.gov/ipeds/datacenter/data/ef2023a.zip","NCES / U.S. Department of Education","2026-09-29","EFALEVEL=2; EFTOTLT. Full-time plus part-time undergraduates."
"196413","Syracuse University","non_distance_undergraduates","15381","students","available","derived_difference","2023","48.79940962413504","10","68.6","EF2023A_DIST","https://nces.ed.gov/ipeds/datacenter/data/ef2023a_dist.zip","NCES / U.S. Department of Education","2026-09-29","EFDELEV=2; EFDETOT minus EFDEEXC. At least some non-distance courses; not residence-hall occupancy."
"196413","Syracuse University","on_campus_residents","","students","unavailable","","","","4","","","","","","No verified undergraduate resident count collected; bed capacity and projected move-ins are not occupancy."
"196413","Syracuse University","age_18_24_pct","96.39748395704937","percent","available","derived_ratio","2023","96.39748395704937","10","68.6","EF2023B","https://nces.ed.gov/ipeds/datacenter/data/ef2023b.zip","NCES / U.S. Department of Education","2026-09-29","Sum EFBAGE 4,5,6 / EFBAGE 1; LSTUDY=2. Unknown ages remain in denominator."
"196413","Syracuse University","women_pct","55.24493296905776","percent","available","derived_ratio","2023","89.51013406188449","0","68.6","EF2023A","https://nces.ed.gov/ipeds/datacenter/data/ef2023a.zip","NCES / U.S. Department of Education","2026-09-29","100 * EFTOTLW / EFTOTLT. IPEDS reported sex classification; not gender identity."
"196413","Syracuse University","out_of_state_freshmen_pct","56.59041394335512","percent","available","derived_ratio","2023","86.81917211328977","0","68.6","EF2023C","https://nces.ed.gov/ipeds/datacenter/data/ef2023c.zip","NCES / U.S. Department of Education","2026-09-29","(US-resident first-time entrants minus in-state entrants) / all entrants; international and unknown are not silently counted as out-of-state."
"196413","Syracuse University","age_18_19_pct","36.74312218057056","percent","available","derived_ratio","2023","36.74312218057056","0","68.6","EF2023B","https://nces.ed.gov/ipeds/datacenter/data/ef2023b.zip","NCES / U.S. Department of Education","2026-09-29","LSTUDY=2; EFBAGE=4; EFAGE09 / all-age EFAGE09."
"196413","Syracuse University","age_20_21_pct","46.00038121862888","percent","available","derived_ratio","2023","46.00038121862888","0","68.6","EF2023B","https://nces.ed.gov/ipeds/datacenter/data/ef2023b.zip","NCES / U.S. Department of Education","2026-09-29","LSTUDY=2; EFBAGE=5; EFAGE09 / all-age EFAGE09."
"196413","Syracuse University","age_22_24_pct","13.653980557849927","percent","available","derived_ratio","2023","13.653980557849927","0","68.6","EF2023B","https://nces.ed.gov/ipeds/datacenter/data/ef2023b.zip","NCES / U.S. Department of Education","2026-09-29","LSTUDY=2; EFBAGE=6; EFAGE09 / all-age EFAGE09."
"196413","Syracuse University","age_25_plus_pct","3.3801385094351613","percent","available","derived_ratio","2023","3.3801385094351613","0","68.6","EF2023B","https://nces.ed.gov/ipeds/datacenter/data/ef2023b.zip","NCES / U.S. Department of Education","2026-09-29","LSTUDY=2; EFBAGE=7; EFAGE09 / all-age EFAGE09."
"196413","Syracuse University","age_unknown_pct","","percent","unavailable","","","","0","","","","","","LSTUDY=2; EFBAGE=14; EFAGE09 / all-age EFAGE09. Missing, suppressed, imputed or not reported."
"196413","Syracuse University","in_state_freshmen_pct","32.13507625272331","percent","available","derived_ratio","2023","32.13507625272331","0","68.6","EF2023C","https://nces.ed.gov/ipeds/datacenter/data/ef2023c.zip","NCES / U.S. Department of Education","2026-09-29","In-state first-time degree-seeking entrants / all first-time entrants. NOT all-undergraduate residency."
"196413","Syracuse University","international_pct","11.3349005654743","percent","available","derived_ratio","2023","11.3349005654743","0","68.6","EF2023A","https://nces.ed.gov/ipeds/datacenter/data/ef2023a.zip","NCES / U.S. Department of Education","2026-09-29","100 * EFNRALT / EFTOTLT. Descriptive only by default."
"196413","Syracuse University","hispanic_pct","11.398437003621577","percent","available","derived_ratio","2023","11.398437003621577","0","68.6","EF2023A","https://nces.ed.gov/ipeds/datacenter/data/ef2023a.zip","NCES / U.S. Department of Education","2026-09-29","100 * EFHISPT / EFTOTLT. Descriptive only by default."
"196413","Syracuse University","black_pct","7.478238769934557","percent","available","derived_ratio","2023","7.478238769934558","0","68.6","EF2023A","https://nces.ed.gov/ipeds/datacenter/data/ef2023a.zip","NCES / U.S. Department of Education","2026-09-29","100 * EFBKAAT / EFTOTLT. Descriptive only by default."
"196413","Syracuse University","asian_pct","7.205032085901264","percent","available","derived_ratio","2023","7.205032085901264","0","68.6","EF2023A","https://nces.ed.gov/ipeds/datacenter/data/ef2023a.zip","NCES / U.S. Department of Education","2026-09-29","100 * EFASIAT / EFTOTLT. Descriptive only by default."
"196413","Syracuse University","greek_pct","","percent","unavailable","","","","15.000000000000002","","","","","","No comparable verified observation collected."
"196413","Syracuse University","greek_chapters","60","organizations","available","lower_bound","","75","7.500000000000001","48.449999999999996","primary-41","https://experience.syracuse.edu/student-engagement/greek-life/councils-and-chapters/","Syracuse University","2026-09-29","Broad Greek-letter organizations including professional council; directory scope."
"196413","Syracuse University","greek_members","","students","unavailable","","","","2.5000000000000004","","","","","","No comparable verified observation collected."
"196413","Syracuse University","verified_creators_per_1000","","creators/1,000","unavailable","","","","10.5","","","","","","No audited student-creator roster and same-scope denominator collected; program presence is a separate proxy."
"196413","Syracuse University","creator_program_present","","indicator","unavailable","","","","4.5","","","","","","No comparable verified observation collected."
"196413","Syracuse University","relevant_awards_pct","36.02502979737783","percent","available","derived_ratio","2023-24","72.05005959475567","7.000000000000001","58.309999999999995","C2024_A","https://nces.ed.gov/ipeds/datacenter/data/c2024_a.zip","NCES / U.S. Department of Education","2026-09-29","Relevant first-major bachelor awards / CIP=99 total bachelor awards. No second-major double counting."
"196413","Syracuse University","relevant_awards","1209","awards","available","derived_sum","2023-24","83.33976717677194","2.0000000000000004","58.309999999999995","C2024_A","https://nces.ed.gov/ipeds/datacenter/data/c2024_a.zip","NCES / U.S. Department of Education","2026-09-29","AWLEVEL=5; MAJORNUM=1; unique six-digit CIP records in 52.*,09.*,10.*,50.04*,50.06*,19.09*,31.0504. Awards are not current major enrollment."
"196413","Syracuse University","relevant_clubs","","organizations","unavailable","","","","1.0000000000000002","","","","","","No comparable verified observation collected."
"196413","Syracuse University","customers_per_1000","","customers/1,000","unavailable","","","","5","","","","","","No first-party client data supplied."
"196413","Syracuse University","lodging_proxy_usd","136","USD/night","available","policy_proxy","FY2027","82","2","73.5","gsa","https://www.gsa.gov/system/files/FY2027PerDiemZipCode_Validated090126.xlsx","U.S. General Services Administration","2026-09-29","Equal-month average FY2027 federal lodging allowance at institutional ZIP 13244. Administrative benchmark, not a commercial hotel quote; no taxes or event surge."
"196413","Syracuse University","labor_hourly_usd","","USD/hour","unavailable","","","","1","","","","","","Requires a comparable staffing role and dated local rate."
"196413","Syracuse University","venue_day_usd","","USD/day","unavailable","","","","1","","","","","","Requires a dated venue rate for comparable event specifications."
"196413","Syracuse University","permit_days","","days","unavailable","","","","0.5","","","","","","Requires an event type and verified campus approval lead time."
"196413","Syracuse University","travel_quote_usd","","USD/trip","unavailable","","","","0.5","","","","","","Requires origin, dates, mode and party size for a comparable quote."
"196413","Syracuse University","meals_proxy_usd","80","USD/day","available","policy_proxy","FY2027","40","0","73.5","gsa","https://www.gsa.gov/system/files/FY2027PerDiemZipCode_Validated090126.xlsx","U.S. General Services Administration","2026-09-29","FY2027 meals/incidental allowance. Not local labor or event budget."
"196413","Syracuse University","airport_km","8.589735859699125","km","available","geographic_proxy","","94.27350942686725","3","54.000000000000014","HD2024; airports","https://nces.ed.gov/ipeds/datacenter/data/hd2024.zip; https://davidmegginson.github.io/ourairports-data/airports.csv","NCES / U.S. Department of Education; OurAirports","2026-09-29; 2026-09-29","Haversine great-circle distance to nearest US large/medium airport with scheduled_service=yes. Not drive time, route frequency, or fare."
"196413","Syracuse University","metro_presence","1","indicator","available","geographic_proxy","2024","100","1","70.56","HD2024","https://nces.ed.gov/ipeds/datacenter/data/hd2024.zip","NCES / U.S. Department of Education","2026-09-29","IPEDS metropolitan CBSA membership; not metro population or downtown distance."
"196413","Syracuse University","nearby_campuses","1","campuses","available","geographic_proxy","2024","20","1","70.56","HD2024","https://nces.ed.gov/ipeds/datacenter/data/hd2024.zip","NCES / U.S. Department of Education","2026-09-29","Count within 200 km great-circle of fixed geography-reference.json; not road routing or shared-customer overlap."
"196413","Syracuse University","cac_usd","","USD/customer","unavailable","","","","1.75","","","","","","No first-party client data supplied."
"196413","Syracuse University","conversion_pct","","percent","unavailable","","","","1.25","","","","","","No first-party client data supplied."
"196413","Syracuse University","roi_pct","","percent","unavailable","","","","1.25","","","","","","No first-party client data supplied."
"196413","Syracuse University","engagement_pct","","percent","unavailable","","","","0.75","","","","","","No first-party client data supplied."
"196413","Syracuse University","samples","","samples","unavailable","","","","0","","","","","","No first-party client data supplied."
"196413","Syracuse University","leads","","leads","unavailable","","","","0","","","","","","No first-party client data supplied."
"196413","Syracuse University","revenue_usd","","USD","unavailable","","","","0","","","","","","No first-party client data supplied."
"196413","Syracuse University","ambassador_conversions","","customers","unavailable","","","","0","","","","","","No first-party client data supplied."
"196413","Syracuse University","event_attendance","","people","unavailable","","","","0","","","","","","No first-party client data supplied."
"131520","Howard University","undergraduates","10190","students","available","reported","2023","30.918411423554318","6","68.6","EF2023A","https://nces.ed.gov/ipeds/datacenter/data/ef2023a.zip","NCES / U.S. Department of Education","2026-09-29","EFALEVEL=2; EFTOTLT. Full-time plus part-time undergraduates."
"131520","Howard University","non_distance_undergraduates","9566","students","available","derived_difference","2023","28.17409415291026","10","68.6","EF2023A_DIST","https://nces.ed.gov/ipeds/datacenter/data/ef2023a_dist.zip","NCES / U.S. Department of Education","2026-09-29","EFDELEV=2; EFDETOT minus EFDEEXC. At least some non-distance courses; not residence-hall occupancy."
"131520","Howard University","on_campus_residents","","students","unavailable","","","","4","","","","","","No verified undergraduate resident count collected; bed capacity and projected move-ins are not occupancy."
"131520","Howard University","age_18_24_pct","91.7369970559372","percent","available","derived_ratio","2023","91.7369970559372","10","68.6","EF2023B","https://nces.ed.gov/ipeds/datacenter/data/ef2023b.zip","NCES / U.S. Department of Education","2026-09-29","Sum EFBAGE 4,5,6 / EFBAGE 1; LSTUDY=2. Unknown ages remain in denominator."
"131520","Howard University","women_pct","71.93326790971541","percent","available","derived_ratio","2023","56.13346418056917","0","68.6","EF2023A","https://nces.ed.gov/ipeds/datacenter/data/ef2023a.zip","NCES / U.S. Department of Education","2026-09-29","100 * EFTOTLW / EFTOTLT. IPEDS reported sex classification; not gender identity."
"131520","Howard University","out_of_state_freshmen_pct","","percent","unavailable","","","","0","","","","","","(US-resident first-time entrants minus in-state entrants) / all entrants; international and unknown are not silently counted as out-of-state. Missing, suppressed, imputed or not reported."
"131520","Howard University","age_18_19_pct","42.482826300294406","percent","available","derived_ratio","2023","42.48282630029441","0","68.6","EF2023B","https://nces.ed.gov/ipeds/datacenter/data/ef2023b.zip","NCES / U.S. Department of Education","2026-09-29","LSTUDY=2; EFBAGE=4; EFAGE09 / all-age EFAGE09."
"131520","Howard University","age_20_21_pct","41.63886162904809","percent","available","derived_ratio","2023","41.63886162904809","0","68.6","EF2023B","https://nces.ed.gov/ipeds/datacenter/data/ef2023b.zip","NCES / U.S. Department of Education","2026-09-29","LSTUDY=2; EFBAGE=5; EFAGE09 / all-age EFAGE09."
"131520","Howard University","age_22_24_pct","7.615309126594701","percent","available","derived_ratio","2023","7.615309126594701","0","68.6","EF2023B","https://nces.ed.gov/ipeds/datacenter/data/ef2023b.zip","NCES / U.S. Department of Education","2026-09-29","LSTUDY=2; EFBAGE=6; EFAGE09 / all-age EFAGE09."
"131520","Howard University","age_25_plus_pct","1.7271835132482827","percent","available","derived_ratio","2023","1.7271835132482827","0","68.6","EF2023B","https://nces.ed.gov/ipeds/datacenter/data/ef2023b.zip","NCES / U.S. Department of Education","2026-09-29","LSTUDY=2; EFBAGE=7; EFAGE09 / all-age EFAGE09."
"131520","Howard University","age_unknown_pct","","percent","unavailable","","","","0","","","","","","LSTUDY=2; EFBAGE=14; EFAGE09 / all-age EFAGE09. Missing, suppressed, imputed or not reported."
"131520","Howard University","in_state_freshmen_pct","","percent","unavailable","","","","0","","","","","","In-state first-time degree-seeking entrants / all first-time entrants. NOT all-undergraduate residency. Missing, suppressed, imputed or not reported."
"131520","Howard University","international_pct","4.65161923454367","percent","available","derived_ratio","2023","4.65161923454367","0","68.6","EF2023A","https://nces.ed.gov/ipeds/datacenter/data/ef2023a.zip","NCES / U.S. Department of Education","2026-09-29","100 * EFNRALT / EFTOTLT. Descriptive only by default."
"131520","Howard University","hispanic_pct","6.516192345436703","percent","available","derived_ratio","2023","6.516192345436703","0","68.6","EF2023A","https://nces.ed.gov/ipeds/datacenter/data/ef2023a.zip","NCES / U.S. Department of Education","2026-09-29","100 * EFHISPT / EFTOTLT. Descriptive only by default."
"131520","Howard University","black_pct","67.36015701668302","percent","available","derived_ratio","2023","67.36015701668302","0","68.6","EF2023A","https://nces.ed.gov/ipeds/datacenter/data/ef2023a.zip","NCES / U.S. Department of Education","2026-09-29","100 * EFBKAAT / EFTOTLT. Descriptive only by default."
"131520","Howard University","asian_pct","2.9244357212953878","percent","available","derived_ratio","2023","2.9244357212953878","0","68.6","EF2023A","https://nces.ed.gov/ipeds/datacenter/data/ef2023a.zip","NCES / U.S. Department of Education","2026-09-29","100 * EFASIAT / EFTOTLT. Descriptive only by default."
"131520","Howard University","greek_pct","","percent","unavailable","","","","15.000000000000002","","","","","","No comparable verified observation collected."
"131520","Howard University","greek_chapters","40","organizations","available","lower_bound","","50","7.500000000000001","48.449999999999996","primary-39","https://studentaffairs.howard.edu/activities/fsl","Howard University","2026-09-29","Broad fraternal ecosystem includes social fellowships and societies. Not exclusively social fraternities/sororities."
"131520","Howard University","greek_members","","students","unavailable","","","","2.5000000000000004","","","","","","No comparable verified observation collected."
"131520","Howard University","verified_creators_per_1000","","creators/1,000","unavailable","","","","10.5","","","","","","No audited student-creator roster and same-scope denominator collected; program presence is a separate proxy."
"131520","Howard University","creator_program_present","","indicator","unavailable","","","","4.5","","","","","","No comparable verified observation collected."
"131520","Howard University","relevant_awards_pct","25.51378446115288","percent","available","derived_ratio","2023-24","51.02756892230576","7.000000000000001","58.309999999999995","C2024_A","https://nces.ed.gov/ipeds/datacenter/data/c2024_a.zip","NCES / U.S. Department of Education","2026-09-29","Relevant first-major bachelor awards / CIP=99 total bachelor awards. No second-major double counting."
"131520","Howard University","relevant_awards","509","awards","available","derived_sum","2023-24","73.19623035177777","2.0000000000000004","58.309999999999995","C2024_A","https://nces.ed.gov/ipeds/datacenter/data/c2024_a.zip","NCES / U.S. Department of Education","2026-09-29","AWLEVEL=5; MAJORNUM=1; unique six-digit CIP records in 52.*,09.*,10.*,50.04*,50.06*,19.09*,31.0504. Awards are not current major enrollment."
"131520","Howard University","relevant_clubs","","organizations","unavailable","","","","1.0000000000000002","","","","","","No comparable verified observation collected."
"131520","Howard University","customers_per_1000","","customers/1,000","unavailable","","","","5","","","","","","No first-party client data supplied."
"131520","Howard University","lodging_proxy_usd","245.83333333333334","USD/night","available","policy_proxy","FY2027","27.08333333333333","2","73.5","gsa","https://www.gsa.gov/system/files/FY2027PerDiemZipCode_Validated090126.xlsx","U.S. General Services Administration","2026-09-29","Equal-month average FY2027 federal lodging allowance at institutional ZIP 20059. Administrative benchmark, not a commercial hotel quote; no taxes or event surge."
"131520","Howard University","labor_hourly_usd","","USD/hour","unavailable","","","","1","","","","","","Requires a comparable staffing role and dated local rate."
"131520","Howard University","venue_day_usd","","USD/day","unavailable","","","","1","","","","","","Requires a dated venue rate for comparable event specifications."
"131520","Howard University","permit_days","","days","unavailable","","","","0.5","","","","","","Requires an event type and verified campus approval lead time."
"131520","Howard University","travel_quote_usd","","USD/trip","unavailable","","","","0.5","","","","","","Requires origin, dates, mode and party size for a comparable quote."
"131520","Howard University","meals_proxy_usd","92","USD/day","available","policy_proxy","FY2027","16","0","73.5","gsa","https://www.gsa.gov/system/files/FY2027PerDiemZipCode_Validated090126.xlsx","U.S. General Services Administration","2026-09-29","FY2027 meals/incidental allowance. Not local labor or event budget."
"131520","Howard University","airport_km","7.982489026863406","km","available","geographic_proxy","","94.67834064875773","3","54.000000000000014","HD2024; airports","https://nces.ed.gov/ipeds/datacenter/data/hd2024.zip; https://davidmegginson.github.io/ourairports-data/airports.csv","NCES / U.S. Department of Education; OurAirports","2026-09-29; 2026-09-29","Haversine great-circle distance to nearest US large/medium airport with scheduled_service=yes. Not drive time, route frequency, or fare."
"131520","Howard University","metro_presence","1","indicator","available","geographic_proxy","2024","100","1","70.56","HD2024","https://nces.ed.gov/ipeds/datacenter/data/hd2024.zip","NCES / U.S. Department of Education","2026-09-29","IPEDS metropolitan CBSA membership; not metro population or downtown distance."
"131520","Howard University","nearby_campuses","6","campuses","available","geographic_proxy","2024","100","1","70.56","HD2024","https://nces.ed.gov/ipeds/datacenter/data/hd2024.zip","NCES / U.S. Department of Education","2026-09-29","Count within 200 km great-circle of fixed geography-reference.json; not road routing or shared-customer overlap."
"131520","Howard University","cac_usd","","USD/customer","unavailable","","","","1.75","","","","","","No first-party client data supplied."
"131520","Howard University","conversion_pct","","percent","unavailable","","","","1.25","","","","","","No first-party client data supplied."
"131520","Howard University","roi_pct","","percent","unavailable","","","","1.25","","","","","","No first-party client data supplied."
"131520","Howard University","engagement_pct","","percent","unavailable","","","","0.75","","","","","","No first-party client data supplied."
"131520","Howard University","samples","","samples","unavailable","","","","0","","","","","","No first-party client data supplied."
"131520","Howard University","leads","","leads","unavailable","","","","0","","","","","","No first-party client data supplied."
"131520","Howard University","revenue_usd","","USD","unavailable","","","","0","","","","","","No first-party client data supplied."
"131520","Howard University","ambassador_conversions","","customers","unavailable","","","","0","","","","","","No first-party client data supplied."
"131520","Howard University","event_attendance","","people","unavailable","","","","0","","","","","","No first-party client data supplied."
"171100","Michigan State University","undergraduates","40483","students","available","reported","2023","90.82975581801426","6","68.6","EF2023A","https://nces.ed.gov/ipeds/datacenter/data/ef2023a.zip","NCES / U.S. Department of Education","2026-09-29","EFALEVEL=2; EFTOTLT. Full-time plus part-time undergraduates."
"171100","Michigan State University","non_distance_undergraduates","40007","students","available","derived_difference","2023","90.31605820049496","10","68.6","EF2023A_DIST","https://nces.ed.gov/ipeds/datacenter/data/ef2023a_dist.zip","NCES / U.S. Department of Education","2026-09-29","EFDELEV=2; EFDETOT minus EFDEEXC. At least some non-distance courses; not residence-hall occupancy."
"171100","Michigan State University","on_campus_residents","","students","unavailable","","","","4","","","","","","No verified undergraduate resident count collected; bed capacity and projected move-ins are not occupancy."
"171100","Michigan State University","age_18_24_pct","95.81305733270756","percent","available","derived_ratio","2023","95.81305733270756","10","68.6","EF2023B","https://nces.ed.gov/ipeds/datacenter/data/ef2023b.zip","NCES / U.S. Department of Education","2026-09-29","Sum EFBAGE 4,5,6 / EFBAGE 1; LSTUDY=2. Unknown ages remain in denominator."
"171100","Michigan State University","women_pct","51.36477039745078","percent","available","derived_ratio","2023","97.27045920509843","0","68.6","EF2023A","https://nces.ed.gov/ipeds/datacenter/data/ef2023a.zip","NCES / U.S. Department of Education","2026-09-29","100 * EFTOTLW / EFTOTLT. IPEDS reported sex classification; not gender identity."
"171100","Michigan State University","out_of_state_freshmen_pct","17.80132172453582","percent","available","derived_ratio","2023","35.60264344907165","0","68.6","EF2023C","https://nces.ed.gov/ipeds/datacenter/data/ef2023c.zip","NCES / U.S. Department of Education","2026-09-29","(US-resident first-time entrants minus in-state entrants) / all entrants; international and unknown are not silently counted as out-of-state."
"171100","Michigan State University","age_18_19_pct","45.09547217350493","percent","available","derived_ratio","2023","45.09547217350493","0","68.6","EF2023B","https://nces.ed.gov/ipeds/datacenter/data/ef2023b.zip","NCES / U.S. Department of Education","2026-09-29","LSTUDY=2; EFBAGE=4; EFAGE09 / all-age EFAGE09."
"171100","Michigan State University","age_20_21_pct","40.76772966430354","percent","available","derived_ratio","2023","40.76772966430354","0","68.6","EF2023B","https://nces.ed.gov/ipeds/datacenter/data/ef2023b.zip","NCES / U.S. Department of Education","2026-09-29","LSTUDY=2; EFBAGE=5; EFAGE09 / all-age EFAGE09."
"171100","Michigan State University","age_22_24_pct","9.949855494899094","percent","available","derived_ratio","2023","9.949855494899094","0","68.6","EF2023B","https://nces.ed.gov/ipeds/datacenter/data/ef2023b.zip","NCES / U.S. Department of Education","2026-09-29","LSTUDY=2; EFBAGE=6; EFAGE09 / all-age EFAGE09."
"171100","Michigan State University","age_25_plus_pct","1.8303979448163428","percent","available","derived_ratio","2023","1.830397944816343","0","68.6","EF2023B","https://nces.ed.gov/ipeds/datacenter/data/ef2023b.zip","NCES / U.S. Department of Education","2026-09-29","LSTUDY=2; EFBAGE=7; EFAGE09 / all-age EFAGE09."
"171100","Michigan State University","age_unknown_pct","","percent","unavailable","","","","0","","","","","","LSTUDY=2; EFBAGE=14; EFAGE09 / all-age EFAGE09. Missing, suppressed, imputed or not reported."
"171100","Michigan State University","in_state_freshmen_pct","75.79985314171824","percent","available","derived_ratio","2023","75.79985314171824","0","68.6","EF2023C","https://nces.ed.gov/ipeds/datacenter/data/ef2023c.zip","NCES / U.S. Department of Education","2026-09-29","In-state first-time degree-seeking entrants / all first-time entrants. NOT all-undergraduate residency."
"171100","Michigan State University","international_pct","5.673986611664155","percent","available","derived_ratio","2023","5.673986611664155","0","68.6","EF2023A","https://nces.ed.gov/ipeds/datacenter/data/ef2023a.zip","NCES / U.S. Department of Education","2026-09-29","100 * EFNRALT / EFTOTLT. Descriptive only by default."
"171100","Michigan State University","hispanic_pct","6.232245633969814","percent","available","derived_ratio","2023","6.232245633969814","0","68.6","EF2023A","https://nces.ed.gov/ipeds/datacenter/data/ef2023a.zip","NCES / U.S. Department of Education","2026-09-29","100 * EFHISPT / EFTOTLT. Descriptive only by default."
"171100","Michigan State University","black_pct","6.503964627127436","percent","available","derived_ratio","2023","6.503964627127436","0","68.6","EF2023A","https://nces.ed.gov/ipeds/datacenter/data/ef2023a.zip","NCES / U.S. Department of Education","2026-09-29","100 * EFBKAAT / EFTOTLT. Descriptive only by default."
"171100","Michigan State University","asian_pct","8.000889262159426","percent","available","derived_ratio","2023","8.000889262159426","0","68.6","EF2023A","https://nces.ed.gov/ipeds/datacenter/data/ef2023a.zip","NCES / U.S. Department of Education","2026-09-29","100 * EFASIAT / EFTOTLT. Descriptive only by default."
"171100","Michigan State University","greek_pct","11.9","percent","available","reported_rounded","Fall 2025","19.833333333333332","15.000000000000002","72.675","review-7c18273636fc","https://fsl.msu.edu/about/Fall%202025%20FSL%20Semester%20Report.pdf","Michigan State University","2026-09-29","All-community report explicitly reports 4,874 members, 11.9% of the MSU undergraduate student body (40,869), and 56 chapters. Replaces Fall 2024 counts. IFC 28, MGC 8, NPHC 6, PC 14."
"171100","Michigan State University","greek_chapters","56","organizations","available","reported","Fall 2025","70","7.500000000000001","85.5","review-7c18273636fc","https://fsl.msu.edu/about/Fall%202025%20FSL%20Semester%20Report.pdf","Michigan State University","2026-09-29","All-community report explicitly reports 4,874 members, 11.9% of the MSU undergraduate student body (40,869), and 56 chapters. Replaces Fall 2024 counts. IFC 28, MGC 8, NPHC 6, PC 14."
"171100","Michigan State University","greek_members","4874","students","available","reported","Fall 2025","90.40887567591976","2.5000000000000004","85.5","review-7c18273636fc","https://fsl.msu.edu/about/Fall%202025%20FSL%20Semester%20Report.pdf","Michigan State University","2026-09-29","All-community report explicitly reports 4,874 members, 11.9% of the MSU undergraduate student body (40,869), and 56 chapters. Replaces Fall 2024 counts. IFC 28, MGC 8, NPHC 6, PC 14."
"171100","Michigan State University","verified_creators_per_1000","","creators/1,000","unavailable","","","","10.5","","","","","","No audited student-creator roster and same-scope denominator collected; program presence is a separate proxy."
"171100","Michigan State University","creator_program_present","1","indicator","available","documented_opportunity","2026","100","4.5","42.74999999999999","review-699a57f456f7","https://careernetwork.msu.edu/jobs/msu-international-studies-and-programs-student-social-media-and-digital-content-creator/","Michigan State University","2026-09-29","MSU International Studies and Programs advertised an on-campus student content-creator role June 1-July 2, 2026. Evidence of a university content opportunity; the expired listing does not verify hiring or available creators."
"171100","Michigan State University","relevant_awards_pct","28.137490007993605","percent","available","derived_ratio","2023-24","56.27498001598721","7.000000000000001","58.309999999999995","C2024_A","https://nces.ed.gov/ipeds/datacenter/data/c2024_a.zip","NCES / U.S. Department of Education","2026-09-29","Relevant first-major bachelor awards / CIP=99 total bachelor awards. No second-major double counting."
"171100","Michigan State University","relevant_awards","2464","awards","available","derived_sum","2023-24","91.69410087447847","2.0000000000000004","58.309999999999995","C2024_A","https://nces.ed.gov/ipeds/datacenter/data/c2024_a.zip","NCES / U.S. Department of Education","2026-09-29","AWLEVEL=5; MAJORNUM=1; unique six-digit CIP records in 52.*,09.*,10.*,50.04*,50.06*,19.09*,31.0504. Awards are not current major enrollment."
"171100","Michigan State University","relevant_clubs","","organizations","unavailable","","","","1.0000000000000002","","","","","","No comparable verified observation collected."
"171100","Michigan State University","customers_per_1000","","customers/1,000","unavailable","","","","5","","","","","","No first-party client data supplied."
"171100","Michigan State University","lodging_proxy_usd","113","USD/night","available","policy_proxy","FY2027","93.5","2","73.5","gsa","https://www.gsa.gov/system/files/FY2027PerDiemZipCode_Validated090126.xlsx","U.S. General Services Administration","2026-09-29","Equal-month average FY2027 federal lodging allowance at institutional ZIP 48824. Administrative benchmark, not a commercial hotel quote; no taxes or event surge."
"171100","Michigan State University","labor_hourly_usd","","USD/hour","unavailable","","","","1","","","","","","Requires a comparable staffing role and dated local rate."
"171100","Michigan State University","venue_day_usd","","USD/day","unavailable","","","","1","","","","","","Requires a dated venue rate for comparable event specifications."
"171100","Michigan State University","permit_days","","days","unavailable","","","","0.5","","","","","","Requires an event type and verified campus approval lead time."
"171100","Michigan State University","travel_quote_usd","","USD/trip","unavailable","","","","0.5","","","","","","Requires origin, dates, mode and party size for a comparable quote."
"171100","Michigan State University","meals_proxy_usd","68","USD/day","available","policy_proxy","FY2027","64","0","73.5","gsa","https://www.gsa.gov/system/files/FY2027PerDiemZipCode_Validated090126.xlsx","U.S. General Services Administration","2026-09-29","FY2027 meals/incidental allowance. Not local labor or event budget."
"171100","Michigan State University","airport_km","10.278342305374347","km","available","geographic_proxy","","93.1477717964171","3","54.000000000000014","HD2024; airports","https://nces.ed.gov/ipeds/datacenter/data/hd2024.zip; https://davidmegginson.github.io/ourairports-data/airports.csv","NCES / U.S. Department of Education; OurAirports","2026-09-29; 2026-09-29","Haversine great-circle distance to nearest US large/medium airport with scheduled_service=yes. Not drive time, route frequency, or fare."
"171100","Michigan State University","metro_presence","1","indicator","available","geographic_proxy","2024","100","1","70.56","HD2024","https://nces.ed.gov/ipeds/datacenter/data/hd2024.zip","NCES / U.S. Department of Education","2026-09-29","IPEDS metropolitan CBSA membership; not metro population or downtown distance."
"171100","Michigan State University","nearby_campuses","1","campuses","available","geographic_proxy","2024","20","1","70.56","HD2024","https://nces.ed.gov/ipeds/datacenter/data/hd2024.zip","NCES / U.S. Department of Education","2026-09-29","Count within 200 km great-circle of fixed geography-reference.json; not road routing or shared-customer overlap."
"171100","Michigan State University","cac_usd","","USD/customer","unavailable","","","","1.75","","","","","","No first-party client data supplied."
"171100","Michigan State University","conversion_pct","","percent","unavailable","","","","1.25","","","","","","No first-party client data supplied."
"171100","Michigan State University","roi_pct","","percent","unavailable","","","","1.25","","","","","","No first-party client data supplied."
"171100","Michigan State University","engagement_pct","","percent","unavailable","","","","0.75","","","","","","No first-party client data supplied."
"171100","Michigan State University","samples","","samples","unavailable","","","","0","","","","","","No first-party client data supplied."
"171100","Michigan State University","leads","","leads","unavailable","","","","0","","","","","","No first-party client data supplied."
"171100","Michigan State University","revenue_usd","","USD","unavailable","","","","0","","","","","","No first-party client data supplied."
"171100","Michigan State University","ambassador_conversions","","customers","unavailable","","","","0","","","","","","No first-party client data supplied."
"171100","Michigan State University","event_attendance","","people","unavailable","","","","0","","","","","","No first-party client data supplied."
"122409","San Diego State University","undergraduates","34050","students","available","reported","2023","83.31381378742353","6","68.6","EF2023A","https://nces.ed.gov/ipeds/datacenter/data/ef2023a.zip","NCES / U.S. Department of Education","2026-09-29","EFALEVEL=2; EFTOTLT. Full-time plus part-time undergraduates."
"122409","San Diego State University","non_distance_undergraduates","32339","students","available","derived_difference","2023","81.07465325461729","10","68.6","EF2023A_DIST","https://nces.ed.gov/ipeds/datacenter/data/ef2023a_dist.zip","NCES / U.S. Department of Education","2026-09-29","EFDELEV=2; EFDETOT minus EFDEEXC. At least some non-distance courses; not residence-hall occupancy."
"122409","San Diego State University","on_campus_residents","","students","unavailable","","","","4","","","","","","No verified undergraduate resident count collected; bed capacity and projected move-ins are not occupancy."
"122409","San Diego State University","age_18_24_pct","86.928046989721","percent","available","derived_ratio","2023","86.92804698972101","10","68.6","EF2023B","https://nces.ed.gov/ipeds/datacenter/data/ef2023b.zip","NCES / U.S. Department of Education","2026-09-29","Sum EFBAGE 4,5,6 / EFBAGE 1; LSTUDY=2. Unknown ages remain in denominator."
"122409","San Diego State University","women_pct","56.478707782672544","percent","available","derived_ratio","2023","87.04258443465491","0","68.6","EF2023A","https://nces.ed.gov/ipeds/datacenter/data/ef2023a.zip","NCES / U.S. Department of Education","2026-09-29","100 * EFTOTLW / EFTOTLT. IPEDS reported sex classification; not gender identity."
"122409","San Diego State University","out_of_state_freshmen_pct","23.336579032781565","percent","available","derived_ratio","2023","46.67315806556312","0","68.6","EF2023C","https://nces.ed.gov/ipeds/datacenter/data/ef2023c.zip","NCES / U.S. Department of Education","2026-09-29","(US-resident first-time entrants minus in-state entrants) / all entrants; international and unknown are not silently counted as out-of-state."
"122409","San Diego State University","age_18_19_pct","34.23788546255506","percent","available","derived_ratio","2023","34.23788546255506","0","68.6","EF2023B","https://nces.ed.gov/ipeds/datacenter/data/ef2023b.zip","NCES / U.S. Department of Education","2026-09-29","LSTUDY=2; EFBAGE=4; EFAGE09 / all-age EFAGE09."
"122409","San Diego State University","age_20_21_pct","34.49045521292217","percent","available","derived_ratio","2023","34.49045521292217","0","68.6","EF2023B","https://nces.ed.gov/ipeds/datacenter/data/ef2023b.zip","NCES / U.S. Department of Education","2026-09-29","LSTUDY=2; EFBAGE=5; EFAGE09 / all-age EFAGE09."
"122409","San Diego State University","age_22_24_pct","18.19970631424376","percent","available","derived_ratio","2023","18.19970631424376","0","68.6","EF2023B","https://nces.ed.gov/ipeds/datacenter/data/ef2023b.zip","NCES / U.S. Department of Education","2026-09-29","LSTUDY=2; EFBAGE=6; EFAGE09 / all-age EFAGE09."
"122409","San Diego State University","age_25_plus_pct","11.794419970631424","percent","available","derived_ratio","2023","11.794419970631425","0","68.6","EF2023B","https://nces.ed.gov/ipeds/datacenter/data/ef2023b.zip","NCES / U.S. Department of Education","2026-09-29","LSTUDY=2; EFBAGE=7; EFAGE09 / all-age EFAGE09."
"122409","San Diego State University","age_unknown_pct","","percent","unavailable","","","","0","","","","","","LSTUDY=2; EFBAGE=14; EFAGE09 / all-age EFAGE09. Missing, suppressed, imputed or not reported."
"122409","San Diego State University","in_state_freshmen_pct","74.6024018175917","percent","available","derived_ratio","2023","74.6024018175917","0","68.6","EF2023C","https://nces.ed.gov/ipeds/datacenter/data/ef2023c.zip","NCES / U.S. Department of Education","2026-09-29","In-state first-time degree-seeking entrants / all first-time entrants. NOT all-undergraduate residency."
"122409","San Diego State University","international_pct","2.563876651982379","percent","available","derived_ratio","2023","2.563876651982379","0","68.6","EF2023A","https://nces.ed.gov/ipeds/datacenter/data/ef2023a.zip","NCES / U.S. Department of Education","2026-09-29","100 * EFNRALT / EFTOTLT. Descriptive only by default."
"122409","San Diego State University","hispanic_pct","35.944199706314244","percent","available","derived_ratio","2023","35.944199706314244","0","68.6","EF2023A","https://nces.ed.gov/ipeds/datacenter/data/ef2023a.zip","NCES / U.S. Department of Education","2026-09-29","100 * EFHISPT / EFTOTLT. Descriptive only by default."
"122409","San Diego State University","black_pct","3.6387665198237884","percent","available","derived_ratio","2023","3.6387665198237884","0","68.6","EF2023A","https://nces.ed.gov/ipeds/datacenter/data/ef2023a.zip","NCES / U.S. Department of Education","2026-09-29","100 * EFBKAAT / EFTOTLT. Descriptive only by default."
"122409","San Diego State University","asian_pct","13.248164464023494","percent","available","derived_ratio","2023","13.248164464023494","0","68.6","EF2023A","https://nces.ed.gov/ipeds/datacenter/data/ef2023a.zip","NCES / U.S. Department of Education","2026-09-29","100 * EFASIAT / EFTOTLT. Descriptive only by default."
"122409","San Diego State University","greek_pct","","percent","unavailable","","","","15.000000000000002","","","","","","No comparable verified observation collected."
"122409","San Diego State University","greek_chapters","40","organizations","available","lower_bound","","50","7.500000000000001","60.562499999999986","review-20a248ae9cfa","https://sacd.sdsu.edu/student-life-leadership/fraternity-and-sorority-life","San Diego State University","2026-09-29","Office reports more than 40 recognized social chapters and over 4,500 affiliated students. Some NPHC chapters are city-wide; membership is office-reported ecosystem scope and not used to derive undergraduate penetration."
"122409","San Diego State University","greek_members","4500","students","available","lower_bound","","89.55906544535203","2.5000000000000004","60.562499999999986","review-20a248ae9cfa","https://sacd.sdsu.edu/student-life-leadership/fraternity-and-sorority-life","San Diego State University","2026-09-29","Office reports more than 40 recognized social chapters and over 4,500 affiliated students. Some NPHC chapters are city-wide; membership is office-reported ecosystem scope and not used to derive undergraduate penetration."
"122409","San Diego State University","verified_creators_per_1000","","creators/1,000","unavailable","","","","10.5","","","","","","No audited student-creator roster and same-scope denominator collected; program presence is a separate proxy."
"122409","San Diego State University","creator_program_present","","indicator","unavailable","","","","4.5","","","","","","No comparable verified observation collected."
"122409","San Diego State University","relevant_awards_pct","33.35268842178609","percent","available","derived_ratio","2023-24","66.70537684357218","7.000000000000001","58.309999999999995","C2024_A","https://nces.ed.gov/ipeds/datacenter/data/c2024_a.zip","NCES / U.S. Department of Education","2026-09-29","Relevant first-major bachelor awards / CIP=99 total bachelor awards. No second-major double counting."
"122409","San Diego State University","relevant_awards","2872","awards","available","derived_sum","2023-24","93.49236202574787","2.0000000000000004","58.309999999999995","C2024_A","https://nces.ed.gov/ipeds/datacenter/data/c2024_a.zip","NCES / U.S. Department of Education","2026-09-29","AWLEVEL=5; MAJORNUM=1; unique six-digit CIP records in 52.*,09.*,10.*,50.04*,50.06*,19.09*,31.0504. Awards are not current major enrollment."
"122409","San Diego State University","relevant_clubs","","organizations","unavailable","","","","1.0000000000000002","","","","","","No comparable verified observation collected."
"122409","San Diego State University","customers_per_1000","","customers/1,000","unavailable","","","","5","","","","","","No first-party client data supplied."
"122409","San Diego State University","lodging_proxy_usd","214.83333333333334","USD/night","available","policy_proxy","FY2027","42.58333333333333","2","73.5","gsa","https://www.gsa.gov/system/files/FY2027PerDiemZipCode_Validated090126.xlsx","U.S. General Services Administration","2026-09-29","Equal-month average FY2027 federal lodging allowance at institutional ZIP 92182. Administrative benchmark, not a commercial hotel quote; no taxes or event surge."
"122409","San Diego State University","labor_hourly_usd","","USD/hour","unavailable","","","","1","","","","","","Requires a comparable staffing role and dated local rate."
"122409","San Diego State University","venue_day_usd","","USD/day","unavailable","","","","1","","","","","","Requires a dated venue rate for comparable event specifications."
"122409","San Diego State University","permit_days","","days","unavailable","","","","0.5","","","","","","Requires an event type and verified campus approval lead time."
"122409","San Diego State University","travel_quote_usd","","USD/trip","unavailable","","","","0.5","","","","","","Requires origin, dates, mode and party size for a comparable quote."
"122409","San Diego State University","meals_proxy_usd","86","USD/day","available","policy_proxy","FY2027","28","0","73.5","gsa","https://www.gsa.gov/system/files/FY2027PerDiemZipCode_Validated090126.xlsx","U.S. General Services Administration","2026-09-29","FY2027 meals/incidental allowance. Not local labor or event budget."
"122409","San Diego State University","airport_km","12.033943640501437","km","available","geographic_proxy","","91.97737090633237","3","54.000000000000014","HD2024; airports","https://nces.ed.gov/ipeds/datacenter/data/hd2024.zip; https://davidmegginson.github.io/ourairports-data/airports.csv","NCES / U.S. Department of Education; OurAirports","2026-09-29; 2026-09-29","Haversine great-circle distance to nearest US large/medium airport with scheduled_service=yes. Not drive time, route frequency, or fare."
"122409","San Diego State University","metro_presence","1","indicator","available","geographic_proxy","2024","100","1","70.56","HD2024","https://nces.ed.gov/ipeds/datacenter/data/hd2024.zip","NCES / U.S. Department of Education","2026-09-29","IPEDS metropolitan CBSA membership; not metro population or downtown distance."
"122409","San Diego State University","nearby_campuses","1","campuses","available","geographic_proxy","2024","20","1","70.56","HD2024","https://nces.ed.gov/ipeds/datacenter/data/hd2024.zip","NCES / U.S. Department of Education","2026-09-29","Count within 200 km great-circle of fixed geography-reference.json; not road routing or shared-customer overlap."
"122409","San Diego State University","cac_usd","","USD/customer","unavailable","","","","1.75","","","","","","No first-party client data supplied."
"122409","San Diego State University","conversion_pct","","percent","unavailable","","","","1.25","","","","","","No first-party client data supplied."
"122409","San Diego State University","roi_pct","","percent","unavailable","","","","1.25","","","","","","No first-party client data supplied."
"122409","San Diego State University","engagement_pct","","percent","unavailable","","","","0.75","","","","","","No first-party client data supplied."
"122409","San Diego State University","samples","","samples","unavailable","","","","0","","","","","","No first-party client data supplied."
"122409","San Diego State University","leads","","leads","unavailable","","","","0","","","","","","No first-party client data supplied."
"122409","San Diego State University","revenue_usd","","USD","unavailable","","","","0","","","","","","No first-party client data supplied."
"122409","San Diego State University","ambassador_conversions","","customers","unavailable","","","","0","","","","","","No first-party client data supplied."
"122409","San Diego State University","event_attendance","","people","unavailable","","","","0","","","","","","No first-party client data supplied."
"151351","Indiana University-Bloomington","undergraduates","36833","students","available","reported","2023","86.72598180672881","6","68.6","EF2023A","https://nces.ed.gov/ipeds/datacenter/data/ef2023a.zip","NCES / U.S. Department of Education","2026-09-29","EFALEVEL=2; EFTOTLT. Full-time plus part-time undergraduates."
"151351","Indiana University-Bloomington","non_distance_undergraduates","36633","students","available","derived_difference","2023","86.48950905459925","10","68.6","EF2023A_DIST","https://nces.ed.gov/ipeds/datacenter/data/ef2023a_dist.zip","NCES / U.S. Department of Education","2026-09-29","EFDELEV=2; EFDETOT minus EFDEEXC. At least some non-distance courses; not residence-hall occupancy."
"151351","Indiana University-Bloomington","on_campus_residents","","students","unavailable","","","","4","","","","","","No verified undergraduate resident count collected; bed capacity and projected move-ins are not occupancy."
"151351","Indiana University-Bloomington","age_18_24_pct","96.95924849998643","percent","available","derived_ratio","2023","96.95924849998643","10","68.6","EF2023B","https://nces.ed.gov/ipeds/datacenter/data/ef2023b.zip","NCES / U.S. Department of Education","2026-09-29","Sum EFBAGE 4,5,6 / EFBAGE 1; LSTUDY=2. Unknown ages remain in denominator."
"151351","Indiana University-Bloomington","women_pct","49.79502076941873","percent","available","derived_ratio","2023","99.59004153883745","0","68.6","EF2023A","https://nces.ed.gov/ipeds/datacenter/data/ef2023a.zip","NCES / U.S. Department of Education","2026-09-29","100 * EFTOTLW / EFTOTLT. IPEDS reported sex classification; not gender identity."
"151351","Indiana University-Bloomington","out_of_state_freshmen_pct","40.575916230366495","percent","available","derived_ratio","2023","81.15183246073299","0","68.6","EF2023C","https://nces.ed.gov/ipeds/datacenter/data/ef2023c.zip","NCES / U.S. Department of Education","2026-09-29","(US-resident first-time entrants minus in-state entrants) / all entrants; international and unknown are not silently counted as out-of-state."
"151351","Indiana University-Bloomington","age_18_19_pct","47.951565172535496","percent","available","derived_ratio","2023","47.951565172535496","0","68.6","EF2023B","https://nces.ed.gov/ipeds/datacenter/data/ef2023b.zip","NCES / U.S. Department of Education","2026-09-29","LSTUDY=2; EFBAGE=4; EFAGE09 / all-age EFAGE09."
"151351","Indiana University-Bloomington","age_20_21_pct","42.36146933456411","percent","available","derived_ratio","2023","42.36146933456412","0","68.6","EF2023B","https://nces.ed.gov/ipeds/datacenter/data/ef2023b.zip","NCES / U.S. Department of Education","2026-09-29","LSTUDY=2; EFBAGE=5; EFAGE09 / all-age EFAGE09."
"151351","Indiana University-Bloomington","age_22_24_pct","6.646213992886813","percent","available","derived_ratio","2023","6.646213992886813","0","68.6","EF2023B","https://nces.ed.gov/ipeds/datacenter/data/ef2023b.zip","NCES / U.S. Department of Education","2026-09-29","LSTUDY=2; EFBAGE=6; EFAGE09 / all-age EFAGE09."
"151351","Indiana University-Bloomington","age_25_plus_pct","1.2733146906306845","percent","available","derived_ratio","2023","1.2733146906306845","0","68.6","EF2023B","https://nces.ed.gov/ipeds/datacenter/data/ef2023b.zip","NCES / U.S. Department of Education","2026-09-29","LSTUDY=2; EFBAGE=7; EFAGE09 / all-age EFAGE09."
"151351","Indiana University-Bloomington","age_unknown_pct","","percent","unavailable","","","","0","","","","","","LSTUDY=2; EFBAGE=14; EFAGE09 / all-age EFAGE09. Missing, suppressed, imputed or not reported."
"151351","Indiana University-Bloomington","in_state_freshmen_pct","53.87434554973822","percent","available","derived_ratio","2023","53.87434554973823","0","68.6","EF2023C","https://nces.ed.gov/ipeds/datacenter/data/ef2023c.zip","NCES / U.S. Department of Education","2026-09-29","In-state first-time degree-seeking entrants / all first-time entrants. NOT all-undergraduate residency."
"151351","Indiana University-Bloomington","international_pct","4.973800667879347","percent","available","derived_ratio","2023","4.973800667879347","0","68.6","EF2023A","https://nces.ed.gov/ipeds/datacenter/data/ef2023a.zip","NCES / U.S. Department of Education","2026-09-29","100 * EFNRALT / EFTOTLT. Descriptive only by default."
"151351","Indiana University-Bloomington","hispanic_pct","8.405505932180382","percent","available","derived_ratio","2023","8.405505932180382","0","68.6","EF2023A","https://nces.ed.gov/ipeds/datacenter/data/ef2023a.zip","NCES / U.S. Department of Education","2026-09-29","100 * EFHISPT / EFTOTLT. Descriptive only by default."
"151351","Indiana University-Bloomington","black_pct","4.156598702250699","percent","available","derived_ratio","2023","4.156598702250699","0","68.6","EF2023A","https://nces.ed.gov/ipeds/datacenter/data/ef2023a.zip","NCES / U.S. Department of Education","2026-09-29","100 * EFBKAAT / EFTOTLT. Descriptive only by default."
"151351","Indiana University-Bloomington","asian_pct","9.912306898704966","percent","available","derived_ratio","2023","9.912306898704966","0","68.6","EF2023A","https://nces.ed.gov/ipeds/datacenter/data/ef2023a.zip","NCES / U.S. Department of Education","2026-09-29","100 * EFASIAT / EFTOTLT. Descriptive only by default."
"151351","Indiana University-Bloomington","greek_pct","24","percent","available","reported_approximate","","40","15.000000000000002","60.562499999999986","review-aa8f25dd62b7","https://family.iu.edu/involvement-belonging/sororities-fraternities/joining/how-to-join.html","Indiana University-Bloomington","2026-09-29","Official joining overview explicitly reports approximately 24% of the undergraduate student body. Undated; membership descriptions vary between almost and more than 8,000 on university pages."
"151351","Indiana University-Bloomington","greek_chapters","70","organizations","available","lower_bound","","87.5","7.500000000000001","60.562499999999986","review-aa8f25dd62b7","https://family.iu.edu/involvement-belonging/sororities-fraternities/joining/how-to-join.html","Indiana University-Bloomington","2026-09-29","Official joining overview explicitly reports approximately 24% of the undergraduate student body. Undated; membership descriptions vary between almost and more than 8,000 on university pages."
"151351","Indiana University-Bloomington","greek_members","8000","students","available","lower_bound","","95.68365334502441","2.5000000000000004","60.562499999999986","primary-46","https://studentlife.indiana.edu/involvement-belonging/sororities-fraternities/index.html","Indiana University-Bloomington","2026-09-29","University explicitly reports more than 8,000 IU Bloomington members; no cross-year participation percentage inferred."
"151351","Indiana University-Bloomington","verified_creators_per_1000","","creators/1,000","unavailable","","","","10.5","","","","","","No audited student-creator roster and same-scope denominator collected; program presence is a separate proxy."
"151351","Indiana University-Bloomington","creator_program_present","1","indicator","available","documented_opportunity","","100","4.5","32.06249999999999","review-87c1af0c2e15","https://plus.college.indiana.edu/our-team/social-media-internship.html","Indiana University-Bloomington","2026-09-29","College of Arts and Sciences advertises a student hourly social-media specialist and internship-credit opportunity producing marketing and video content. Documents a recruitment channel, not a filled position or current creator count."
"151351","Indiana University-Bloomington","relevant_awards_pct","41.66212534059945","percent","available","derived_ratio","2023-24","83.3242506811989","7.000000000000001","58.309999999999995","C2024_A","https://nces.ed.gov/ipeds/datacenter/data/c2024_a.zip","NCES / U.S. Department of Education","2026-09-29","Relevant first-major bachelor awards / CIP=99 total bachelor awards. No second-major double counting."
"151351","Indiana University-Bloomington","relevant_awards","3058","awards","available","derived_sum","2023-24","94.22887006182299","2.0000000000000004","58.309999999999995","C2024_A","https://nces.ed.gov/ipeds/datacenter/data/c2024_a.zip","NCES / U.S. Department of Education","2026-09-29","AWLEVEL=5; MAJORNUM=1; unique six-digit CIP records in 52.*,09.*,10.*,50.04*,50.06*,19.09*,31.0504. Awards are not current major enrollment."
"151351","Indiana University-Bloomington","relevant_clubs","","organizations","unavailable","","","","1.0000000000000002","","","","","","No comparable verified observation collected."
"151351","Indiana University-Bloomington","customers_per_1000","","customers/1,000","unavailable","","","","5","","","","","","No first-party client data supplied."
"151351","Indiana University-Bloomington","lodging_proxy_usd","132","USD/night","available","policy_proxy","FY2027","84","2","73.5","gsa","https://www.gsa.gov/system/files/FY2027PerDiemZipCode_Validated090126.xlsx","U.S. General Services Administration","2026-09-29","Equal-month average FY2027 federal lodging allowance at institutional ZIP 47405. Administrative benchmark, not a commercial hotel quote; no taxes or event surge."
"151351","Indiana University-Bloomington","labor_hourly_usd","","USD/hour","unavailable","","","","1","","","","","","Requires a comparable staffing role and dated local rate."
"151351","Indiana University-Bloomington","venue_day_usd","","USD/day","unavailable","","","","1","","","","","","Requires a dated venue rate for comparable event specifications."
"151351","Indiana University-Bloomington","permit_days","","days","unavailable","","","","0.5","","","","","","Requires an event type and verified campus approval lead time."
"151351","Indiana University-Bloomington","travel_quote_usd","","USD/trip","unavailable","","","","0.5","","","","","","Requires origin, dates, mode and party size for a comparable quote."
"151351","Indiana University-Bloomington","meals_proxy_usd","74","USD/day","available","policy_proxy","FY2027","52","0","73.5","gsa","https://www.gsa.gov/system/files/FY2027PerDiemZipCode_Validated090126.xlsx","U.S. General Services Administration","2026-09-29","FY2027 meals/incidental allowance. Not local labor or event budget."
"151351","Indiana University-Bloomington","airport_km","64.45245992577372","km","available","geographic_proxy","","57.031693382817515","3","54.000000000000014","HD2024; airports","https://nces.ed.gov/ipeds/datacenter/data/hd2024.zip; https://davidmegginson.github.io/ourairports-data/airports.csv","NCES / U.S. Department of Education; OurAirports","2026-09-29; 2026-09-29","Haversine great-circle distance to nearest US large/medium airport with scheduled_service=yes. Not drive time, route frequency, or fare."
"151351","Indiana University-Bloomington","metro_presence","1","indicator","available","geographic_proxy","2024","100","1","70.56","HD2024","https://nces.ed.gov/ipeds/datacenter/data/hd2024.zip","NCES / U.S. Department of Education","2026-09-29","IPEDS metropolitan CBSA membership; not metro population or downtown distance."
"151351","Indiana University-Bloomington","nearby_campuses","2","campuses","available","geographic_proxy","2024","40","1","70.56","HD2024","https://nces.ed.gov/ipeds/datacenter/data/hd2024.zip","NCES / U.S. Department of Education","2026-09-29","Count within 200 km great-circle of fixed geography-reference.json; not road routing or shared-customer overlap."
"151351","Indiana University-Bloomington","cac_usd","","USD/customer","unavailable","","","","1.75","","","","","","No first-party client data supplied."
"151351","Indiana University-Bloomington","conversion_pct","","percent","unavailable","","","","1.25","","","","","","No first-party client data supplied."
"151351","Indiana University-Bloomington","roi_pct","","percent","unavailable","","","","1.25","","","","","","No first-party client data supplied."
"151351","Indiana University-Bloomington","engagement_pct","","percent","unavailable","","","","0.75","","","","","","No first-party client data supplied."
"151351","Indiana University-Bloomington","samples","","samples","unavailable","","","","0","","","","","","No first-party client data supplied."
"151351","Indiana University-Bloomington","leads","","leads","unavailable","","","","0","","","","","","No first-party client data supplied."
"151351","Indiana University-Bloomington","revenue_usd","","USD","unavailable","","","","0","","","","","","No first-party client data supplied."
"151351","Indiana University-Bloomington","ambassador_conversions","","customers","unavailable","","","","0","","","","","","No first-party client data supplied."
"151351","Indiana University-Bloomington","event_attendance","","people","unavailable","","","","0","","","","","","No first-party client data supplied."
"204024","Miami University-Oxford","undergraduates","16478","students","available","reported","2023","51.791448167265806","6","68.6","EF2023A","https://nces.ed.gov/ipeds/datacenter/data/ef2023a.zip","NCES / U.S. Department of Education","2026-09-29","EFALEVEL=2; EFTOTLT. Full-time plus part-time undergraduates."
"204024","Miami University-Oxford","non_distance_undergraduates","16390","students","available","derived_difference","2023","51.558889644370616","10","68.6","EF2023A_DIST","https://nces.ed.gov/ipeds/datacenter/data/ef2023a_dist.zip","NCES / U.S. Department of Education","2026-09-29","EFDELEV=2; EFDETOT minus EFDEEXC. At least some non-distance courses; not residence-hall occupancy."
"204024","Miami University-Oxford","on_campus_residents","","students","unavailable","","","","4","","","","","","No verified undergraduate resident count collected; bed capacity and projected move-ins are not occupancy."
"204024","Miami University-Oxford","age_18_24_pct","97.69389489015657","percent","available","derived_ratio","2023","97.69389489015657","10","68.6","EF2023B","https://nces.ed.gov/ipeds/datacenter/data/ef2023b.zip","NCES / U.S. Department of Education","2026-09-29","Sum EFBAGE 4,5,6 / EFBAGE 1; LSTUDY=2. Unknown ages remain in denominator."
"204024","Miami University-Oxford","women_pct","51.50503701905571","percent","available","derived_ratio","2023","96.98992596188857","0","68.6","EF2023A","https://nces.ed.gov/ipeds/datacenter/data/ef2023a.zip","NCES / U.S. Department of Education","2026-09-29","100 * EFTOTLW / EFTOTLT. IPEDS reported sex classification; not gender identity."
"204024","Miami University-Oxford","out_of_state_freshmen_pct","35.78867157734315","percent","available","derived_ratio","2023","71.5773431546863","0","68.6","EF2023C","https://nces.ed.gov/ipeds/datacenter/data/ef2023c.zip","NCES / U.S. Department of Education","2026-09-29","(US-resident first-time entrants minus in-state entrants) / all entrants; international and unknown are not silently counted as out-of-state."
"204024","Miami University-Oxford","age_18_19_pct","44.216531132418986","percent","available","derived_ratio","2023","44.216531132418986","0","68.6","EF2023B","https://nces.ed.gov/ipeds/datacenter/data/ef2023b.zip","NCES / U.S. Department of Education","2026-09-29","LSTUDY=2; EFBAGE=4; EFAGE09 / all-age EFAGE09."
"204024","Miami University-Oxford","age_20_21_pct","45.272484524820975","percent","available","derived_ratio","2023","45.272484524820975","0","68.6","EF2023B","https://nces.ed.gov/ipeds/datacenter/data/ef2023b.zip","NCES / U.S. Department of Education","2026-09-29","LSTUDY=2; EFBAGE=5; EFAGE09 / all-age EFAGE09."
"204024","Miami University-Oxford","age_22_24_pct","8.204879232916616","percent","available","derived_ratio","2023","8.204879232916616","0","68.6","EF2023B","https://nces.ed.gov/ipeds/datacenter/data/ef2023b.zip","NCES / U.S. Department of Education","2026-09-29","LSTUDY=2; EFBAGE=6; EFAGE09 / all-age EFAGE09."
"204024","Miami University-Oxford","age_25_plus_pct","1.1591212525791965","percent","available","derived_ratio","2023","1.1591212525791965","0","68.6","EF2023B","https://nces.ed.gov/ipeds/datacenter/data/ef2023b.zip","NCES / U.S. Department of Education","2026-09-29","LSTUDY=2; EFBAGE=7; EFAGE09 / all-age EFAGE09."
"204024","Miami University-Oxford","age_unknown_pct","","percent","unavailable","","","","0","","","","","","LSTUDY=2; EFBAGE=14; EFAGE09 / all-age EFAGE09. Missing, suppressed, imputed or not reported."
"204024","Miami University-Oxford","in_state_freshmen_pct","63.14452628905258","percent","available","derived_ratio","2023","63.14452628905257","0","68.6","EF2023C","https://nces.ed.gov/ipeds/datacenter/data/ef2023c.zip","NCES / U.S. Department of Education","2026-09-29","In-state first-time degree-seeking entrants / all first-time entrants. NOT all-undergraduate residency."
"204024","Miami University-Oxford","international_pct","3.7019055710644495","percent","available","derived_ratio","2023","3.7019055710644495","0","68.6","EF2023A","https://nces.ed.gov/ipeds/datacenter/data/ef2023a.zip","NCES / U.S. Department of Education","2026-09-29","100 * EFNRALT / EFTOTLT. Descriptive only by default."
"204024","Miami University-Oxford","hispanic_pct","4.521179754824614","percent","available","derived_ratio","2023","4.521179754824614","0","68.6","EF2023A","https://nces.ed.gov/ipeds/datacenter/data/ef2023a.zip","NCES / U.S. Department of Education","2026-09-29","100 * EFHISPT / EFTOTLT. Descriptive only by default."
"204024","Miami University-Oxford","black_pct","2.919043573249181","percent","available","derived_ratio","2023","2.919043573249181","0","68.6","EF2023A","https://nces.ed.gov/ipeds/datacenter/data/ef2023a.zip","NCES / U.S. Department of Education","2026-09-29","100 * EFBKAAT / EFTOTLT. Descriptive only by default."
"204024","Miami University-Oxford","asian_pct","2.5913338997451145","percent","available","derived_ratio","2023","2.5913338997451145","0","68.6","EF2023A","https://nces.ed.gov/ipeds/datacenter/data/ef2023a.zip","NCES / U.S. Department of Education","2026-09-29","100 * EFASIAT / EFTOTLT. Descriptive only by default."
"204024","Miami University-Oxford","greek_pct","36","percent","available","reported_rounded","Spring 2026","60","15.000000000000002","80.75","primary-14","https://miamioh.edu/life-at-miami/student-involvement/fraternity-sorority-life/about/facts-and-stats/","Miami University-Oxford","2026-09-29","Full-time Oxford undergraduate denominator. Published gender subtotals do not sum to published total; use reported total without reconstructing it."
"204024","Miami University-Oxford","greek_chapters","","organizations","unavailable","","","","7.500000000000001","","","","","","No comparable verified observation collected."
"204024","Miami University-Oxford","greek_members","5804","students","available","reported","Spring 2026","92.26775192447549","2.5000000000000004","95","primary-14","https://miamioh.edu/life-at-miami/student-involvement/fraternity-sorority-life/about/facts-and-stats/","Miami University-Oxford","2026-09-29","Full-time Oxford undergraduate denominator. Published gender subtotals do not sum to published total; use reported total without reconstructing it."
"204024","Miami University-Oxford","verified_creators_per_1000","","creators/1,000","unavailable","","","","10.5","","","","","","No audited student-creator roster and same-scope denominator collected; program presence is a separate proxy."
"204024","Miami University-Oxford","creator_program_present","1","indicator","available","documented_program","","100","4.5","42.74999999999999","review-e1bec07e7cbb","https://miamioh.edu/centers-institutes/division-of-student-life/work-in-student-life/student-employment-opportunities.html","Miami University-Oxford","2026-09-29","Student Life employment overview describes a team of five to six student social-media assistants producing content across platforms. Presence only; the stated team range is not used as a creator census."
"204024","Miami University-Oxford","relevant_awards_pct","38.37725019566919","percent","available","derived_ratio","2023-24","76.75450039133838","7.000000000000001","58.309999999999995","C2024_A","https://nces.ed.gov/ipeds/datacenter/data/c2024_a.zip","NCES / U.S. Department of Education","2026-09-29","Relevant first-major bachelor awards / CIP=99 total bachelor awards. No second-major double counting."
"204024","Miami University-Oxford","relevant_awards","1471","awards","available","derived_sum","2023-24","85.64096023846764","2.0000000000000004","58.309999999999995","C2024_A","https://nces.ed.gov/ipeds/datacenter/data/c2024_a.zip","NCES / U.S. Department of Education","2026-09-29","AWLEVEL=5; MAJORNUM=1; unique six-digit CIP records in 52.*,09.*,10.*,50.04*,50.06*,19.09*,31.0504. Awards are not current major enrollment."
"204024","Miami University-Oxford","relevant_clubs","","organizations","unavailable","","","","1.0000000000000002","","","","","","No comparable verified observation collected."
"204024","Miami University-Oxford","customers_per_1000","","customers/1,000","unavailable","","","","5","","","","","","No first-party client data supplied."
"204024","Miami University-Oxford","lodging_proxy_usd","131","USD/night","available","policy_proxy","FY2027","84.5","2","73.5","gsa","https://www.gsa.gov/system/files/FY2027PerDiemZipCode_Validated090126.xlsx","U.S. General Services Administration","2026-09-29","Equal-month average FY2027 federal lodging allowance at institutional ZIP 45056. Administrative benchmark, not a commercial hotel quote; no taxes or event surge."
"204024","Miami University-Oxford","labor_hourly_usd","","USD/hour","unavailable","","","","1","","","","","","Requires a comparable staffing role and dated local rate."
"204024","Miami University-Oxford","venue_day_usd","","USD/day","unavailable","","","","1","","","","","","Requires a dated venue rate for comparable event specifications."
"204024","Miami University-Oxford","permit_days","","days","unavailable","","","","0.5","","","","","","Requires an event type and verified campus approval lead time."
"204024","Miami University-Oxford","travel_quote_usd","","USD/trip","unavailable","","","","0.5","","","","","","Requires origin, dates, mode and party size for a comparable quote."
"204024","Miami University-Oxford","meals_proxy_usd","74","USD/day","available","policy_proxy","FY2027","52","0","73.5","gsa","https://www.gsa.gov/system/files/FY2027PerDiemZipCode_Validated090126.xlsx","U.S. General Services Administration","2026-09-29","FY2027 meals/incidental allowance. Not local labor or event budget."
"204024","Miami University-Oxford","airport_km","51.340843586457645","km","available","geographic_proxy","","65.77277094236157","3","54.000000000000014","HD2024; airports","https://nces.ed.gov/ipeds/datacenter/data/hd2024.zip; https://davidmegginson.github.io/ourairports-data/airports.csv","NCES / U.S. Department of Education; OurAirports","2026-09-29; 2026-09-29","Haversine great-circle distance to nearest US large/medium airport with scheduled_service=yes. Not drive time, route frequency, or fare."
"204024","Miami University-Oxford","metro_presence","1","indicator","available","geographic_proxy","2024","100","1","70.56","HD2024","https://nces.ed.gov/ipeds/datacenter/data/hd2024.zip","NCES / U.S. Department of Education","2026-09-29","IPEDS metropolitan CBSA membership; not metro population or downtown distance."
"204024","Miami University-Oxford","nearby_campuses","3","campuses","available","geographic_proxy","2024","60","1","70.56","HD2024","https://nces.ed.gov/ipeds/datacenter/data/hd2024.zip","NCES / U.S. Department of Education","2026-09-29","Count within 200 km great-circle of fixed geography-reference.json; not road routing or shared-customer overlap."
"204024","Miami University-Oxford","cac_usd","","USD/customer","unavailable","","","","1.75","","","","","","No first-party client data supplied."
"204024","Miami University-Oxford","conversion_pct","","percent","unavailable","","","","1.25","","","","","","No first-party client data supplied."
"204024","Miami University-Oxford","roi_pct","","percent","unavailable","","","","1.25","","","","","","No first-party client data supplied."
"204024","Miami University-Oxford","engagement_pct","","percent","unavailable","","","","0.75","","","","","","No first-party client data supplied."
"204024","Miami University-Oxford","samples","","samples","unavailable","","","","0","","","","","","No first-party client data supplied."
"204024","Miami University-Oxford","leads","","leads","unavailable","","","","0","","","","","","No first-party client data supplied."
"204024","Miami University-Oxford","revenue_usd","","USD","unavailable","","","","0","","","","","","No first-party client data supplied."
"204024","Miami University-Oxford","ambassador_conversions","","customers","unavailable","","","","0","","","","","","No first-party client data supplied."
"204024","Miami University-Oxford","event_attendance","","people","unavailable","","","","0","","","","","","No first-party client data supplied."
"135726","University of Miami","undergraduates","12883","students","available","reported","2023","41.10259892034618","6","68.6","EF2023A","https://nces.ed.gov/ipeds/datacenter/data/ef2023a.zip","NCES / U.S. Department of Education","2026-09-29","EFALEVEL=2; EFTOTLT. Full-time plus part-time undergraduates."
"135726","University of Miami","non_distance_undergraduates","12713","students","available","derived_difference","2023","40.52570292228993","10","68.6","EF2023A_DIST","https://nces.ed.gov/ipeds/datacenter/data/ef2023a_dist.zip","NCES / U.S. Department of Education","2026-09-29","EFDELEV=2; EFDETOT minus EFDEEXC. At least some non-distance courses; not residence-hall occupancy."
"135726","University of Miami","on_campus_residents","","students","unavailable","","","","4","","","","","","No verified undergraduate resident count collected; bed capacity and projected move-ins are not occupancy."
"135726","University of Miami","age_18_24_pct","95.4436078553132","percent","available","derived_ratio","2023","95.4436078553132","10","68.6","EF2023B","https://nces.ed.gov/ipeds/datacenter/data/ef2023b.zip","NCES / U.S. Department of Education","2026-09-29","Sum EFBAGE 4,5,6 / EFBAGE 1; LSTUDY=2. Unknown ages remain in denominator."
"135726","University of Miami","women_pct","54.14887836684002","percent","available","derived_ratio","2023","91.70224326631995","0","68.6","EF2023A","https://nces.ed.gov/ipeds/datacenter/data/ef2023a.zip","NCES / U.S. Department of Education","2026-09-29","100 * EFTOTLW / EFTOTLT. IPEDS reported sex classification; not gender identity."
"135726","University of Miami","out_of_state_freshmen_pct","65.93642611683849","percent","available","derived_ratio","2023","68.12714776632302","0","68.6","EF2023C","https://nces.ed.gov/ipeds/datacenter/data/ef2023c.zip","NCES / U.S. Department of Education","2026-09-29","(US-resident first-time entrants minus in-state entrants) / all entrants; international and unknown are not silently counted as out-of-state."
"135726","University of Miami","age_18_19_pct","38.43048979275014","percent","available","derived_ratio","2023","38.43048979275014","0","68.6","EF2023B","https://nces.ed.gov/ipeds/datacenter/data/ef2023b.zip","NCES / U.S. Department of Education","2026-09-29","LSTUDY=2; EFBAGE=4; EFAGE09 / all-age EFAGE09."
"135726","University of Miami","age_20_21_pct","46.906776371963055","percent","available","derived_ratio","2023","46.90677637196305","0","68.6","EF2023B","https://nces.ed.gov/ipeds/datacenter/data/ef2023b.zip","NCES / U.S. Department of Education","2026-09-29","LSTUDY=2; EFBAGE=5; EFAGE09 / all-age EFAGE09."
"135726","University of Miami","age_22_24_pct","10.106341690600015","percent","available","derived_ratio","2023","10.106341690600015","0","68.6","EF2023B","https://nces.ed.gov/ipeds/datacenter/data/ef2023b.zip","NCES / U.S. Department of Education","2026-09-29","LSTUDY=2; EFBAGE=6; EFAGE09 / all-age EFAGE09."
"135726","University of Miami","age_25_plus_pct","3.399829232321664","percent","available","derived_ratio","2023","3.399829232321664","0","68.6","EF2023B","https://nces.ed.gov/ipeds/datacenter/data/ef2023b.zip","NCES / U.S. Department of Education","2026-09-29","LSTUDY=2; EFBAGE=7; EFAGE09 / all-age EFAGE09."
"135726","University of Miami","age_unknown_pct","","percent","unavailable","","","","0","","","","","","LSTUDY=2; EFBAGE=14; EFAGE09 / all-age EFAGE09. Missing, suppressed, imputed or not reported."
"135726","University of Miami","in_state_freshmen_pct","25.81615120274914","percent","available","derived_ratio","2023","25.81615120274914","0","68.6","EF2023C","https://nces.ed.gov/ipeds/datacenter/data/ef2023c.zip","NCES / U.S. Department of Education","2026-09-29","In-state first-time degree-seeking entrants / all first-time entrants. NOT all-undergraduate residency."
"135726","University of Miami","international_pct","8.235659396103392","percent","available","derived_ratio","2023","8.235659396103392","0","68.6","EF2023A","https://nces.ed.gov/ipeds/datacenter/data/ef2023a.zip","NCES / U.S. Department of Education","2026-09-29","100 * EFNRALT / EFTOTLT. Descriptive only by default."
"135726","University of Miami","hispanic_pct","23.511604439959637","percent","available","derived_ratio","2023","23.511604439959637","0","68.6","EF2023A","https://nces.ed.gov/ipeds/datacenter/data/ef2023a.zip","NCES / U.S. Department of Education","2026-09-29","100 * EFHISPT / EFTOTLT. Descriptive only by default."
"135726","University of Miami","black_pct","8.119226888147171","percent","available","derived_ratio","2023","8.119226888147171","0","68.6","EF2023A","https://nces.ed.gov/ipeds/datacenter/data/ef2023a.zip","NCES / U.S. Department of Education","2026-09-29","100 * EFBKAAT / EFTOTLT. Descriptive only by default."
"135726","University of Miami","asian_pct","4.696111154234262","percent","available","derived_ratio","2023","4.696111154234262","0","68.6","EF2023A","https://nces.ed.gov/ipeds/datacenter/data/ef2023a.zip","NCES / U.S. Department of Education","2026-09-29","100 * EFASIAT / EFTOTLT. Descriptive only by default."
"135726","University of Miami","greek_pct","","percent","unavailable","","","","15.000000000000002","","","","","","No comparable verified observation collected."
"135726","University of Miami","greek_chapters","33","organizations","available","reported","","41.25","7.500000000000001","71.24999999999999","primary-15","https://doso.studentaffairs.miami.edu/greek-life/councils-chapters/index.html","University of Miami","2026-09-29",""
"135726","University of Miami","greek_members","3800","students","available","lower_bound","","87.75942753705948","2.5000000000000004","60.562499999999986","primary-15","https://doso.studentaffairs.miami.edu/greek-life/councils-chapters/index.html","University of Miami","2026-09-29",""
"135726","University of Miami","verified_creators_per_1000","","creators/1,000","unavailable","","","","10.5","","","","","","No audited student-creator roster and same-scope denominator collected; program presence is a separate proxy."
"135726","University of Miami","creator_program_present","","indicator","unavailable","","","","4.5","","","","","","No comparable verified observation collected."
"135726","University of Miami","relevant_awards_pct","35.07061197041022","percent","available","derived_ratio","2023-24","70.14122394082044","7.000000000000001","58.309999999999995","C2024_A","https://nces.ed.gov/ipeds/datacenter/data/c2024_a.zip","NCES / U.S. Department of Education","2026-09-29","Relevant first-major bachelor awards / CIP=99 total bachelor awards. No second-major double counting."
"135726","University of Miami","relevant_awards","1043","awards","available","derived_sum","2023-24","81.60730200605092","2.0000000000000004","58.309999999999995","C2024_A","https://nces.ed.gov/ipeds/datacenter/data/c2024_a.zip","NCES / U.S. Department of Education","2026-09-29","AWLEVEL=5; MAJORNUM=1; unique six-digit CIP records in 52.*,09.*,10.*,50.04*,50.06*,19.09*,31.0504. Awards are not current major enrollment."
"135726","University of Miami","relevant_clubs","","organizations","unavailable","","","","1.0000000000000002","","","","","","No comparable verified observation collected."
"135726","University of Miami","customers_per_1000","","customers/1,000","unavailable","","","","5","","","","","","No first-party client data supplied."
"135726","University of Miami","lodging_proxy_usd","185","USD/night","available","policy_proxy","FY2027","57.5","2","73.5","gsa","https://www.gsa.gov/system/files/FY2027PerDiemZipCode_Validated090126.xlsx","U.S. General Services Administration","2026-09-29","Equal-month average FY2027 federal lodging allowance at institutional ZIP 33146. Administrative benchmark, not a commercial hotel quote; no taxes or event surge."
"135726","University of Miami","labor_hourly_usd","","USD/hour","unavailable","","","","1","","","","","","Requires a comparable staffing role and dated local rate."
"135726","University of Miami","venue_day_usd","","USD/day","unavailable","","","","1","","","","","","Requires a dated venue rate for comparable event specifications."
"135726","University of Miami","permit_days","","days","unavailable","","","","0.5","","","","","","Requires an event type and verified campus approval lead time."
"135726","University of Miami","travel_quote_usd","","USD/trip","unavailable","","","","0.5","","","","","","Requires origin, dates, mode and party size for a comparable quote."
"135726","University of Miami","meals_proxy_usd","92","USD/day","available","policy_proxy","FY2027","16","0","73.5","gsa","https://www.gsa.gov/system/files/FY2027PerDiemZipCode_Validated090126.xlsx","U.S. General Services Administration","2026-09-29","FY2027 meals/incidental allowance. Not local labor or event budget."
"135726","University of Miami","airport_km","8.385800750632752","km","available","geographic_proxy","","94.40946616624483","3","54.000000000000014","HD2024; airports","https://nces.ed.gov/ipeds/datacenter/data/hd2024.zip; https://davidmegginson.github.io/ourairports-data/airports.csv","NCES / U.S. Department of Education; OurAirports","2026-09-29; 2026-09-29","Haversine great-circle distance to nearest US large/medium airport with scheduled_service=yes. Not drive time, route frequency, or fare."
"135726","University of Miami","metro_presence","1","indicator","available","geographic_proxy","2024","100","1","70.56","HD2024","https://nces.ed.gov/ipeds/datacenter/data/hd2024.zip","NCES / U.S. Department of Education","2026-09-29","IPEDS metropolitan CBSA membership; not metro population or downtown distance."
"135726","University of Miami","nearby_campuses","0","campuses","available","geographic_proxy","2024","0","1","70.56","HD2024","https://nces.ed.gov/ipeds/datacenter/data/hd2024.zip","NCES / U.S. Department of Education","2026-09-29","Count within 200 km great-circle of fixed geography-reference.json; not road routing or shared-customer overlap."
"135726","University of Miami","cac_usd","","USD/customer","unavailable","","","","1.75","","","","","","No first-party client data supplied."
"135726","University of Miami","conversion_pct","","percent","unavailable","","","","1.25","","","","","","No first-party client data supplied."
"135726","University of Miami","roi_pct","","percent","unavailable","","","","1.25","","","","","","No first-party client data supplied."
"135726","University of Miami","engagement_pct","","percent","unavailable","","","","0.75","","","","","","No first-party client data supplied."
"135726","University of Miami","samples","","samples","unavailable","","","","0","","","","","","No first-party client data supplied."
"135726","University of Miami","leads","","leads","unavailable","","","","0","","","","","","No first-party client data supplied."
"135726","University of Miami","revenue_usd","","USD","unavailable","","","","0","","","","","","No first-party client data supplied."
"135726","University of Miami","ambassador_conversions","","customers","unavailable","","","","0","","","","","","No first-party client data supplied."
"135726","University of Miami","event_attendance","","people","unavailable","","","","0","","","","","","No first-party client data supplied."
"133650","Florida Agricultural and Mechanical University","undergraduates","7796","students","available","reported","2023","19.288575647414092","6","68.6","EF2023A","https://nces.ed.gov/ipeds/datacenter/data/ef2023a.zip","NCES / U.S. Department of Education","2026-09-29","EFALEVEL=2; EFTOTLT. Full-time plus part-time undergraduates."
"133650","Florida Agricultural and Mechanical University","non_distance_undergraduates","7796","students","available","derived_difference","2023","19.288575647414092","10","68.6","EF2023A_DIST","https://nces.ed.gov/ipeds/datacenter/data/ef2023a_dist.zip","NCES / U.S. Department of Education","2026-09-29","EFDELEV=2; EFDETOT minus EFDEEXC. At least some non-distance courses; not residence-hall occupancy."
"133650","Florida Agricultural and Mechanical University","on_campus_residents","","students","unavailable","","","","4","","","","","","No verified undergraduate resident count collected; bed capacity and projected move-ins are not occupancy."
"133650","Florida Agricultural and Mechanical University","age_18_24_pct","88.98152898922524","percent","available","derived_ratio","2023","88.98152898922524","10","68.6","EF2023B","https://nces.ed.gov/ipeds/datacenter/data/ef2023b.zip","NCES / U.S. Department of Education","2026-09-29","Sum EFBAGE 4,5,6 / EFBAGE 1; LSTUDY=2. Unknown ages remain in denominator."
"133650","Florida Agricultural and Mechanical University","women_pct","66.04669061056953","percent","available","derived_ratio","2023","67.90661877886095","0","68.6","EF2023A","https://nces.ed.gov/ipeds/datacenter/data/ef2023a.zip","NCES / U.S. Department of Education","2026-09-29","100 * EFTOTLW / EFTOTLT. IPEDS reported sex classification; not gender identity."
"133650","Florida Agricultural and Mechanical University","out_of_state_freshmen_pct","34.35934144595562","percent","available","derived_ratio","2023","68.71868289191124","0","68.6","EF2023C","https://nces.ed.gov/ipeds/datacenter/data/ef2023c.zip","NCES / U.S. Department of Education","2026-09-29","(US-resident first-time entrants minus in-state entrants) / all entrants; international and unknown are not silently counted as out-of-state."
"133650","Florida Agricultural and Mechanical University","age_18_19_pct","31.400718317085683","percent","available","derived_ratio","2023","31.400718317085683","0","68.6","EF2023B","https://nces.ed.gov/ipeds/datacenter/data/ef2023b.zip","NCES / U.S. Department of Education","2026-09-29","LSTUDY=2; EFBAGE=4; EFAGE09 / all-age EFAGE09."
"133650","Florida Agricultural and Mechanical University","age_20_21_pct","33.79938429964084","percent","available","derived_ratio","2023","33.79938429964084","0","68.6","EF2023B","https://nces.ed.gov/ipeds/datacenter/data/ef2023b.zip","NCES / U.S. Department of Education","2026-09-29","LSTUDY=2; EFBAGE=5; EFAGE09 / all-age EFAGE09."
"133650","Florida Agricultural and Mechanical University","age_22_24_pct","23.781426372498718","percent","available","derived_ratio","2023","23.781426372498718","0","68.6","EF2023B","https://nces.ed.gov/ipeds/datacenter/data/ef2023b.zip","NCES / U.S. Department of Education","2026-09-29","LSTUDY=2; EFBAGE=6; EFAGE09 / all-age EFAGE09."
"133650","Florida Agricultural and Mechanical University","age_25_plus_pct","8.812211390456644","percent","available","derived_ratio","2023","8.812211390456644","0","68.6","EF2023B","https://nces.ed.gov/ipeds/datacenter/data/ef2023b.zip","NCES / U.S. Department of Education","2026-09-29","LSTUDY=2; EFBAGE=7; EFAGE09 / all-age EFAGE09."
"133650","Florida Agricultural and Mechanical University","age_unknown_pct","","percent","unavailable","","","","0","","","","","","LSTUDY=2; EFBAGE=14; EFAGE09 / all-age EFAGE09. Missing, suppressed, imputed or not reported."
"133650","Florida Agricultural and Mechanical University","in_state_freshmen_pct","64.20901932712957","percent","available","derived_ratio","2023","64.20901932712957","0","68.6","EF2023C","https://nces.ed.gov/ipeds/datacenter/data/ef2023c.zip","NCES / U.S. Department of Education","2026-09-29","In-state first-time degree-seeking entrants / all first-time entrants. NOT all-undergraduate residency."
"133650","Florida Agricultural and Mechanical University","international_pct","0.08978963571062083","percent","available","derived_ratio","2023","0.08978963571062083","0","68.6","EF2023A","https://nces.ed.gov/ipeds/datacenter/data/ef2023a.zip","NCES / U.S. Department of Education","2026-09-29","100 * EFNRALT / EFTOTLT. Descriptive only by default."
"133650","Florida Agricultural and Mechanical University","hispanic_pct","5.400205233453053","percent","available","derived_ratio","2023","5.400205233453053","0","68.6","EF2023A","https://nces.ed.gov/ipeds/datacenter/data/ef2023a.zip","NCES / U.S. Department of Education","2026-09-29","100 * EFHISPT / EFTOTLT. Descriptive only by default."
"133650","Florida Agricultural and Mechanical University","black_pct","87.44227809132889","percent","available","derived_ratio","2023","87.44227809132889","0","68.6","EF2023A","https://nces.ed.gov/ipeds/datacenter/data/ef2023a.zip","NCES / U.S. Department of Education","2026-09-29","100 * EFBKAAT / EFTOTLT. Descriptive only by default."
"133650","Florida Agricultural and Mechanical University","asian_pct","0.39763981528989223","percent","available","derived_ratio","2023","0.3976398152898922","0","68.6","EF2023A","https://nces.ed.gov/ipeds/datacenter/data/ef2023a.zip","NCES / U.S. Department of Education","2026-09-29","100 * EFASIAT / EFTOTLT. Descriptive only by default."
"133650","Florida Agricultural and Mechanical University","greek_pct","","percent","unavailable","","","","15.000000000000002","","","","","","No comparable verified observation collected."
"133650","Florida Agricultural and Mechanical University","greek_chapters","31","organizations","available","reported","","38.75","7.500000000000001","56.99999999999999","primary-38","https://www.famu.edu/students/student-activities/greek-life/councils-and-chapters.php","Florida Agricultural and Mechanical University","2026-09-29","Office umbrella includes professional and music organizations; broader than exclusively social chapters. Proxy comparability is limited."
"133650","Florida Agricultural and Mechanical University","greek_members","","students","unavailable","","","","2.5000000000000004","","","","","","No comparable verified observation collected."
"133650","Florida Agricultural and Mechanical University","verified_creators_per_1000","","creators/1,000","unavailable","","","","10.5","","","","","","No audited student-creator roster and same-scope denominator collected; program presence is a separate proxy."
"133650","Florida Agricultural and Mechanical University","creator_program_present","","indicator","unavailable","","","","4.5","","","","","","No comparable verified observation collected."
"133650","Florida Agricultural and Mechanical University","relevant_awards_pct","16.6351606805293","percent","available","derived_ratio","2023-24","33.2703213610586","7.000000000000001","58.309999999999995","C2024_A","https://nces.ed.gov/ipeds/datacenter/data/c2024_a.zip","NCES / U.S. Department of Education","2026-09-29","Relevant first-major bachelor awards / CIP=99 total bachelor awards. No second-major double counting."
"133650","Florida Agricultural and Mechanical University","relevant_awards","264","awards","available","derived_sum","2023-24","65.50983045739453","2.0000000000000004","58.309999999999995","C2024_A","https://nces.ed.gov/ipeds/datacenter/data/c2024_a.zip","NCES / U.S. Department of Education","2026-09-29","AWLEVEL=5; MAJORNUM=1; unique six-digit CIP records in 52.*,09.*,10.*,50.04*,50.06*,19.09*,31.0504. Awards are not current major enrollment."
"133650","Florida Agricultural and Mechanical University","relevant_clubs","","organizations","unavailable","","","","1.0000000000000002","","","","","","No comparable verified observation collected."
"133650","Florida Agricultural and Mechanical University","customers_per_1000","","customers/1,000","unavailable","","","","5","","","","","","No first-party client data supplied."
"133650","Florida Agricultural and Mechanical University","lodging_proxy_usd","121.33333333333333","USD/night","available","policy_proxy","FY2027","89.33333333333334","2","73.5","gsa","https://www.gsa.gov/system/files/FY2027PerDiemZipCode_Validated090126.xlsx","U.S. General Services Administration","2026-09-29","Equal-month average FY2027 federal lodging allowance at institutional ZIP 32307. Administrative benchmark, not a commercial hotel quote; no taxes or event surge."
"133650","Florida Agricultural and Mechanical University","labor_hourly_usd","","USD/hour","unavailable","","","","1","","","","","","Requires a comparable staffing role and dated local rate."
"133650","Florida Agricultural and Mechanical University","venue_day_usd","","USD/day","unavailable","","","","1","","","","","","Requires a dated venue rate for comparable event specifications."
"133650","Florida Agricultural and Mechanical University","permit_days","","days","unavailable","","","","0.5","","","","","","Requires an event type and verified campus approval lead time."
"133650","Florida Agricultural and Mechanical University","travel_quote_usd","","USD/trip","unavailable","","","","0.5","","","","","","Requires origin, dates, mode and party size for a comparable quote."
"133650","Florida Agricultural and Mechanical University","meals_proxy_usd","80","USD/day","available","policy_proxy","FY2027","40","0","73.5","gsa","https://www.gsa.gov/system/files/FY2027PerDiemZipCode_Validated090126.xlsx","U.S. General Services Administration","2026-09-29","FY2027 meals/incidental allowance. Not local labor or event budget."
"133650","Florida Agricultural and Mechanical University","airport_km","6.855548140849078","km","available","geographic_proxy","","95.42963457276728","3","54.000000000000014","HD2024; airports","https://nces.ed.gov/ipeds/datacenter/data/hd2024.zip; https://davidmegginson.github.io/ourairports-data/airports.csv","NCES / U.S. Department of Education; OurAirports","2026-09-29; 2026-09-29","Haversine great-circle distance to nearest US large/medium airport with scheduled_service=yes. Not drive time, route frequency, or fare."
"133650","Florida Agricultural and Mechanical University","metro_presence","1","indicator","available","geographic_proxy","2024","100","1","70.56","HD2024","https://nces.ed.gov/ipeds/datacenter/data/hd2024.zip","NCES / U.S. Department of Education","2026-09-29","IPEDS metropolitan CBSA membership; not metro population or downtown distance."
"133650","Florida Agricultural and Mechanical University","nearby_campuses","1","campuses","available","geographic_proxy","2024","20","1","70.56","HD2024","https://nces.ed.gov/ipeds/datacenter/data/hd2024.zip","NCES / U.S. Department of Education","2026-09-29","Count within 200 km great-circle of fixed geography-reference.json; not road routing or shared-customer overlap."
"133650","Florida Agricultural and Mechanical University","cac_usd","","USD/customer","unavailable","","","","1.75","","","","","","No first-party client data supplied."
"133650","Florida Agricultural and Mechanical University","conversion_pct","","percent","unavailable","","","","1.25","","","","","","No first-party client data supplied."
"133650","Florida Agricultural and Mechanical University","roi_pct","","percent","unavailable","","","","1.25","","","","","","No first-party client data supplied."
"133650","Florida Agricultural and Mechanical University","engagement_pct","","percent","unavailable","","","","0.75","","","","","","No first-party client data supplied."
"133650","Florida Agricultural and Mechanical University","samples","","samples","unavailable","","","","0","","","","","","No first-party client data supplied."
"133650","Florida Agricultural and Mechanical University","leads","","leads","unavailable","","","","0","","","","","","No first-party client data supplied."
"133650","Florida Agricultural and Mechanical University","revenue_usd","","USD","unavailable","","","","0","","","","","","No first-party client data supplied."
"133650","Florida Agricultural and Mechanical University","ambassador_conversions","","customers","unavailable","","","","0","","","","","","No first-party client data supplied."
"133650","Florida Agricultural and Mechanical University","event_attendance","","people","unavailable","","","","0","","","","","","No first-party client data supplied."
"126614","University of Colorado Boulder","undergraduates","32105","students","available","reported","2023","80.75924717983952","6","68.6","EF2023A","https://nces.ed.gov/ipeds/datacenter/data/ef2023a.zip","NCES / U.S. Department of Education","2026-09-29","EFALEVEL=2; EFTOTLT. Full-time plus part-time undergraduates."
"126614","University of Colorado Boulder","non_distance_undergraduates","30996","students","available","derived_difference","2023","79.23247403495492","10","68.6","EF2023A_DIST","https://nces.ed.gov/ipeds/datacenter/data/ef2023a_dist.zip","NCES / U.S. Department of Education","2026-09-29","EFDELEV=2; EFDETOT minus EFDEEXC. At least some non-distance courses; not residence-hall occupancy."
"126614","University of Colorado Boulder","on_campus_residents","","students","unavailable","","","","4","","","","","","No verified undergraduate resident count collected; bed capacity and projected move-ins are not occupancy."
"126614","University of Colorado Boulder","age_18_24_pct","93.33437159320978","percent","available","derived_ratio","2023","93.33437159320978","10","68.6","EF2023B","https://nces.ed.gov/ipeds/datacenter/data/ef2023b.zip","NCES / U.S. Department of Education","2026-09-29","Sum EFBAGE 4,5,6 / EFBAGE 1; LSTUDY=2. Unknown ages remain in denominator."
"126614","University of Colorado Boulder","women_pct","46.67808752530758","percent","available","derived_ratio","2023","93.35617505061516","0","68.6","EF2023A","https://nces.ed.gov/ipeds/datacenter/data/ef2023a.zip","NCES / U.S. Department of Education","2026-09-29","100 * EFTOTLW / EFTOTLT. IPEDS reported sex classification; not gender identity."
"126614","University of Colorado Boulder","out_of_state_freshmen_pct","44.89795918367347","percent","available","derived_ratio","2023","89.79591836734694","0","68.6","EF2023C","https://nces.ed.gov/ipeds/datacenter/data/ef2023c.zip","NCES / U.S. Department of Education","2026-09-29","(US-resident first-time entrants minus in-state entrants) / all entrants; international and unknown are not silently counted as out-of-state."
"126614","University of Colorado Boulder","age_18_19_pct","42.744120853449616","percent","available","derived_ratio","2023","42.744120853449616","0","68.6","EF2023B","https://nces.ed.gov/ipeds/datacenter/data/ef2023b.zip","NCES / U.S. Department of Education","2026-09-29","LSTUDY=2; EFBAGE=4; EFAGE09 / all-age EFAGE09."
"126614","University of Colorado Boulder","age_20_21_pct","38.71982557234076","percent","available","derived_ratio","2023","38.71982557234076","0","68.6","EF2023B","https://nces.ed.gov/ipeds/datacenter/data/ef2023b.zip","NCES / U.S. Department of Education","2026-09-29","LSTUDY=2; EFBAGE=5; EFAGE09 / all-age EFAGE09."
"126614","University of Colorado Boulder","age_22_24_pct","11.870425167419405","percent","available","derived_ratio","2023","11.870425167419405","0","68.6","EF2023B","https://nces.ed.gov/ipeds/datacenter/data/ef2023b.zip","NCES / U.S. Department of Education","2026-09-29","LSTUDY=2; EFBAGE=6; EFAGE09 / all-age EFAGE09."
"126614","University of Colorado Boulder","age_25_plus_pct","5.54742251985672","percent","available","derived_ratio","2023","5.54742251985672","0","68.6","EF2023B","https://nces.ed.gov/ipeds/datacenter/data/ef2023b.zip","NCES / U.S. Department of Education","2026-09-29","LSTUDY=2; EFBAGE=7; EFAGE09 / all-age EFAGE09."
"126614","University of Colorado Boulder","age_unknown_pct","","percent","unavailable","","","","0","","","","","","LSTUDY=2; EFBAGE=14; EFAGE09 / all-age EFAGE09. Missing, suppressed, imputed or not reported."
"126614","University of Colorado Boulder","in_state_freshmen_pct","53.432282003710576","percent","available","derived_ratio","2023","53.43228200371058","0","68.6","EF2023C","https://nces.ed.gov/ipeds/datacenter/data/ef2023c.zip","NCES / U.S. Department of Education","2026-09-29","In-state first-time degree-seeking entrants / all first-time entrants. NOT all-undergraduate residency."
"126614","University of Colorado Boulder","international_pct","2.741006073820277","percent","available","derived_ratio","2023","2.741006073820277","0","68.6","EF2023A","https://nces.ed.gov/ipeds/datacenter/data/ef2023a.zip","NCES / U.S. Department of Education","2026-09-29","100 * EFNRALT / EFTOTLT. Descriptive only by default."
"126614","University of Colorado Boulder","hispanic_pct","13.51191403208223","percent","available","derived_ratio","2023","13.51191403208223","0","68.6","EF2023A","https://nces.ed.gov/ipeds/datacenter/data/ef2023a.zip","NCES / U.S. Department of Education","2026-09-29","100 * EFHISPT / EFTOTLT. Descriptive only by default."
"126614","University of Colorado Boulder","black_pct","1.8906712350101231","percent","available","derived_ratio","2023","1.8906712350101231","0","68.6","EF2023A","https://nces.ed.gov/ipeds/datacenter/data/ef2023a.zip","NCES / U.S. Department of Education","2026-09-29","100 * EFBKAAT / EFTOTLT. Descriptive only by default."
"126614","University of Colorado Boulder","asian_pct","6.213985360535742","percent","available","derived_ratio","2023","6.213985360535742","0","68.6","EF2023A","https://nces.ed.gov/ipeds/datacenter/data/ef2023a.zip","NCES / U.S. Department of Education","2026-09-29","100 * EFASIAT / EFTOTLT. Descriptive only by default."
"126614","University of Colorado Boulder","greek_pct","","percent","unavailable","","","","15.000000000000002","","","","","","No comparable verified observation collected."
"126614","University of Colorado Boulder","greek_chapters","30","organizations","available","lower_bound","","37.5","7.500000000000001","60.562499999999986","primary-16","https://www.colorado.edu/greeks/","University of Colorado Boulder","2026-09-29","University-recognized chapters only; unaffiliated Boulder fraternities excluded."
"126614","University of Colorado Boulder","greek_members","","students","unavailable","","","","2.5000000000000004","","","","","","No comparable verified observation collected."
"126614","University of Colorado Boulder","verified_creators_per_1000","","creators/1,000","unavailable","","","","10.5","","","","","","No audited student-creator roster and same-scope denominator collected; program presence is a separate proxy."
"126614","University of Colorado Boulder","creator_program_present","1","indicator","available","observed_presence","","100","4.5","42.74999999999999","primary-44","https://www.colorado.edu/education/student-life/student-ambassadors","University of Colorado Boulder","2026-09-29","Education student ambassadors assist with social media and web content; college-specific program."
"126614","University of Colorado Boulder","relevant_awards_pct","29.312678598285455","percent","available","derived_ratio","2023-24","58.62535719657091","7.000000000000001","58.309999999999995","C2024_A","https://nces.ed.gov/ipeds/datacenter/data/c2024_a.zip","NCES / U.S. Department of Education","2026-09-29","Relevant first-major bachelor awards / CIP=99 total bachelor awards. No second-major double counting."
"126614","University of Colorado Boulder","relevant_awards","1949","awards","available","derived_sum","2023-24","88.94252618252426","2.0000000000000004","58.309999999999995","C2024_A","https://nces.ed.gov/ipeds/datacenter/data/c2024_a.zip","NCES / U.S. Department of Education","2026-09-29","AWLEVEL=5; MAJORNUM=1; unique six-digit CIP records in 52.*,09.*,10.*,50.04*,50.06*,19.09*,31.0504. Awards are not current major enrollment."
"126614","University of Colorado Boulder","relevant_clubs","","organizations","unavailable","","","","1.0000000000000002","","","","","","No comparable verified observation collected."
"126614","University of Colorado Boulder","customers_per_1000","","customers/1,000","unavailable","","","","5","","","","","","No first-party client data supplied."
"126614","University of Colorado Boulder","lodging_proxy_usd","149","USD/night","available","policy_proxy","FY2027","75.5","2","73.5","gsa","https://www.gsa.gov/system/files/FY2027PerDiemZipCode_Validated090126.xlsx","U.S. General Services Administration","2026-09-29","Equal-month average FY2027 federal lodging allowance at institutional ZIP 80309. Administrative benchmark, not a commercial hotel quote; no taxes or event surge."
"126614","University of Colorado Boulder","labor_hourly_usd","","USD/hour","unavailable","","","","1","","","","","","Requires a comparable staffing role and dated local rate."
"126614","University of Colorado Boulder","venue_day_usd","","USD/day","unavailable","","","","1","","","","","","Requires a dated venue rate for comparable event specifications."
"126614","University of Colorado Boulder","permit_days","","days","unavailable","","","","0.5","","","","","","Requires an event type and verified campus approval lead time."
"126614","University of Colorado Boulder","travel_quote_usd","","USD/trip","unavailable","","","","0.5","","","","","","Requires origin, dates, mode and party size for a comparable quote."
"126614","University of Colorado Boulder","meals_proxy_usd","80","USD/day","available","policy_proxy","FY2027","40","0","73.5","gsa","https://www.gsa.gov/system/files/FY2027PerDiemZipCode_Validated090126.xlsx","U.S. General Services Administration","2026-09-29","FY2027 meals/incidental allowance. Not local labor or event budget."
"126614","University of Colorado Boulder","airport_km","17.18999461248318","km","available","geographic_proxy","","88.54000359167787","3","54.000000000000014","HD2024; airports","https://nces.ed.gov/ipeds/datacenter/data/hd2024.zip; https://davidmegginson.github.io/ourairports-data/airports.csv","NCES / U.S. Department of Education; OurAirports","2026-09-29; 2026-09-29","Haversine great-circle distance to nearest US large/medium airport with scheduled_service=yes. Not drive time, route frequency, or fare."
"126614","University of Colorado Boulder","metro_presence","1","indicator","available","geographic_proxy","2024","100","1","70.56","HD2024","https://nces.ed.gov/ipeds/datacenter/data/hd2024.zip","NCES / U.S. Department of Education","2026-09-29","IPEDS metropolitan CBSA membership; not metro population or downtown distance."
"126614","University of Colorado Boulder","nearby_campuses","0","campuses","available","geographic_proxy","2024","0","1","70.56","HD2024","https://nces.ed.gov/ipeds/datacenter/data/hd2024.zip","NCES / U.S. Department of Education","2026-09-29","Count within 200 km great-circle of fixed geography-reference.json; not road routing or shared-customer overlap."
"126614","University of Colorado Boulder","cac_usd","","USD/customer","unavailable","","","","1.75","","","","","","No first-party client data supplied."
"126614","University of Colorado Boulder","conversion_pct","","percent","unavailable","","","","1.25","","","","","","No first-party client data supplied."
"126614","University of Colorado Boulder","roi_pct","","percent","unavailable","","","","1.25","","","","","","No first-party client data supplied."
"126614","University of Colorado Boulder","engagement_pct","","percent","unavailable","","","","0.75","","","","","","No first-party client data supplied."
"126614","University of Colorado Boulder","samples","","samples","unavailable","","","","0","","","","","","No first-party client data supplied."
"126614","University of Colorado Boulder","leads","","leads","unavailable","","","","0","","","","","","No first-party client data supplied."
"126614","University of Colorado Boulder","revenue_usd","","USD","unavailable","","","","0","","","","","","No first-party client data supplied."
"126614","University of Colorado Boulder","ambassador_conversions","","customers","unavailable","","","","0","","","","","","No first-party client data supplied."
"126614","University of Colorado Boulder","event_attendance","","people","unavailable","","","","0","","","","","","No first-party client data supplied."
"110705","University of California-Santa Barbara","undergraduates","23232","students","available","reported","2023","66.71005813977936","6","68.6","EF2023A","https://nces.ed.gov/ipeds/datacenter/data/ef2023a.zip","NCES / U.S. Department of Education","2026-09-29","EFALEVEL=2; EFTOTLT. Full-time plus part-time undergraduates."
"110705","University of California-Santa Barbara","non_distance_undergraduates","23199","students","available","derived_difference","2023","66.64832256105824","10","68.6","EF2023A_DIST","https://nces.ed.gov/ipeds/datacenter/data/ef2023a_dist.zip","NCES / U.S. Department of Education","2026-09-29","EFDELEV=2; EFDETOT minus EFDEEXC. At least some non-distance courses; not residence-hall occupancy."
"110705","University of California-Santa Barbara","on_campus_residents","","students","unavailable","","","","4","","","","","","No verified undergraduate resident count collected; bed capacity and projected move-ins are not occupancy."
"110705","University of California-Santa Barbara","age_18_24_pct","95.51911157024793","percent","available","derived_ratio","2023","95.51911157024793","10","68.6","EF2023B","https://nces.ed.gov/ipeds/datacenter/data/ef2023b.zip","NCES / U.S. Department of Education","2026-09-29","Sum EFBAGE 4,5,6 / EFBAGE 1; LSTUDY=2. Unknown ages remain in denominator."
"110705","University of California-Santa Barbara","women_pct","57.02909779614325","percent","available","derived_ratio","2023","85.9418044077135","0","68.6","EF2023A","https://nces.ed.gov/ipeds/datacenter/data/ef2023a.zip","NCES / U.S. Department of Education","2026-09-29","100 * EFTOTLW / EFTOTLT. IPEDS reported sex classification; not gender identity."
"110705","University of California-Santa Barbara","out_of_state_freshmen_pct","9.181043029942494","percent","available","derived_ratio","2023","18.362086059884987","0","68.6","EF2023C","https://nces.ed.gov/ipeds/datacenter/data/ef2023c.zip","NCES / U.S. Department of Education","2026-09-29","(US-resident first-time entrants minus in-state entrants) / all entrants; international and unknown are not silently counted as out-of-state."
"110705","University of California-Santa Barbara","age_18_19_pct","40.27634297520661","percent","available","derived_ratio","2023","40.27634297520661","0","68.6","EF2023B","https://nces.ed.gov/ipeds/datacenter/data/ef2023b.zip","NCES / U.S. Department of Education","2026-09-29","LSTUDY=2; EFBAGE=4; EFAGE09 / all-age EFAGE09."
"110705","University of California-Santa Barbara","age_20_21_pct","44.31387741046832","percent","available","derived_ratio","2023","44.31387741046832","0","68.6","EF2023B","https://nces.ed.gov/ipeds/datacenter/data/ef2023b.zip","NCES / U.S. Department of Education","2026-09-29","LSTUDY=2; EFBAGE=5; EFAGE09 / all-age EFAGE09."
"110705","University of California-Santa Barbara","age_22_24_pct","10.928891184573002","percent","available","derived_ratio","2023","10.928891184573","0","68.6","EF2023B","https://nces.ed.gov/ipeds/datacenter/data/ef2023b.zip","NCES / U.S. Department of Education","2026-09-29","LSTUDY=2; EFBAGE=6; EFAGE09 / all-age EFAGE09."
"110705","University of California-Santa Barbara","age_25_plus_pct","2.2382920110192837","percent","available","derived_ratio","2023","2.2382920110192837","0","68.6","EF2023B","https://nces.ed.gov/ipeds/datacenter/data/ef2023b.zip","NCES / U.S. Department of Education","2026-09-29","LSTUDY=2; EFBAGE=7; EFAGE09 / all-age EFAGE09."
"110705","University of California-Santa Barbara","age_unknown_pct","","percent","unavailable","","","","0","","","","","","LSTUDY=2; EFBAGE=14; EFAGE09 / all-age EFAGE09. Missing, suppressed, imputed or not reported."
"110705","University of California-Santa Barbara","in_state_freshmen_pct","79.77394408090423","percent","available","derived_ratio","2023","79.77394408090423","0","68.6","EF2023C","https://nces.ed.gov/ipeds/datacenter/data/ef2023c.zip","NCES / U.S. Department of Education","2026-09-29","In-state first-time degree-seeking entrants / all first-time entrants. NOT all-undergraduate residency."
"110705","University of California-Santa Barbara","international_pct","9.870006887052341","percent","available","derived_ratio","2023","9.870006887052341","0","68.6","EF2023A","https://nces.ed.gov/ipeds/datacenter/data/ef2023a.zip","NCES / U.S. Department of Education","2026-09-29","100 * EFNRALT / EFTOTLT. Descriptive only by default."
"110705","University of California-Santa Barbara","hispanic_pct","26.011535812672175","percent","available","derived_ratio","2023","26.01153581267217","0","68.6","EF2023A","https://nces.ed.gov/ipeds/datacenter/data/ef2023a.zip","NCES / U.S. Department of Education","2026-09-29","100 * EFHISPT / EFTOTLT. Descriptive only by default."
"110705","University of California-Santa Barbara","black_pct","2.0273760330578514","percent","available","derived_ratio","2023","2.0273760330578514","0","68.6","EF2023A","https://nces.ed.gov/ipeds/datacenter/data/ef2023a.zip","NCES / U.S. Department of Education","2026-09-29","100 * EFBKAAT / EFTOTLT. Descriptive only by default."
"110705","University of California-Santa Barbara","asian_pct","18.650998622589533","percent","available","derived_ratio","2023","18.650998622589533","0","68.6","EF2023A","https://nces.ed.gov/ipeds/datacenter/data/ef2023a.zip","NCES / U.S. Department of Education","2026-09-29","100 * EFASIAT / EFTOTLT. Descriptive only by default."
"110705","University of California-Santa Barbara","greek_pct","13","percent","available","reported_approximate","","21.666666666666668","15.000000000000002","60.562499999999986","primary-17","https://seal.sa.ucsb.edu/fraternity-sorority-life","University of California-Santa Barbara","2026-09-29",""
"110705","University of California-Santa Barbara","greek_chapters","50","organizations","available","reported_approximate","","62.5","7.500000000000001","48.449999999999996","review-7b5f573fe495","https://seal.sa.ucsb.edu/fraternity-sorority-life","University of California-Santa Barbara","2026-09-29","Office by-the-numbers panel reports approximately 50 recognized Greek-letter organizations. Professional council included; broader than exclusively social organizations."
"110705","University of California-Santa Barbara","greek_members","3000","students","available","reported_approximate","","85.24345784937186","2.5000000000000004","60.562499999999986","primary-17","https://seal.sa.ucsb.edu/fraternity-sorority-life","University of California-Santa Barbara","2026-09-29",""
"110705","University of California-Santa Barbara","verified_creators_per_1000","","creators/1,000","unavailable","","","","10.5","","","","","","No audited student-creator roster and same-scope denominator collected; program presence is a separate proxy."
"110705","University of California-Santa Barbara","creator_program_present","","indicator","unavailable","","","","4.5","","","","","","No comparable verified observation collected."
"110705","University of California-Santa Barbara","relevant_awards_pct","12.941359464924561","percent","available","derived_ratio","2023-24","25.882718929849126","7.000000000000001","58.309999999999995","C2024_A","https://nces.ed.gov/ipeds/datacenter/data/c2024_a.zip","NCES / U.S. Department of Education","2026-09-29","Relevant first-major bachelor awards / CIP=99 total bachelor awards. No second-major double counting."
"110705","University of California-Santa Barbara","relevant_awards","832","awards","available","derived_sum","2023-24","78.95647772529122","2.0000000000000004","58.309999999999995","C2024_A","https://nces.ed.gov/ipeds/datacenter/data/c2024_a.zip","NCES / U.S. Department of Education","2026-09-29","AWLEVEL=5; MAJORNUM=1; unique six-digit CIP records in 52.*,09.*,10.*,50.04*,50.06*,19.09*,31.0504. Awards are not current major enrollment."
"110705","University of California-Santa Barbara","relevant_clubs","","organizations","unavailable","","","","1.0000000000000002","","","","","","No comparable verified observation collected."
"110705","University of California-Santa Barbara","customers_per_1000","","customers/1,000","unavailable","","","","5","","","","","","No first-party client data supplied."
"110705","University of California-Santa Barbara","lodging_proxy_usd","224.5","USD/night","available","policy_proxy","FY2027","37.75","2","73.5","gsa","https://www.gsa.gov/system/files/FY2027PerDiemZipCode_Validated090126.xlsx","U.S. General Services Administration","2026-09-29","Equal-month average FY2027 federal lodging allowance at institutional ZIP 93106. Administrative benchmark, not a commercial hotel quote; no taxes or event surge."
"110705","University of California-Santa Barbara","labor_hourly_usd","","USD/hour","unavailable","","","","1","","","","","","Requires a comparable staffing role and dated local rate."
"110705","University of California-Santa Barbara","venue_day_usd","","USD/day","unavailable","","","","1","","","","","","Requires a dated venue rate for comparable event specifications."
"110705","University of California-Santa Barbara","permit_days","","days","unavailable","","","","0.5","","","","","","Requires an event type and verified campus approval lead time."
"110705","University of California-Santa Barbara","travel_quote_usd","","USD/trip","unavailable","","","","0.5","","","","","","Requires origin, dates, mode and party size for a comparable quote."
"110705","University of California-Santa Barbara","meals_proxy_usd","92","USD/day","available","policy_proxy","FY2027","16","0","73.5","gsa","https://www.gsa.gov/system/files/FY2027PerDiemZipCode_Validated090126.xlsx","U.S. General Services Administration","2026-09-29","FY2027 meals/incidental allowance. Not local labor or event budget."
"110705","University of California-Santa Barbara","airport_km","1.249265883684717","km","available","geographic_proxy","","99.16715607754352","3","54.000000000000014","HD2024; airports","https://nces.ed.gov/ipeds/datacenter/data/hd2024.zip; https://davidmegginson.github.io/ourairports-data/airports.csv","NCES / U.S. Department of Education; OurAirports","2026-09-29; 2026-09-29","Haversine great-circle distance to nearest US large/medium airport with scheduled_service=yes. Not drive time, route frequency, or fare."
"110705","University of California-Santa Barbara","metro_presence","1","indicator","available","geographic_proxy","2024","100","1","70.56","HD2024","https://nces.ed.gov/ipeds/datacenter/data/hd2024.zip","NCES / U.S. Department of Education","2026-09-29","IPEDS metropolitan CBSA membership; not metro population or downtown distance."
"110705","University of California-Santa Barbara","nearby_campuses","1","campuses","available","geographic_proxy","2024","20","1","70.56","HD2024","https://nces.ed.gov/ipeds/datacenter/data/hd2024.zip","NCES / U.S. Department of Education","2026-09-29","Count within 200 km great-circle of fixed geography-reference.json; not road routing or shared-customer overlap."
"110705","University of California-Santa Barbara","cac_usd","","USD/customer","unavailable","","","","1.75","","","","","","No first-party client data supplied."
"110705","University of California-Santa Barbara","conversion_pct","","percent","unavailable","","","","1.25","","","","","","No first-party client data supplied."
"110705","University of California-Santa Barbara","roi_pct","","percent","unavailable","","","","1.25","","","","","","No first-party client data supplied."
"110705","University of California-Santa Barbara","engagement_pct","","percent","unavailable","","","","0.75","","","","","","No first-party client data supplied."
"110705","University of California-Santa Barbara","samples","","samples","unavailable","","","","0","","","","","","No first-party client data supplied."
"110705","University of California-Santa Barbara","leads","","leads","unavailable","","","","0","","","","","","No first-party client data supplied."
"110705","University of California-Santa Barbara","revenue_usd","","USD","unavailable","","","","0","","","","","","No first-party client data supplied."
"110705","University of California-Santa Barbara","ambassador_conversions","","customers","unavailable","","","","0","","","","","","No first-party client data supplied."
"110705","University of California-Santa Barbara","event_attendance","","people","unavailable","","","","0","","","","","","No first-party client data supplied."
"176017","University of Mississippi","undergraduates","19094","students","available","reported","2023","58.190829267938206","6","68.6","EF2023A","https://nces.ed.gov/ipeds/datacenter/data/ef2023a.zip","NCES / U.S. Department of Education","2026-09-29","EFALEVEL=2; EFTOTLT. Full-time plus part-time undergraduates."
"176017","University of Mississippi","non_distance_undergraduates","18010","students","available","derived_difference","2023","55.652447208331665","10","68.6","EF2023A_DIST","https://nces.ed.gov/ipeds/datacenter/data/ef2023a_dist.zip","NCES / U.S. Department of Education","2026-09-29","EFDELEV=2; EFDETOT minus EFDEEXC. At least some non-distance courses; not residence-hall occupancy."
"176017","University of Mississippi","on_campus_residents","","students","unavailable","","","","4","","","","","","No verified undergraduate resident count collected; bed capacity and projected move-ins are not occupancy."
"176017","University of Mississippi","age_18_24_pct","95.44359484654865","percent","available","derived_ratio","2023","95.44359484654866","10","68.6","EF2023B","https://nces.ed.gov/ipeds/datacenter/data/ef2023b.zip","NCES / U.S. Department of Education","2026-09-29","Sum EFBAGE 4,5,6 / EFBAGE 1; LSTUDY=2. Unknown ages remain in denominator."
"176017","University of Mississippi","women_pct","56.981250654655916","percent","available","derived_ratio","2023","86.03749869068817","0","68.6","EF2023A","https://nces.ed.gov/ipeds/datacenter/data/ef2023a.zip","NCES / U.S. Department of Education","2026-09-29","100 * EFTOTLW / EFTOTLT. IPEDS reported sex classification; not gender identity."
"176017","University of Mississippi","out_of_state_freshmen_pct","69.00897460378079","percent","available","derived_ratio","2023","61.982050792438436","0","68.6","EF2023C","https://nces.ed.gov/ipeds/datacenter/data/ef2023c.zip","NCES / U.S. Department of Education","2026-09-29","(US-resident first-time entrants minus in-state entrants) / all entrants; international and unknown are not silently counted as out-of-state."
"176017","University of Mississippi","age_18_19_pct","42.756886980203205","percent","available","derived_ratio","2023","42.756886980203205","0","68.6","EF2023B","https://nces.ed.gov/ipeds/datacenter/data/ef2023b.zip","NCES / U.S. Department of Education","2026-09-29","LSTUDY=2; EFBAGE=4; EFAGE09 / all-age EFAGE09."
"176017","University of Mississippi","age_20_21_pct","39.36315072797738","percent","available","derived_ratio","2023","39.36315072797738","0","68.6","EF2023B","https://nces.ed.gov/ipeds/datacenter/data/ef2023b.zip","NCES / U.S. Department of Education","2026-09-29","LSTUDY=2; EFBAGE=5; EFAGE09 / all-age EFAGE09."
"176017","University of Mississippi","age_22_24_pct","13.323557138368074","percent","available","derived_ratio","2023","13.323557138368074","0","68.6","EF2023B","https://nces.ed.gov/ipeds/datacenter/data/ef2023b.zip","NCES / U.S. Department of Education","2026-09-29","LSTUDY=2; EFBAGE=6; EFAGE09 / all-age EFAGE09."
"176017","University of Mississippi","age_25_plus_pct","4.200272336859746","percent","available","derived_ratio","2023","4.200272336859746","0","68.6","EF2023B","https://nces.ed.gov/ipeds/datacenter/data/ef2023b.zip","NCES / U.S. Department of Education","2026-09-29","LSTUDY=2; EFBAGE=7; EFAGE09 / all-age EFAGE09."
"176017","University of Mississippi","age_unknown_pct","","percent","unavailable","","","","0","","","","","","LSTUDY=2; EFBAGE=14; EFAGE09 / all-age EFAGE09. Missing, suppressed, imputed or not reported."
"176017","University of Mississippi","in_state_freshmen_pct","30.43727324804277","percent","available","derived_ratio","2023","30.43727324804277","0","68.6","EF2023C","https://nces.ed.gov/ipeds/datacenter/data/ef2023c.zip","NCES / U.S. Department of Education","2026-09-29","In-state first-time degree-seeking entrants / all first-time entrants. NOT all-undergraduate residency."
"176017","University of Mississippi","international_pct","1.4454802555776685","percent","available","derived_ratio","2023","1.4454802555776682","0","68.6","EF2023A","https://nces.ed.gov/ipeds/datacenter/data/ef2023a.zip","NCES / U.S. Department of Education","2026-09-29","100 * EFNRALT / EFTOTLT. Descriptive only by default."
"176017","University of Mississippi","hispanic_pct","5.268670786634545","percent","available","derived_ratio","2023","5.268670786634545","0","68.6","EF2023A","https://nces.ed.gov/ipeds/datacenter/data/ef2023a.zip","NCES / U.S. Department of Education","2026-09-29","100 * EFHISPT / EFTOTLT. Descriptive only by default."
"176017","University of Mississippi","black_pct","9.704619252121086","percent","available","derived_ratio","2023","9.704619252121086","0","68.6","EF2023A","https://nces.ed.gov/ipeds/datacenter/data/ef2023a.zip","NCES / U.S. Department of Education","2026-09-29","100 * EFBKAAT / EFTOTLT. Descriptive only by default."
"176017","University of Mississippi","asian_pct","2.0215774588876085","percent","available","derived_ratio","2023","2.0215774588876085","0","68.6","EF2023A","https://nces.ed.gov/ipeds/datacenter/data/ef2023a.zip","NCES / U.S. Department of Education","2026-09-29","100 * EFASIAT / EFTOTLT. Descriptive only by default."
"176017","University of Mississippi","greek_pct","53.380737730937724","percent","available","derived_ratio","Spring 2024","88.96789621822954","15.000000000000002","76","primary-18","https://greeks.wp2.olemiss.edu/wp-content/uploads/sites/42/2024/06/UM-Fraternity-Sorority-Academic-Report-Spring-2024.pdf","University of Mississippi","2026-09-29","Participation uses same-report Oxford undergraduate denominator 15,751; not the IPEDS institutional total."
"176017","University of Mississippi","greek_chapters","36","organizations","available","reported","","45","7.500000000000001","71.24999999999999","review-583f7763205d","https://olemiss.edu/greeks/","University of Mississippi","2026-09-29","New official FSL office site reports 36 organizations; 16 IFC + 9 NPHC + 11 College Panhellenic. Office warns older search results may be outdated."
"176017","University of Mississippi","greek_members","8408","students","available","reported","Spring 2024","96.21316868493068","2.5000000000000004","76","primary-18","https://greeks.wp2.olemiss.edu/wp-content/uploads/sites/42/2024/06/UM-Fraternity-Sorority-Academic-Report-Spring-2024.pdf","University of Mississippi","2026-09-29","Participation uses same-report Oxford undergraduate denominator 15,751; not the IPEDS institutional total."
"176017","University of Mississippi","verified_creators_per_1000","","creators/1,000","unavailable","","","","10.5","","","","","","No audited student-creator roster and same-scope denominator collected; program presence is a separate proxy."
"176017","University of Mississippi","creator_program_present","","indicator","unavailable","","","","4.5","","","","","","No comparable verified observation collected."
"176017","University of Mississippi","relevant_awards_pct","36.77303139475038","percent","available","derived_ratio","2023-24","73.54606278950077","7.000000000000001","58.309999999999995","C2024_A","https://nces.ed.gov/ipeds/datacenter/data/c2024_a.zip","NCES / U.S. Department of Education","2026-09-29","Relevant first-major bachelor awards / CIP=99 total bachelor awards. No second-major double counting."
"176017","University of Mississippi","relevant_awards","1429","awards","available","derived_sum","2023-24","85.3010959695267","2.0000000000000004","58.309999999999995","C2024_A","https://nces.ed.gov/ipeds/datacenter/data/c2024_a.zip","NCES / U.S. Department of Education","2026-09-29","AWLEVEL=5; MAJORNUM=1; unique six-digit CIP records in 52.*,09.*,10.*,50.04*,50.06*,19.09*,31.0504. Awards are not current major enrollment."
"176017","University of Mississippi","relevant_clubs","","organizations","unavailable","","","","1.0000000000000002","","","","","","No comparable verified observation collected."
"176017","University of Mississippi","customers_per_1000","","customers/1,000","unavailable","","","","5","","","","","","No first-party client data supplied."
"176017","University of Mississippi","lodging_proxy_usd","146","USD/night","available","policy_proxy","FY2027","77","2","73.5","gsa","https://www.gsa.gov/system/files/FY2027PerDiemZipCode_Validated090126.xlsx","U.S. General Services Administration","2026-09-29","Equal-month average FY2027 federal lodging allowance at institutional ZIP 38677. Administrative benchmark, not a commercial hotel quote; no taxes or event surge."
"176017","University of Mississippi","labor_hourly_usd","","USD/hour","unavailable","","","","1","","","","","","Requires a comparable staffing role and dated local rate."
"176017","University of Mississippi","venue_day_usd","","USD/day","unavailable","","","","1","","","","","","Requires a dated venue rate for comparable event specifications."
"176017","University of Mississippi","permit_days","","days","unavailable","","","","0.5","","","","","","Requires an event type and verified campus approval lead time."
"176017","University of Mississippi","travel_quote_usd","","USD/trip","unavailable","","","","0.5","","","","","","Requires origin, dates, mode and party size for a comparable quote."
"176017","University of Mississippi","meals_proxy_usd","68","USD/day","available","policy_proxy","FY2027","64","0","73.5","gsa","https://www.gsa.gov/system/files/FY2027PerDiemZipCode_Validated090126.xlsx","U.S. General Services Administration","2026-09-29","FY2027 meals/incidental allowance. Not local labor or event budget."
"176017","University of Mississippi","airport_km","71.31775516580232","km","available","geographic_proxy","","52.45482988946512","3","54.000000000000014","HD2024; airports","https://nces.ed.gov/ipeds/datacenter/data/hd2024.zip; https://davidmegginson.github.io/ourairports-data/airports.csv","NCES / U.S. Department of Education; OurAirports","2026-09-29; 2026-09-29","Haversine great-circle distance to nearest US large/medium airport with scheduled_service=yes. Not drive time, route frequency, or fare."
"176017","University of Mississippi","metro_presence","0","indicator","available","geographic_proxy","2024","0","1","70.56","HD2024","https://nces.ed.gov/ipeds/datacenter/data/hd2024.zip","NCES / U.S. Department of Education","2026-09-29","IPEDS metropolitan CBSA membership; not metro population or downtown distance."
"176017","University of Mississippi","nearby_campuses","0","campuses","available","geographic_proxy","2024","0","1","70.56","HD2024","https://nces.ed.gov/ipeds/datacenter/data/hd2024.zip","NCES / U.S. Department of Education","2026-09-29","Count within 200 km great-circle of fixed geography-reference.json; not road routing or shared-customer overlap."
"176017","University of Mississippi","cac_usd","","USD/customer","unavailable","","","","1.75","","","","","","No first-party client data supplied."
"176017","University of Mississippi","conversion_pct","","percent","unavailable","","","","1.25","","","","","","No first-party client data supplied."
"176017","University of Mississippi","roi_pct","","percent","unavailable","","","","1.25","","","","","","No first-party client data supplied."
"176017","University of Mississippi","engagement_pct","","percent","unavailable","","","","0.75","","","","","","No first-party client data supplied."
"176017","University of Mississippi","samples","","samples","unavailable","","","","0","","","","","","No first-party client data supplied."
"176017","University of Mississippi","leads","","leads","unavailable","","","","0","","","","","","No first-party client data supplied."
"176017","University of Mississippi","revenue_usd","","USD","unavailable","","","","0","","","","","","No first-party client data supplied."
"176017","University of Mississippi","ambassador_conversions","","customers","unavailable","","","","0","","","","","","No first-party client data supplied."
"176017","University of Mississippi","event_attendance","","people","unavailable","","","","0","","","","","","No first-party client data supplied."
"170976","University of Michigan-Ann Arbor","undergraduates","33730","students","available","reported","2023","82.90371632651143","6","68.6","EF2023A","https://nces.ed.gov/ipeds/datacenter/data/ef2023a.zip","NCES / U.S. Department of Education","2026-09-29","EFALEVEL=2; EFTOTLT. Full-time plus part-time undergraduates."
"170976","University of Michigan-Ann Arbor","non_distance_undergraduates","33712","students","available","derived_difference","2023","82.88053290932874","10","68.6","EF2023A_DIST","https://nces.ed.gov/ipeds/datacenter/data/ef2023a_dist.zip","NCES / U.S. Department of Education","2026-09-29","EFDELEV=2; EFDETOT minus EFDEEXC. At least some non-distance courses; not residence-hall occupancy."
"170976","University of Michigan-Ann Arbor","on_campus_residents","","students","unavailable","","","","4","","","","","","No verified undergraduate resident count collected; bed capacity and projected move-ins are not occupancy."
"170976","University of Michigan-Ann Arbor","age_18_24_pct","95.59739104654611","percent","available","derived_ratio","2023","95.59739104654611","10","68.6","EF2023B","https://nces.ed.gov/ipeds/datacenter/data/ef2023b.zip","NCES / U.S. Department of Education","2026-09-29","Sum EFBAGE 4,5,6 / EFBAGE 1; LSTUDY=2. Unknown ages remain in denominator."
"170976","University of Michigan-Ann Arbor","women_pct","53.009190631485325","percent","available","derived_ratio","2023","93.98161873702935","0","68.6","EF2023A","https://nces.ed.gov/ipeds/datacenter/data/ef2023a.zip","NCES / U.S. Department of Education","2026-09-29","100 * EFTOTLW / EFTOTLT. IPEDS reported sex classification; not gender identity."
"170976","University of Michigan-Ann Arbor","out_of_state_freshmen_pct","","percent","unavailable","","","","0","","","","","","(US-resident first-time entrants minus in-state entrants) / all entrants; international and unknown are not silently counted as out-of-state. Missing, suppressed, imputed or not reported."
"170976","University of Michigan-Ann Arbor","age_18_19_pct","43.29380373554699","percent","available","derived_ratio","2023","43.29380373554699","0","68.6","EF2023B","https://nces.ed.gov/ipeds/datacenter/data/ef2023b.zip","NCES / U.S. Department of Education","2026-09-29","LSTUDY=2; EFBAGE=4; EFAGE09 / all-age EFAGE09."
"170976","University of Michigan-Ann Arbor","age_20_21_pct","44.87696412689001","percent","available","derived_ratio","2023","44.87696412689001","0","68.6","EF2023B","https://nces.ed.gov/ipeds/datacenter/data/ef2023b.zip","NCES / U.S. Department of Education","2026-09-29","LSTUDY=2; EFBAGE=5; EFAGE09 / all-age EFAGE09."
"170976","University of Michigan-Ann Arbor","age_22_24_pct","7.4266231841091015","percent","available","derived_ratio","2023","7.4266231841091015","0","68.6","EF2023B","https://nces.ed.gov/ipeds/datacenter/data/ef2023b.zip","NCES / U.S. Department of Education","2026-09-29","LSTUDY=2; EFBAGE=6; EFAGE09 / all-age EFAGE09."
"170976","University of Michigan-Ann Arbor","age_25_plus_pct","1.6276311888526533","percent","available","derived_ratio","2023","1.6276311888526533","0","68.6","EF2023B","https://nces.ed.gov/ipeds/datacenter/data/ef2023b.zip","NCES / U.S. Department of Education","2026-09-29","LSTUDY=2; EFBAGE=7; EFAGE09 / all-age EFAGE09."
"170976","University of Michigan-Ann Arbor","age_unknown_pct","","percent","unavailable","","","","0","","","","","","LSTUDY=2; EFBAGE=14; EFAGE09 / all-age EFAGE09. Missing, suppressed, imputed or not reported."
"170976","University of Michigan-Ann Arbor","in_state_freshmen_pct","","percent","unavailable","","","","0","","","","","","In-state first-time degree-seeking entrants / all first-time entrants. NOT all-undergraduate residency. Missing, suppressed, imputed or not reported."
"170976","University of Michigan-Ann Arbor","international_pct","8.304180254965905","percent","available","derived_ratio","2023","8.304180254965905","0","68.6","EF2023A","https://nces.ed.gov/ipeds/datacenter/data/ef2023a.zip","NCES / U.S. Department of Education","2026-09-29","100 * EFNRALT / EFTOTLT. Descriptive only by default."
"170976","University of Michigan-Ann Arbor","hispanic_pct","9.982211680996146","percent","available","derived_ratio","2023","9.982211680996146","0","68.6","EF2023A","https://nces.ed.gov/ipeds/datacenter/data/ef2023a.zip","NCES / U.S. Department of Education","2026-09-29","100 * EFHISPT / EFTOTLT. Descriptive only by default."
"170976","University of Michigan-Ann Arbor","black_pct","4.524162466646902","percent","available","derived_ratio","2023","4.524162466646902","0","68.6","EF2023A","https://nces.ed.gov/ipeds/datacenter/data/ef2023a.zip","NCES / U.S. Department of Education","2026-09-29","100 * EFBKAAT / EFTOTLT. Descriptive only by default."
"170976","University of Michigan-Ann Arbor","asian_pct","18.544322561517937","percent","available","derived_ratio","2023","18.544322561517937","0","68.6","EF2023A","https://nces.ed.gov/ipeds/datacenter/data/ef2023a.zip","NCES / U.S. Department of Education","2026-09-29","100 * EFASIAT / EFTOTLT. Descriptive only by default."
"170976","University of Michigan-Ann Arbor","greek_pct","18.33","percent","available","reported","Winter 2026","30.549999999999997","15.000000000000002","95","primary-19","https://fsl.umich.edu/article/community-statistics","University of Michigan-Ann Arbor","2026-09-29","Office reports winter enrollment 33,945; fall 2025 participation is separately 14.14%. Seasonal recruitment changes matter."
"170976","University of Michigan-Ann Arbor","greek_chapters","58","organizations","available","reported","Winter 2026","72.5","7.500000000000001","95","primary-19","https://fsl.umich.edu/article/community-statistics","University of Michigan-Ann Arbor","2026-09-29","Office reports winter enrollment 33,945; fall 2025 participation is separately 14.14%. Seasonal recruitment changes matter."
"170976","University of Michigan-Ann Arbor","greek_members","6221","students","available","reported","Winter 2026","93.00631963194995","2.5000000000000004","95","primary-19","https://fsl.umich.edu/article/community-statistics","University of Michigan-Ann Arbor","2026-09-29","Office reports winter enrollment 33,945; fall 2025 participation is separately 14.14%. Seasonal recruitment changes matter."
"170976","University of Michigan-Ann Arbor","verified_creators_per_1000","","creators/1,000","unavailable","","","","10.5","","","","","","No audited student-creator roster and same-scope denominator collected; program presence is a separate proxy."
"170976","University of Michigan-Ann Arbor","creator_program_present","1","indicator","available","documented_opportunity","","100","4.5","32.06249999999999","review-34c33924bd78","https://lsa.umich.edu/comm/undergraduates/academic-opportunities/internship-resources.html","University of Michigan-Ann Arbor","2026-09-29","Ann Arbor LSA Communication and Media offers student Content Creator/Social Media Assistant work. Named student media subset: The Michigan Daily, WOLV-TV, WCBN. Three deduplicated organizations; not a campuswide directory census."
"170976","University of Michigan-Ann Arbor","relevant_awards_pct","13.121743249644718","percent","available","derived_ratio","2023-24","26.243486499289432","7.000000000000001","58.309999999999995","C2024_A","https://nces.ed.gov/ipeds/datacenter/data/c2024_a.zip","NCES / U.S. Department of Education","2026-09-29","Relevant first-major bachelor awards / CIP=99 total bachelor awards. No second-major double counting."
"170976","University of Michigan-Ann Arbor","relevant_awards","1108","awards","available","derived_sum","2023-24","82.31642999500488","2.0000000000000004","58.309999999999995","C2024_A","https://nces.ed.gov/ipeds/datacenter/data/c2024_a.zip","NCES / U.S. Department of Education","2026-09-29","AWLEVEL=5; MAJORNUM=1; unique six-digit CIP records in 52.*,09.*,10.*,50.04*,50.06*,19.09*,31.0504. Awards are not current major enrollment."
"170976","University of Michigan-Ann Arbor","relevant_clubs","3","organizations","available","audited_subset","","10","1.0000000000000002","60.562499999999986","review-34c33924bd78","https://lsa.umich.edu/comm/undergraduates/academic-opportunities/internship-resources.html","University of Michigan-Ann Arbor","2026-09-29","Ann Arbor LSA Communication and Media offers student Content Creator/Social Media Assistant work. Named student media subset: The Michigan Daily, WOLV-TV, WCBN. Three deduplicated organizations; not a campuswide directory census."
"170976","University of Michigan-Ann Arbor","customers_per_1000","","customers/1,000","unavailable","","","","5","","","","","","No first-party client data supplied."
"170976","University of Michigan-Ann Arbor","lodging_proxy_usd","140","USD/night","available","policy_proxy","FY2027","80","2","73.5","gsa","https://www.gsa.gov/system/files/FY2027PerDiemZipCode_Validated090126.xlsx","U.S. General Services Administration","2026-09-29","Equal-month average FY2027 federal lodging allowance at institutional ZIP 48109. Administrative benchmark, not a commercial hotel quote; no taxes or event surge."
"170976","University of Michigan-Ann Arbor","labor_hourly_usd","","USD/hour","unavailable","","","","1","","","","","","Requires a comparable staffing role and dated local rate."
"170976","University of Michigan-Ann Arbor","venue_day_usd","","USD/day","unavailable","","","","1","","","","","","Requires a dated venue rate for comparable event specifications."
"170976","University of Michigan-Ann Arbor","permit_days","","days","unavailable","","","","0.5","","","","","","Requires an event type and verified campus approval lead time."
"170976","University of Michigan-Ann Arbor","travel_quote_usd","","USD/trip","unavailable","","","","0.5","","","","","","Requires origin, dates, mode and party size for a comparable quote."
"170976","University of Michigan-Ann Arbor","meals_proxy_usd","80","USD/day","available","policy_proxy","FY2027","40","0","73.5","gsa","https://www.gsa.gov/system/files/FY2027PerDiemZipCode_Validated090126.xlsx","U.S. General Services Administration","2026-09-29","FY2027 meals/incidental allowance. Not local labor or event budget."
"170976","University of Michigan-Ann Arbor","airport_km","32.17565164012786","km","available","geographic_proxy","","78.54956557324809","3","54.000000000000014","HD2024; airports","https://nces.ed.gov/ipeds/datacenter/data/hd2024.zip; https://davidmegginson.github.io/ourairports-data/airports.csv","NCES / U.S. Department of Education; OurAirports","2026-09-29; 2026-09-29","Haversine great-circle distance to nearest US large/medium airport with scheduled_service=yes. Not drive time, route frequency, or fare."
"170976","University of Michigan-Ann Arbor","metro_presence","1","indicator","available","geographic_proxy","2024","100","1","70.56","HD2024","https://nces.ed.gov/ipeds/datacenter/data/hd2024.zip","NCES / U.S. Department of Education","2026-09-29","IPEDS metropolitan CBSA membership; not metro population or downtown distance."
"170976","University of Michigan-Ann Arbor","nearby_campuses","1","campuses","available","geographic_proxy","2024","20","1","70.56","HD2024","https://nces.ed.gov/ipeds/datacenter/data/hd2024.zip","NCES / U.S. Department of Education","2026-09-29","Count within 200 km great-circle of fixed geography-reference.json; not road routing or shared-customer overlap."
"170976","University of Michigan-Ann Arbor","cac_usd","","USD/customer","unavailable","","","","1.75","","","","","","No first-party client data supplied."
"170976","University of Michigan-Ann Arbor","conversion_pct","","percent","unavailable","","","","1.25","","","","","","No first-party client data supplied."
"170976","University of Michigan-Ann Arbor","roi_pct","","percent","unavailable","","","","1.25","","","","","","No first-party client data supplied."
"170976","University of Michigan-Ann Arbor","engagement_pct","","percent","unavailable","","","","0.75","","","","","","No first-party client data supplied."
"170976","University of Michigan-Ann Arbor","samples","","samples","unavailable","","","","0","","","","","","No first-party client data supplied."
"170976","University of Michigan-Ann Arbor","leads","","leads","unavailable","","","","0","","","","","","No first-party client data supplied."
"170976","University of Michigan-Ann Arbor","revenue_usd","","USD","unavailable","","","","0","","","","","","No first-party client data supplied."
"170976","University of Michigan-Ann Arbor","ambassador_conversions","","customers","unavailable","","","","0","","","","","","No first-party client data supplied."
"170976","University of Michigan-Ann Arbor","event_attendance","","people","unavailable","","","","0","","","","","","No first-party client data supplied."
"153658","University of Iowa","undergraduates","22130","students","available","reported","2023","64.59946774224672","6","68.6","EF2023A","https://nces.ed.gov/ipeds/datacenter/data/ef2023a.zip","NCES / U.S. Department of Education","2026-09-29","EFALEVEL=2; EFTOTLT. Full-time plus part-time undergraduates."
"153658","University of Iowa","non_distance_undergraduates","21306","students","available","derived_difference","2023","62.95146569707045","10","68.6","EF2023A_DIST","https://nces.ed.gov/ipeds/datacenter/data/ef2023a_dist.zip","NCES / U.S. Department of Education","2026-09-29","EFDELEV=2; EFDETOT minus EFDEEXC. At least some non-distance courses; not residence-hall occupancy."
"153658","University of Iowa","on_campus_residents","","students","unavailable","","","","4","","","","","","No verified undergraduate resident count collected; bed capacity and projected move-ins are not occupancy."
"153658","University of Iowa","age_18_24_pct","94.04880253050158","percent","available","derived_ratio","2023","94.04880253050158","10","68.6","EF2023B","https://nces.ed.gov/ipeds/datacenter/data/ef2023b.zip","NCES / U.S. Department of Education","2026-09-29","Sum EFBAGE 4,5,6 / EFBAGE 1; LSTUDY=2. Unknown ages remain in denominator."
"153658","University of Iowa","women_pct","56.1455038409399","percent","available","derived_ratio","2023","87.7089923181202","0","68.6","EF2023A","https://nces.ed.gov/ipeds/datacenter/data/ef2023a.zip","NCES / U.S. Department of Education","2026-09-29","100 * EFTOTLW / EFTOTLT. IPEDS reported sex classification; not gender identity."
"153658","University of Iowa","out_of_state_freshmen_pct","46.09004739336493","percent","available","derived_ratio","2023","92.18009478672985","0","68.6","EF2023C","https://nces.ed.gov/ipeds/datacenter/data/ef2023c.zip","NCES / U.S. Department of Education","2026-09-29","(US-resident first-time entrants minus in-state entrants) / all entrants; international and unknown are not silently counted as out-of-state."
"153658","University of Iowa","age_18_19_pct","43.75508359692725","percent","available","derived_ratio","2023","43.75508359692725","0","68.6","EF2023B","https://nces.ed.gov/ipeds/datacenter/data/ef2023b.zip","NCES / U.S. Department of Education","2026-09-29","LSTUDY=2; EFBAGE=4; EFAGE09 / all-age EFAGE09."
"153658","University of Iowa","age_20_21_pct","39.521012200632626","percent","available","derived_ratio","2023","39.521012200632626","0","68.6","EF2023B","https://nces.ed.gov/ipeds/datacenter/data/ef2023b.zip","NCES / U.S. Department of Education","2026-09-29","LSTUDY=2; EFBAGE=5; EFAGE09 / all-age EFAGE09."
"153658","University of Iowa","age_22_24_pct","10.772706732941709","percent","available","derived_ratio","2023","10.772706732941709","0","68.6","EF2023B","https://nces.ed.gov/ipeds/datacenter/data/ef2023b.zip","NCES / U.S. Department of Education","2026-09-29","LSTUDY=2; EFBAGE=6; EFAGE09 / all-age EFAGE09."
"153658","University of Iowa","age_25_plus_pct","5.029371893357434","percent","available","derived_ratio","2023","5.029371893357434","0","68.6","EF2023B","https://nces.ed.gov/ipeds/datacenter/data/ef2023b.zip","NCES / U.S. Department of Education","2026-09-29","LSTUDY=2; EFBAGE=7; EFAGE09 / all-age EFAGE09."
"153658","University of Iowa","age_unknown_pct","","percent","unavailable","","","","0","","","","","","LSTUDY=2; EFBAGE=14; EFAGE09 / all-age EFAGE09. Missing, suppressed, imputed or not reported."
"153658","University of Iowa","in_state_freshmen_pct","52.468404423380726","percent","available","derived_ratio","2023","52.468404423380726","0","68.6","EF2023C","https://nces.ed.gov/ipeds/datacenter/data/ef2023c.zip","NCES / U.S. Department of Education","2026-09-29","In-state first-time degree-seeking entrants / all first-time entrants. NOT all-undergraduate residency."
"153658","University of Iowa","international_pct","1.5815634884771803","percent","available","derived_ratio","2023","1.5815634884771803","0","68.6","EF2023A","https://nces.ed.gov/ipeds/datacenter/data/ef2023a.zip","NCES / U.S. Department of Education","2026-09-29","100 * EFNRALT / EFTOTLT. Descriptive only by default."
"153658","University of Iowa","hispanic_pct","9.091730682331676","percent","available","derived_ratio","2023","9.091730682331676","0","68.6","EF2023A","https://nces.ed.gov/ipeds/datacenter/data/ef2023a.zip","NCES / U.S. Department of Education","2026-09-29","100 * EFHISPT / EFTOTLT. Descriptive only by default."
"153658","University of Iowa","black_pct","2.9100768187980117","percent","available","derived_ratio","2023","2.9100768187980117","0","68.6","EF2023A","https://nces.ed.gov/ipeds/datacenter/data/ef2023a.zip","NCES / U.S. Department of Education","2026-09-29","100 * EFBKAAT / EFTOTLT. Descriptive only by default."
"153658","University of Iowa","asian_pct","4.667871667419792","percent","available","derived_ratio","2023","4.667871667419792","0","68.6","EF2023A","https://nces.ed.gov/ipeds/datacenter/data/ef2023a.zip","NCES / U.S. Department of Education","2026-09-29","100 * EFASIAT / EFTOTLT. Descriptive only by default."
"153658","University of Iowa","greek_pct","16","percent","available","reported_rounded","","26.666666666666668","15.000000000000002","60.562499999999986","primary-20","https://fsl.uiowa.edu/community","University of Iowa","2026-09-29","Current FSL office page used over admissions page reporting 15%; explicit conflict retained."
"153658","University of Iowa","greek_chapters","40","organizations","available","lower_bound","","50","7.500000000000001","60.562499999999986","primary-20","https://fsl.uiowa.edu/community","University of Iowa","2026-09-29","Current FSL office page used over admissions page reporting 15%; explicit conflict retained."
"153658","University of Iowa","greek_members","3800","students","available","lower_bound","","87.75942753705948","2.5000000000000004","60.562499999999986","primary-20","https://fsl.uiowa.edu/community","University of Iowa","2026-09-29","Current FSL office page used over admissions page reporting 15%; explicit conflict retained."
"153658","University of Iowa","verified_creators_per_1000","","creators/1,000","unavailable","","","","10.5","","","","","","No audited student-creator roster and same-scope denominator collected; program presence is a separate proxy."
"153658","University of Iowa","creator_program_present","","indicator","unavailable","","","","4.5","","","","","","No comparable verified observation collected."
"153658","University of Iowa","relevant_awards_pct","31.422293248102278","percent","available","derived_ratio","2023-24","62.844586496204556","7.000000000000001","58.309999999999995","C2024_A","https://nces.ed.gov/ipeds/datacenter/data/c2024_a.zip","NCES / U.S. Department of Education","2026-09-29","Relevant first-major bachelor awards / CIP=99 total bachelor awards. No second-major double counting."
"153658","University of Iowa","relevant_awards","1573","awards","available","derived_sum","2023-24","86.42756393680749","2.0000000000000004","58.309999999999995","C2024_A","https://nces.ed.gov/ipeds/datacenter/data/c2024_a.zip","NCES / U.S. Department of Education","2026-09-29","AWLEVEL=5; MAJORNUM=1; unique six-digit CIP records in 52.*,09.*,10.*,50.04*,50.06*,19.09*,31.0504. Awards are not current major enrollment."
"153658","University of Iowa","relevant_clubs","","organizations","unavailable","","","","1.0000000000000002","","","","","","No comparable verified observation collected."
"153658","University of Iowa","customers_per_1000","","customers/1,000","unavailable","","","","5","","","","","","No first-party client data supplied."
"153658","University of Iowa","lodging_proxy_usd","113","USD/night","available","policy_proxy","FY2027","93.5","2","73.5","gsa","https://www.gsa.gov/system/files/FY2027PerDiemZipCode_Validated090126.xlsx","U.S. General Services Administration","2026-09-29","Equal-month average FY2027 federal lodging allowance at institutional ZIP 52242. Administrative benchmark, not a commercial hotel quote; no taxes or event surge."
"153658","University of Iowa","labor_hourly_usd","","USD/hour","unavailable","","","","1","","","","","","Requires a comparable staffing role and dated local rate."
"153658","University of Iowa","venue_day_usd","","USD/day","unavailable","","","","1","","","","","","Requires a dated venue rate for comparable event specifications."
"153658","University of Iowa","permit_days","","days","unavailable","","","","0.5","","","","","","Requires an event type and verified campus approval lead time."
"153658","University of Iowa","travel_quote_usd","","USD/trip","unavailable","","","","0.5","","","","","","Requires origin, dates, mode and party size for a comparable quote."
"153658","University of Iowa","meals_proxy_usd","68","USD/day","available","policy_proxy","FY2027","64","0","73.5","gsa","https://www.gsa.gov/system/files/FY2027PerDiemZipCode_Validated090126.xlsx","U.S. General Services Administration","2026-09-29","FY2027 meals/incidental allowance. Not local labor or event budget."
"153658","University of Iowa","airport_km","28.682447511177067","km","available","geographic_proxy","","80.87836832588195","3","54.000000000000014","HD2024; airports","https://nces.ed.gov/ipeds/datacenter/data/hd2024.zip; https://davidmegginson.github.io/ourairports-data/airports.csv","NCES / U.S. Department of Education; OurAirports","2026-09-29; 2026-09-29","Haversine great-circle distance to nearest US large/medium airport with scheduled_service=yes. Not drive time, route frequency, or fare."
"153658","University of Iowa","metro_presence","1","indicator","available","geographic_proxy","2024","100","1","70.56","HD2024","https://nces.ed.gov/ipeds/datacenter/data/hd2024.zip","NCES / U.S. Department of Education","2026-09-29","IPEDS metropolitan CBSA membership; not metro population or downtown distance."
"153658","University of Iowa","nearby_campuses","0","campuses","available","geographic_proxy","2024","0","1","70.56","HD2024","https://nces.ed.gov/ipeds/datacenter/data/hd2024.zip","NCES / U.S. Department of Education","2026-09-29","Count within 200 km great-circle of fixed geography-reference.json; not road routing or shared-customer overlap."
"153658","University of Iowa","cac_usd","","USD/customer","unavailable","","","","1.75","","","","","","No first-party client data supplied."
"153658","University of Iowa","conversion_pct","","percent","unavailable","","","","1.25","","","","","","No first-party client data supplied."
"153658","University of Iowa","roi_pct","","percent","unavailable","","","","1.25","","","","","","No first-party client data supplied."
"153658","University of Iowa","engagement_pct","","percent","unavailable","","","","0.75","","","","","","No first-party client data supplied."
"153658","University of Iowa","samples","","samples","unavailable","","","","0","","","","","","No first-party client data supplied."
"153658","University of Iowa","leads","","leads","unavailable","","","","0","","","","","","No first-party client data supplied."
"153658","University of Iowa","revenue_usd","","USD","unavailable","","","","0","","","","","","No first-party client data supplied."
"153658","University of Iowa","ambassador_conversions","","customers","unavailable","","","","0","","","","","","No first-party client data supplied."
"153658","University of Iowa","event_attendance","","people","unavailable","","","","0","","","","","","No first-party client data supplied."
"137847","The University of Tampa","undergraduates","10111","students","available","reported","2023","30.580410938808164","6","68.6","EF2023A","https://nces.ed.gov/ipeds/datacenter/data/ef2023a.zip","NCES / U.S. Department of Education","2026-09-29","EFALEVEL=2; EFTOTLT. Full-time plus part-time undergraduates."
"137847","The University of Tampa","non_distance_undergraduates","10094","students","available","derived_difference","2023","30.507331460728786","10","68.6","EF2023A_DIST","https://nces.ed.gov/ipeds/datacenter/data/ef2023a_dist.zip","NCES / U.S. Department of Education","2026-09-29","EFDELEV=2; EFDETOT minus EFDEEXC. At least some non-distance courses; not residence-hall occupancy."
"137847","The University of Tampa","on_campus_residents","","students","unavailable","","","","4","","","","","","No verified undergraduate resident count collected; bed capacity and projected move-ins are not occupancy."
"137847","The University of Tampa","age_18_24_pct","97.5670062308377","percent","available","derived_ratio","2023","97.5670062308377","10","68.6","EF2023B","https://nces.ed.gov/ipeds/datacenter/data/ef2023b.zip","NCES / U.S. Department of Education","2026-09-29","Sum EFBAGE 4,5,6 / EFBAGE 1; LSTUDY=2. Unknown ages remain in denominator."
"137847","The University of Tampa","women_pct","58.67866679853625","percent","available","derived_ratio","2023","82.6426664029275","0","68.6","EF2023A","https://nces.ed.gov/ipeds/datacenter/data/ef2023a.zip","NCES / U.S. Department of Education","2026-09-29","100 * EFTOTLW / EFTOTLT. IPEDS reported sex classification; not gender identity."
"137847","The University of Tampa","out_of_state_freshmen_pct","","percent","unavailable","","","","0","","","","","","(US-resident first-time entrants minus in-state entrants) / all entrants; international and unknown are not silently counted as out-of-state. Missing, suppressed, imputed or not reported."
"137847","The University of Tampa","age_18_19_pct","40.965285332805855","percent","available","derived_ratio","2023","40.96528533280585","0","68.6","EF2023B","https://nces.ed.gov/ipeds/datacenter/data/ef2023b.zip","NCES / U.S. Department of Education","2026-09-29","LSTUDY=2; EFBAGE=4; EFAGE09 / all-age EFAGE09."
"137847","The University of Tampa","age_20_21_pct","47.987340520225494","percent","available","derived_ratio","2023","47.9873405202255","0","68.6","EF2023B","https://nces.ed.gov/ipeds/datacenter/data/ef2023b.zip","NCES / U.S. Department of Education","2026-09-29","LSTUDY=2; EFBAGE=5; EFAGE09 / all-age EFAGE09."
"137847","The University of Tampa","age_22_24_pct","8.61438037780635","percent","available","derived_ratio","2023","8.61438037780635","0","68.6","EF2023B","https://nces.ed.gov/ipeds/datacenter/data/ef2023b.zip","NCES / U.S. Department of Education","2026-09-29","LSTUDY=2; EFBAGE=6; EFAGE09 / all-age EFAGE09."
"137847","The University of Tampa","age_25_plus_pct","1.602215408960538","percent","available","derived_ratio","2023","1.602215408960538","0","68.6","EF2023B","https://nces.ed.gov/ipeds/datacenter/data/ef2023b.zip","NCES / U.S. Department of Education","2026-09-29","LSTUDY=2; EFBAGE=7; EFAGE09 / all-age EFAGE09."
"137847","The University of Tampa","age_unknown_pct","","percent","unavailable","","","","0","","","","","","LSTUDY=2; EFBAGE=14; EFAGE09 / all-age EFAGE09. Missing, suppressed, imputed or not reported."
"137847","The University of Tampa","in_state_freshmen_pct","","percent","unavailable","","","","0","","","","","","In-state first-time degree-seeking entrants / all first-time entrants. NOT all-undergraduate residency. Missing, suppressed, imputed or not reported."
"137847","The University of Tampa","international_pct","5.311047374146969","percent","available","derived_ratio","2023","5.311047374146969","0","68.6","EF2023A","https://nces.ed.gov/ipeds/datacenter/data/ef2023a.zip","NCES / U.S. Department of Education","2026-09-29","100 * EFNRALT / EFTOTLT. Descriptive only by default."
"137847","The University of Tampa","hispanic_pct","12.906735238848778","percent","available","derived_ratio","2023","12.906735238848778","0","68.6","EF2023A","https://nces.ed.gov/ipeds/datacenter/data/ef2023a.zip","NCES / U.S. Department of Education","2026-09-29","100 * EFHISPT / EFTOTLT. Descriptive only by default."
"137847","The University of Tampa","black_pct","2.6802492335080603","percent","available","derived_ratio","2023","2.6802492335080603","0","68.6","EF2023A","https://nces.ed.gov/ipeds/datacenter/data/ef2023a.zip","NCES / U.S. Department of Education","2026-09-29","100 * EFBKAAT / EFTOTLT. Descriptive only by default."
"137847","The University of Tampa","asian_pct","1.7802393432894867","percent","available","derived_ratio","2023","1.7802393432894867","0","68.6","EF2023A","https://nces.ed.gov/ipeds/datacenter/data/ef2023a.zip","NCES / U.S. Department of Education","2026-09-29","100 * EFASIAT / EFTOTLT. Descriptive only by default."
"137847","The University of Tampa","greek_pct","","percent","unavailable","","","","15.000000000000002","","","","","","No comparable verified observation collected."
"137847","The University of Tampa","greek_chapters","26","organizations","available","reported","","32.5","7.500000000000001","71.24999999999999","review-13117f3df44e","https://www.ut.edu/campus-life/fraternity-and-sorority-life/recruitment-intake","The University of Tampa","2026-09-29","Recruitment page reports 2,170 members and 26 chapters. Recruitment dates on the page cover 2026 but count reference period is unspecified."
"137847","The University of Tampa","greek_members","2170","students","available","reported","","81.79656701344123","2.5000000000000004","71.24999999999999","review-13117f3df44e","https://www.ut.edu/campus-life/fraternity-and-sorority-life/recruitment-intake","The University of Tampa","2026-09-29","Recruitment page reports 2,170 members and 26 chapters. Recruitment dates on the page cover 2026 but count reference period is unspecified."
"137847","The University of Tampa","verified_creators_per_1000","","creators/1,000","unavailable","","","","10.5","","","","","","No audited student-creator roster and same-scope denominator collected; program presence is a separate proxy."
"137847","The University of Tampa","creator_program_present","","indicator","unavailable","","","","4.5","","","","","","No comparable verified observation collected."
"137847","The University of Tampa","relevant_awards_pct","50.840527033166744","percent","available","derived_ratio","2023-24","100","7.000000000000001","58.309999999999995","C2024_A","https://nces.ed.gov/ipeds/datacenter/data/c2024_a.zip","NCES / U.S. Department of Education","2026-09-29","Relevant first-major bachelor awards / CIP=99 total bachelor awards. No second-major double counting."
"137847","The University of Tampa","relevant_awards","1119","awards","available","derived_sum","2023-24","82.43231025015022","2.0000000000000004","58.309999999999995","C2024_A","https://nces.ed.gov/ipeds/datacenter/data/c2024_a.zip","NCES / U.S. Department of Education","2026-09-29","AWLEVEL=5; MAJORNUM=1; unique six-digit CIP records in 52.*,09.*,10.*,50.04*,50.06*,19.09*,31.0504. Awards are not current major enrollment."
"137847","The University of Tampa","relevant_clubs","","organizations","unavailable","","","","1.0000000000000002","","","","","","No comparable verified observation collected."
"137847","The University of Tampa","customers_per_1000","","customers/1,000","unavailable","","","","5","","","","","","No first-party client data supplied."
"137847","The University of Tampa","lodging_proxy_usd","169.25","USD/night","available","policy_proxy","FY2027","65.375","2","73.5","gsa","https://www.gsa.gov/system/files/FY2027PerDiemZipCode_Validated090126.xlsx","U.S. General Services Administration","2026-09-29","Equal-month average FY2027 federal lodging allowance at institutional ZIP 33606. Administrative benchmark, not a commercial hotel quote; no taxes or event surge."
"137847","The University of Tampa","labor_hourly_usd","","USD/hour","unavailable","","","","1","","","","","","Requires a comparable staffing role and dated local rate."
"137847","The University of Tampa","venue_day_usd","","USD/day","unavailable","","","","1","","","","","","Requires a dated venue rate for comparable event specifications."
"137847","The University of Tampa","permit_days","","days","unavailable","","","","0.5","","","","","","Requires an event type and verified campus approval lead time."
"137847","The University of Tampa","travel_quote_usd","","USD/trip","unavailable","","","","0.5","","","","","","Requires origin, dates, mode and party size for a comparable quote."
"137847","The University of Tampa","meals_proxy_usd","80","USD/day","available","policy_proxy","FY2027","40","0","73.5","gsa","https://www.gsa.gov/system/files/FY2027PerDiemZipCode_Validated090126.xlsx","U.S. General Services Administration","2026-09-29","FY2027 meals/incidental allowance. Not local labor or event budget."
"137847","The University of Tampa","airport_km","7.357815028030289","km","available","geographic_proxy","","95.09478998131314","3","54.000000000000014","HD2024; airports","https://nces.ed.gov/ipeds/datacenter/data/hd2024.zip; https://davidmegginson.github.io/ourairports-data/airports.csv","NCES / U.S. Department of Education; OurAirports","2026-09-29; 2026-09-29","Haversine great-circle distance to nearest US large/medium airport with scheduled_service=yes. Not drive time, route frequency, or fare."
"137847","The University of Tampa","metro_presence","1","indicator","available","geographic_proxy","2024","100","1","70.56","HD2024","https://nces.ed.gov/ipeds/datacenter/data/hd2024.zip","NCES / U.S. Department of Education","2026-09-29","IPEDS metropolitan CBSA membership; not metro population or downtown distance."
"137847","The University of Tampa","nearby_campuses","1","campuses","available","geographic_proxy","2024","20","1","70.56","HD2024","https://nces.ed.gov/ipeds/datacenter/data/hd2024.zip","NCES / U.S. Department of Education","2026-09-29","Count within 200 km great-circle of fixed geography-reference.json; not road routing or shared-customer overlap."
"137847","The University of Tampa","cac_usd","","USD/customer","unavailable","","","","1.75","","","","","","No first-party client data supplied."
"137847","The University of Tampa","conversion_pct","","percent","unavailable","","","","1.25","","","","","","No first-party client data supplied."
"137847","The University of Tampa","roi_pct","","percent","unavailable","","","","1.25","","","","","","No first-party client data supplied."
"137847","The University of Tampa","engagement_pct","","percent","unavailable","","","","0.75","","","","","","No first-party client data supplied."
"137847","The University of Tampa","samples","","samples","unavailable","","","","0","","","","","","No first-party client data supplied."
"137847","The University of Tampa","leads","","leads","unavailable","","","","0","","","","","","No first-party client data supplied."
"137847","The University of Tampa","revenue_usd","","USD","unavailable","","","","0","","","","","","No first-party client data supplied."
"137847","The University of Tampa","ambassador_conversions","","customers","unavailable","","","","0","","","","","","No first-party client data supplied."
"137847","The University of Tampa","event_attendance","","people","unavailable","","","","0","","","","","","No first-party client data supplied."
"215062","University of Pennsylvania","undergraduates","11611","students","available","reported","2023","36.58787713098451","6","68.6","EF2023A","https://nces.ed.gov/ipeds/datacenter/data/ef2023a.zip","NCES / U.S. Department of Education","2026-09-29","EFALEVEL=2; EFTOTLT. Full-time plus part-time undergraduates."
"215062","University of Pennsylvania","non_distance_undergraduates","10940","students","available","derived_difference","2023","34.00267414750229","10","68.6","EF2023A_DIST","https://nces.ed.gov/ipeds/datacenter/data/ef2023a_dist.zip","NCES / U.S. Department of Education","2026-09-29","EFDELEV=2; EFDETOT minus EFDEEXC. At least some non-distance courses; not residence-hall occupancy."
"215062","University of Pennsylvania","on_campus_residents","","students","unavailable","","","","4","","","","","","No verified undergraduate resident count collected; bed capacity and projected move-ins are not occupancy."
"215062","University of Pennsylvania","age_18_24_pct","91.04297648781328","percent","available","derived_ratio","2023","91.04297648781329","10","68.6","EF2023B","https://nces.ed.gov/ipeds/datacenter/data/ef2023b.zip","NCES / U.S. Department of Education","2026-09-29","Sum EFBAGE 4,5,6 / EFBAGE 1; LSTUDY=2. Unknown ages remain in denominator."
"215062","University of Pennsylvania","women_pct","55.3699078460081","percent","available","derived_ratio","2023","89.2601843079838","0","68.6","EF2023A","https://nces.ed.gov/ipeds/datacenter/data/ef2023a.zip","NCES / U.S. Department of Education","2026-09-29","100 * EFTOTLW / EFTOTLT. IPEDS reported sex classification; not gender identity."
"215062","University of Pennsylvania","out_of_state_freshmen_pct","71.75983436853002","percent","available","derived_ratio","2023","56.480331262939956","0","68.6","EF2023C","https://nces.ed.gov/ipeds/datacenter/data/ef2023c.zip","NCES / U.S. Department of Education","2026-09-29","(US-resident first-time entrants minus in-state entrants) / all entrants; international and unknown are not silently counted as out-of-state."
"215062","University of Pennsylvania","age_18_19_pct","38.3601756954612","percent","available","derived_ratio","2023","38.3601756954612","0","68.6","EF2023B","https://nces.ed.gov/ipeds/datacenter/data/ef2023b.zip","NCES / U.S. Department of Education","2026-09-29","LSTUDY=2; EFBAGE=4; EFAGE09 / all-age EFAGE09."
"215062","University of Pennsylvania","age_20_21_pct","42.71811213504436","percent","available","derived_ratio","2023","42.71811213504436","0","68.6","EF2023B","https://nces.ed.gov/ipeds/datacenter/data/ef2023b.zip","NCES / U.S. Department of Education","2026-09-29","LSTUDY=2; EFBAGE=5; EFAGE09 / all-age EFAGE09."
"215062","University of Pennsylvania","age_22_24_pct","9.964688657307725","percent","available","derived_ratio","2023","9.964688657307725","0","68.6","EF2023B","https://nces.ed.gov/ipeds/datacenter/data/ef2023b.zip","NCES / U.S. Department of Education","2026-09-29","LSTUDY=2; EFBAGE=6; EFAGE09 / all-age EFAGE09."
"215062","University of Pennsylvania","age_25_plus_pct","6.829730428042374","percent","available","derived_ratio","2023","6.829730428042374","0","68.6","EF2023B","https://nces.ed.gov/ipeds/datacenter/data/ef2023b.zip","NCES / U.S. Department of Education","2026-09-29","LSTUDY=2; EFBAGE=7; EFAGE09 / all-age EFAGE09."
"215062","University of Pennsylvania","age_unknown_pct","","percent","unavailable","","","","0","","","","","","LSTUDY=2; EFBAGE=14; EFAGE09 / all-age EFAGE09. Missing, suppressed, imputed or not reported."
"215062","University of Pennsylvania","in_state_freshmen_pct","14.492753623188406","percent","available","derived_ratio","2023","14.492753623188404","0","68.6","EF2023C","https://nces.ed.gov/ipeds/datacenter/data/ef2023c.zip","NCES / U.S. Department of Education","2026-09-29","In-state first-time degree-seeking entrants / all first-time entrants. NOT all-undergraduate residency."
"215062","University of Pennsylvania","international_pct","13.504435449143054","percent","available","derived_ratio","2023","13.504435449143054","0","68.6","EF2023A","https://nces.ed.gov/ipeds/datacenter/data/ef2023a.zip","NCES / U.S. Department of Education","2026-09-29","100 * EFNRALT / EFTOTLT. Descriptive only by default."
"215062","University of Pennsylvania","hispanic_pct","10.567565239858755","percent","available","derived_ratio","2023","10.567565239858755","0","68.6","EF2023A","https://nces.ed.gov/ipeds/datacenter/data/ef2023a.zip","NCES / U.S. Department of Education","2026-09-29","100 * EFHISPT / EFTOTLT. Descriptive only by default."
"215062","University of Pennsylvania","black_pct","8.440272155714409","percent","available","derived_ratio","2023","8.440272155714409","0","68.6","EF2023A","https://nces.ed.gov/ipeds/datacenter/data/ef2023a.zip","NCES / U.S. Department of Education","2026-09-29","100 * EFBKAAT / EFTOTLT. Descriptive only by default."
"215062","University of Pennsylvania","asian_pct","26.845232968736543","percent","available","derived_ratio","2023","26.84523296873654","0","68.6","EF2023A","https://nces.ed.gov/ipeds/datacenter/data/ef2023a.zip","NCES / U.S. Department of Education","2026-09-29","100 * EFASIAT / EFTOTLT. Descriptive only by default."
"215062","University of Pennsylvania","greek_pct","","percent","unavailable","","","","15.000000000000002","","","","","","No comparable verified observation collected."
"215062","University of Pennsylvania","greek_chapters","36","organizations","available","reported","","45","7.500000000000001","71.24999999999999","primary-40","https://ofsl.universitylife.upenn.edu/chapters/","University of Pennsylvania","2026-09-29",""
"215062","University of Pennsylvania","greek_members","","students","unavailable","","","","2.5000000000000004","","","","","","No comparable verified observation collected."
"215062","University of Pennsylvania","verified_creators_per_1000","","creators/1,000","unavailable","","","","10.5","","","","","","No audited student-creator roster and same-scope denominator collected; program presence is a separate proxy."
"215062","University of Pennsylvania","creator_program_present","","indicator","unavailable","","","","4.5","","","","","","No comparable verified observation collected."
"215062","University of Pennsylvania","relevant_awards_pct","10.753448885744605","percent","available","derived_ratio","2023-24","21.50689777148921","7.000000000000001","58.309999999999995","C2024_A","https://nces.ed.gov/ipeds/datacenter/data/c2024_a.zip","NCES / U.S. Department of Education","2026-09-29","Relevant first-major bachelor awards / CIP=99 total bachelor awards. No second-major double counting."
"215062","University of Pennsylvania","relevant_awards","304","awards","available","derived_sum","2023-24","67.16035835709191","2.0000000000000004","58.309999999999995","C2024_A","https://nces.ed.gov/ipeds/datacenter/data/c2024_a.zip","NCES / U.S. Department of Education","2026-09-29","AWLEVEL=5; MAJORNUM=1; unique six-digit CIP records in 52.*,09.*,10.*,50.04*,50.06*,19.09*,31.0504. Awards are not current major enrollment."
"215062","University of Pennsylvania","relevant_clubs","","organizations","unavailable","","","","1.0000000000000002","","","","","","No comparable verified observation collected."
"215062","University of Pennsylvania","customers_per_1000","","customers/1,000","unavailable","","","","5","","","","","","No first-party client data supplied."
"215062","University of Pennsylvania","lodging_proxy_usd","193.66666666666666","USD/night","available","policy_proxy","FY2027","53.16666666666667","2","73.5","gsa","https://www.gsa.gov/system/files/FY2027PerDiemZipCode_Validated090126.xlsx","U.S. General Services Administration","2026-09-29","Equal-month average FY2027 federal lodging allowance at institutional ZIP 19104. Administrative benchmark, not a commercial hotel quote; no taxes or event surge."
"215062","University of Pennsylvania","labor_hourly_usd","","USD/hour","unavailable","","","","1","","","","","","Requires a comparable staffing role and dated local rate."
"215062","University of Pennsylvania","venue_day_usd","","USD/day","unavailable","","","","1","","","","","","Requires a dated venue rate for comparable event specifications."
"215062","University of Pennsylvania","permit_days","","days","unavailable","","","","0.5","","","","","","Requires an event type and verified campus approval lead time."
"215062","University of Pennsylvania","travel_quote_usd","","USD/trip","unavailable","","","","0.5","","","","","","Requires origin, dates, mode and party size for a comparable quote."
"215062","University of Pennsylvania","meals_proxy_usd","92","USD/day","available","policy_proxy","FY2027","16","0","73.5","gsa","https://www.gsa.gov/system/files/FY2027PerDiemZipCode_Validated090126.xlsx","U.S. General Services Administration","2026-09-29","FY2027 meals/incidental allowance. Not local labor or event budget."
"215062","University of Pennsylvania","airport_km","9.665471537556673","km","available","geographic_proxy","","93.55635230829554","3","54.000000000000014","HD2024; airports","https://nces.ed.gov/ipeds/datacenter/data/hd2024.zip; https://davidmegginson.github.io/ourairports-data/airports.csv","NCES / U.S. Department of Education; OurAirports","2026-09-29; 2026-09-29","Haversine great-circle distance to nearest US large/medium airport with scheduled_service=yes. Not drive time, route frequency, or fare."
"215062","University of Pennsylvania","metro_presence","1","indicator","available","geographic_proxy","2024","100","1","70.56","HD2024","https://nces.ed.gov/ipeds/datacenter/data/hd2024.zip","NCES / U.S. Department of Education","2026-09-29","IPEDS metropolitan CBSA membership; not metro population or downtown distance."
"215062","University of Pennsylvania","nearby_campuses","4","campuses","available","geographic_proxy","2024","80","1","70.56","HD2024","https://nces.ed.gov/ipeds/datacenter/data/hd2024.zip","NCES / U.S. Department of Education","2026-09-29","Count within 200 km great-circle of fixed geography-reference.json; not road routing or shared-customer overlap."
"215062","University of Pennsylvania","cac_usd","","USD/customer","unavailable","","","","1.75","","","","","","No first-party client data supplied."
"215062","University of Pennsylvania","conversion_pct","","percent","unavailable","","","","1.25","","","","","","No first-party client data supplied."
"215062","University of Pennsylvania","roi_pct","","percent","unavailable","","","","1.25","","","","","","No first-party client data supplied."
"215062","University of Pennsylvania","engagement_pct","","percent","unavailable","","","","0.75","","","","","","No first-party client data supplied."
"215062","University of Pennsylvania","samples","","samples","unavailable","","","","0","","","","","","No first-party client data supplied."
"215062","University of Pennsylvania","leads","","leads","unavailable","","","","0","","","","","","No first-party client data supplied."
"215062","University of Pennsylvania","revenue_usd","","USD","unavailable","","","","0","","","","","","No first-party client data supplied."
"215062","University of Pennsylvania","ambassador_conversions","","customers","unavailable","","","","0","","","","","","No first-party client data supplied."
"215062","University of Pennsylvania","event_attendance","","people","unavailable","","","","0","","","","","","No first-party client data supplied."
"218663","University of South Carolina-Columbia","undergraduates","28470","students","available","reported","2023","75.54049125700368","6","68.6","EF2023A","https://nces.ed.gov/ipeds/datacenter/data/ef2023a.zip","NCES / U.S. Department of Education","2026-09-29","EFALEVEL=2; EFTOTLT. Full-time plus part-time undergraduates."
"218663","University of South Carolina-Columbia","non_distance_undergraduates","27761","students","available","derived_difference","2023","74.44520849930274","10","68.6","EF2023A_DIST","https://nces.ed.gov/ipeds/datacenter/data/ef2023a_dist.zip","NCES / U.S. Department of Education","2026-09-29","EFDELEV=2; EFDETOT minus EFDEEXC. At least some non-distance courses; not residence-hall occupancy."
"218663","University of South Carolina-Columbia","on_campus_residents","","students","unavailable","","","","4","","","","","","No verified undergraduate resident count collected; bed capacity and projected move-ins are not occupancy."
"218663","University of South Carolina-Columbia","age_18_24_pct","95.69371268001404","percent","available","derived_ratio","2023","95.69371268001404","10","68.6","EF2023B","https://nces.ed.gov/ipeds/datacenter/data/ef2023b.zip","NCES / U.S. Department of Education","2026-09-29","Sum EFBAGE 4,5,6 / EFBAGE 1; LSTUDY=2. Unknown ages remain in denominator."
"218663","University of South Carolina-Columbia","women_pct","57.77660695468914","percent","available","derived_ratio","2023","84.44678609062171","0","68.6","EF2023A","https://nces.ed.gov/ipeds/datacenter/data/ef2023a.zip","NCES / U.S. Department of Education","2026-09-29","100 * EFTOTLW / EFTOTLT. IPEDS reported sex classification; not gender identity."
"218663","University of South Carolina-Columbia","out_of_state_freshmen_pct","44.82852848749829","percent","available","derived_ratio","2023","89.65705697499658","0","68.6","EF2023C","https://nces.ed.gov/ipeds/datacenter/data/ef2023c.zip","NCES / U.S. Department of Education","2026-09-29","(US-resident first-time entrants minus in-state entrants) / all entrants; international and unknown are not silently counted as out-of-state."
"218663","University of South Carolina-Columbia","age_18_19_pct","47.748507200561995","percent","available","derived_ratio","2023","47.748507200561995","0","68.6","EF2023B","https://nces.ed.gov/ipeds/datacenter/data/ef2023b.zip","NCES / U.S. Department of Education","2026-09-29","LSTUDY=2; EFBAGE=4; EFAGE09 / all-age EFAGE09."
"218663","University of South Carolina-Columbia","age_20_21_pct","40.291534949069195","percent","available","derived_ratio","2023","40.291534949069195","0","68.6","EF2023B","https://nces.ed.gov/ipeds/datacenter/data/ef2023b.zip","NCES / U.S. Department of Education","2026-09-29","LSTUDY=2; EFBAGE=5; EFAGE09 / all-age EFAGE09."
"218663","University of South Carolina-Columbia","age_22_24_pct","7.653670530382859","percent","available","derived_ratio","2023","7.653670530382859","0","68.6","EF2023B","https://nces.ed.gov/ipeds/datacenter/data/ef2023b.zip","NCES / U.S. Department of Education","2026-09-29","LSTUDY=2; EFBAGE=6; EFAGE09 / all-age EFAGE09."
"218663","University of South Carolina-Columbia","age_25_plus_pct","2.8275377590446085","percent","available","derived_ratio","2023","2.8275377590446085","0","68.6","EF2023B","https://nces.ed.gov/ipeds/datacenter/data/ef2023b.zip","NCES / U.S. Department of Education","2026-09-29","LSTUDY=2; EFBAGE=7; EFAGE09 / all-age EFAGE09."
"218663","University of South Carolina-Columbia","age_unknown_pct","","percent","unavailable","","","","0","","","","","","LSTUDY=2; EFBAGE=14; EFAGE09 / all-age EFAGE09. Missing, suppressed, imputed or not reported."
"218663","University of South Carolina-Columbia","in_state_freshmen_pct","54.21505670173521","percent","available","derived_ratio","2023","54.215056701735215","0","68.6","EF2023C","https://nces.ed.gov/ipeds/datacenter/data/ef2023c.zip","NCES / U.S. Department of Education","2026-09-29","In-state first-time degree-seeking entrants / all first-time entrants. NOT all-undergraduate residency."
"218663","University of South Carolina-Columbia","international_pct","2.072356866877415","percent","available","derived_ratio","2023","2.072356866877415","0","68.6","EF2023A","https://nces.ed.gov/ipeds/datacenter/data/ef2023a.zip","NCES / U.S. Department of Education","2026-09-29","100 * EFNRALT / EFTOTLT. Descriptive only by default."
"218663","University of South Carolina-Columbia","hispanic_pct","5.904460835967686","percent","available","derived_ratio","2023","5.904460835967686","0","68.6","EF2023A","https://nces.ed.gov/ipeds/datacenter/data/ef2023a.zip","NCES / U.S. Department of Education","2026-09-29","100 * EFHISPT / EFTOTLT. Descriptive only by default."
"218663","University of South Carolina-Columbia","black_pct","9.286968739023534","percent","available","derived_ratio","2023","9.286968739023534","0","68.6","EF2023A","https://nces.ed.gov/ipeds/datacenter/data/ef2023a.zip","NCES / U.S. Department of Education","2026-09-29","100 * EFBKAAT / EFTOTLT. Descriptive only by default."
"218663","University of South Carolina-Columbia","asian_pct","4.425711275026344","percent","available","derived_ratio","2023","4.425711275026344","0","68.6","EF2023A","https://nces.ed.gov/ipeds/datacenter/data/ef2023a.zip","NCES / U.S. Department of Education","2026-09-29","100 * EFASIAT / EFTOTLT. Descriptive only by default."
"218663","University of South Carolina-Columbia","greek_pct","30","percent","available","lower_bound","Spring 2026","50","15.000000000000002","80.75","review-0d27ccdb7052","https://grin.sc.edu/uofsc/posts/2026/08/rushtok-hashtag-uofsc-sorority-recruitment-greek-life-usc-most-potential-new-members.php","University of South Carolina-Columbia","2026-09-29","University news dated August 10, 2026 explicitly states more than 30% of Spring 2026 undergraduates belonged to one of four Greek councils. This resolves the older overview's ambiguous student-body denominator."
"218663","University of South Carolina-Columbia","greek_chapters","53","organizations","available","reported","","66.25","7.500000000000001","71.24999999999999","primary-21","https://www.sc.edu/about/offices_and_divisions/fraternity_and_sorority_life/","University of South Carolina-Columbia","2026-09-29","Page also says more than 30% of student body; ambiguous denominator excluded from penetration metric."
"218663","University of South Carolina-Columbia","greek_members","10000","students","available","lower_bound","","98.05908830022409","2.5000000000000004","60.562499999999986","primary-21","https://www.sc.edu/about/offices_and_divisions/fraternity_and_sorority_life/","University of South Carolina-Columbia","2026-09-29","Page also says more than 30% of student body; ambiguous denominator excluded from penetration metric."
"218663","University of South Carolina-Columbia","verified_creators_per_1000","","creators/1,000","unavailable","","","","10.5","","","","","","No audited student-creator roster and same-scope denominator collected; program presence is a separate proxy."
"218663","University of South Carolina-Columbia","creator_program_present","1","indicator","available","documented_program","","100","4.5","42.74999999999999","review-462ac2cf66fa","https://cas.ed.sc.edu/about/offices_and_divisions/student_affairs/student-services/student_life/student_media/index.php","University of South Carolina-Columbia","2026-09-29","Official Student Media/Garnet Media Group overview documents student-created SGTV content published on social platforms including YouTube and Instagram. Not a census of independent student influencers."
"218663","University of South Carolina-Columbia","relevant_awards_pct","37.3698354047699","percent","available","derived_ratio","2023-24","74.7396708095398","7.000000000000001","58.309999999999995","C2024_A","https://nces.ed.gov/ipeds/datacenter/data/c2024_a.zip","NCES / U.S. Department of Education","2026-09-29","Relevant first-major bachelor awards / CIP=99 total bachelor awards. No second-major double counting."
"218663","University of South Carolina-Columbia","relevant_awards","2225","awards","available","derived_sum","2023-24","90.49672096505354","2.0000000000000004","58.309999999999995","C2024_A","https://nces.ed.gov/ipeds/datacenter/data/c2024_a.zip","NCES / U.S. Department of Education","2026-09-29","AWLEVEL=5; MAJORNUM=1; unique six-digit CIP records in 52.*,09.*,10.*,50.04*,50.06*,19.09*,31.0504. Awards are not current major enrollment."
"218663","University of South Carolina-Columbia","relevant_clubs","","organizations","unavailable","","","","1.0000000000000002","","","","","","No comparable verified observation collected."
"218663","University of South Carolina-Columbia","customers_per_1000","","customers/1,000","unavailable","","","","5","","","","","","No first-party client data supplied."
"218663","University of South Carolina-Columbia","lodging_proxy_usd","115","USD/night","available","policy_proxy","FY2027","92.5","2","73.5","gsa","https://www.gsa.gov/system/files/FY2027PerDiemZipCode_Validated090126.xlsx","U.S. General Services Administration","2026-09-29","Equal-month average FY2027 federal lodging allowance at institutional ZIP 29208. Administrative benchmark, not a commercial hotel quote; no taxes or event surge."
"218663","University of South Carolina-Columbia","labor_hourly_usd","","USD/hour","unavailable","","","","1","","","","","","Requires a comparable staffing role and dated local rate."
"218663","University of South Carolina-Columbia","venue_day_usd","","USD/day","unavailable","","","","1","","","","","","Requires a dated venue rate for comparable event specifications."
"218663","University of South Carolina-Columbia","permit_days","","days","unavailable","","","","0.5","","","","","","Requires an event type and verified campus approval lead time."
"218663","University of South Carolina-Columbia","travel_quote_usd","","USD/trip","unavailable","","","","0.5","","","","","","Requires origin, dates, mode and party size for a comparable quote."
"218663","University of South Carolina-Columbia","meals_proxy_usd","74","USD/day","available","policy_proxy","FY2027","52","0","73.5","gsa","https://www.gsa.gov/system/files/FY2027PerDiemZipCode_Validated090126.xlsx","U.S. General Services Administration","2026-09-29","FY2027 meals/incidental allowance. Not local labor or event budget."
"218663","University of South Carolina-Columbia","airport_km","11.000090646617219","km","available","geographic_proxy","","92.66660623558852","3","54.000000000000014","HD2024; airports","https://nces.ed.gov/ipeds/datacenter/data/hd2024.zip; https://davidmegginson.github.io/ourairports-data/airports.csv","NCES / U.S. Department of Education; OurAirports","2026-09-29; 2026-09-29","Haversine great-circle distance to nearest US large/medium airport with scheduled_service=yes. Not drive time, route frequency, or fare."
"218663","University of South Carolina-Columbia","metro_presence","1","indicator","available","geographic_proxy","2024","100","1","70.56","HD2024","https://nces.ed.gov/ipeds/datacenter/data/hd2024.zip","NCES / U.S. Department of Education","2026-09-29","IPEDS metropolitan CBSA membership; not metro population or downtown distance."
"218663","University of South Carolina-Columbia","nearby_campuses","1","campuses","available","geographic_proxy","2024","20","1","70.56","HD2024","https://nces.ed.gov/ipeds/datacenter/data/hd2024.zip","NCES / U.S. Department of Education","2026-09-29","Count within 200 km great-circle of fixed geography-reference.json; not road routing or shared-customer overlap."
"218663","University of South Carolina-Columbia","cac_usd","","USD/customer","unavailable","","","","1.75","","","","","","No first-party client data supplied."
"218663","University of South Carolina-Columbia","conversion_pct","","percent","unavailable","","","","1.25","","","","","","No first-party client data supplied."
"218663","University of South Carolina-Columbia","roi_pct","","percent","unavailable","","","","1.25","","","","","","No first-party client data supplied."
"218663","University of South Carolina-Columbia","engagement_pct","","percent","unavailable","","","","0.75","","","","","","No first-party client data supplied."
"218663","University of South Carolina-Columbia","samples","","samples","unavailable","","","","0","","","","","","No first-party client data supplied."
"218663","University of South Carolina-Columbia","leads","","leads","unavailable","","","","0","","","","","","No first-party client data supplied."
"218663","University of South Carolina-Columbia","revenue_usd","","USD","unavailable","","","","0","","","","","","No first-party client data supplied."
"218663","University of South Carolina-Columbia","ambassador_conversions","","customers","unavailable","","","","0","","","","","","No first-party client data supplied."
"218663","University of South Carolina-Columbia","event_attendance","","people","unavailable","","","","0","","","","","","No first-party client data supplied."
"217882","Clemson University","undergraduates","22875","students","available","reported","2023","66.03748511368376","6","68.6","EF2023A","https://nces.ed.gov/ipeds/datacenter/data/ef2023a.zip","NCES / U.S. Department of Education","2026-09-29","EFALEVEL=2; EFTOTLT. Full-time plus part-time undergraduates."
"217882","Clemson University","non_distance_undergraduates","22694","students","available","derived_difference","2023","65.69246806605348","10","68.6","EF2023A_DIST","https://nces.ed.gov/ipeds/datacenter/data/ef2023a_dist.zip","NCES / U.S. Department of Education","2026-09-29","EFDELEV=2; EFDETOT minus EFDEEXC. At least some non-distance courses; not residence-hall occupancy."
"217882","Clemson University","on_campus_residents","","students","unavailable","","","","4","","","","","","No verified undergraduate resident count collected; bed capacity and projected move-ins are not occupancy."
"217882","Clemson University","age_18_24_pct","97.12786885245902","percent","available","derived_ratio","2023","97.12786885245902","10","68.6","EF2023B","https://nces.ed.gov/ipeds/datacenter/data/ef2023b.zip","NCES / U.S. Department of Education","2026-09-29","Sum EFBAGE 4,5,6 / EFBAGE 1; LSTUDY=2. Unknown ages remain in denominator."
"217882","Clemson University","women_pct","52.992349726775956","percent","available","derived_ratio","2023","94.01530054644809","0","68.6","EF2023A","https://nces.ed.gov/ipeds/datacenter/data/ef2023a.zip","NCES / U.S. Department of Education","2026-09-29","100 * EFTOTLW / EFTOTLT. IPEDS reported sex classification; not gender identity."
"217882","Clemson University","out_of_state_freshmen_pct","48.21984868713841","percent","available","derived_ratio","2023","96.43969737427682","0","68.6","EF2023C","https://nces.ed.gov/ipeds/datacenter/data/ef2023c.zip","NCES / U.S. Department of Education","2026-09-29","(US-resident first-time entrants minus in-state entrants) / all entrants; international and unknown are not silently counted as out-of-state."
"217882","Clemson University","age_18_19_pct","38.662295081967216","percent","available","derived_ratio","2023","38.662295081967216","0","68.6","EF2023B","https://nces.ed.gov/ipeds/datacenter/data/ef2023b.zip","NCES / U.S. Department of Education","2026-09-29","LSTUDY=2; EFBAGE=4; EFAGE09 / all-age EFAGE09."
"217882","Clemson University","age_20_21_pct","45.85355191256831","percent","available","derived_ratio","2023","45.85355191256831","0","68.6","EF2023B","https://nces.ed.gov/ipeds/datacenter/data/ef2023b.zip","NCES / U.S. Department of Education","2026-09-29","LSTUDY=2; EFBAGE=5; EFAGE09 / all-age EFAGE09."
"217882","Clemson University","age_22_24_pct","12.612021857923498","percent","available","derived_ratio","2023","12.612021857923498","0","68.6","EF2023B","https://nces.ed.gov/ipeds/datacenter/data/ef2023b.zip","NCES / U.S. Department of Education","2026-09-29","LSTUDY=2; EFBAGE=6; EFAGE09 / all-age EFAGE09."
"217882","Clemson University","age_25_plus_pct","2.378142076502732","percent","available","derived_ratio","2023","2.378142076502732","0","68.6","EF2023B","https://nces.ed.gov/ipeds/datacenter/data/ef2023b.zip","NCES / U.S. Department of Education","2026-09-29","LSTUDY=2; EFBAGE=7; EFAGE09 / all-age EFAGE09."
"217882","Clemson University","age_unknown_pct","","percent","unavailable","","","","0","","","","","","LSTUDY=2; EFBAGE=14; EFAGE09 / all-age EFAGE09. Missing, suppressed, imputed or not reported."
"217882","Clemson University","in_state_freshmen_pct","50.801068090787716","percent","available","derived_ratio","2023","50.80106809078771","0","68.6","EF2023C","https://nces.ed.gov/ipeds/datacenter/data/ef2023c.zip","NCES / U.S. Department of Education","2026-09-29","In-state first-time degree-seeking entrants / all first-time entrants. NOT all-undergraduate residency."
"217882","Clemson University","international_pct","0.839344262295082","percent","available","derived_ratio","2023","0.8393442622950819","0","68.6","EF2023A","https://nces.ed.gov/ipeds/datacenter/data/ef2023a.zip","NCES / U.S. Department of Education","2026-09-29","100 * EFNRALT / EFTOTLT. Descriptive only by default."
"217882","Clemson University","hispanic_pct","8.690710382513661","percent","available","derived_ratio","2023","8.690710382513661","0","68.6","EF2023A","https://nces.ed.gov/ipeds/datacenter/data/ef2023a.zip","NCES / U.S. Department of Education","2026-09-29","100 * EFHISPT / EFTOTLT. Descriptive only by default."
"217882","Clemson University","black_pct","5.451366120218579","percent","available","derived_ratio","2023","5.451366120218579","0","68.6","EF2023A","https://nces.ed.gov/ipeds/datacenter/data/ef2023a.zip","NCES / U.S. Department of Education","2026-09-29","100 * EFBKAAT / EFTOTLT. Descriptive only by default."
"217882","Clemson University","asian_pct","2.837158469945355","percent","available","derived_ratio","2023","2.837158469945355","0","68.6","EF2023A","https://nces.ed.gov/ipeds/datacenter/data/ef2023a.zip","NCES / U.S. Department of Education","2026-09-29","100 * EFASIAT / EFTOTLT. Descriptive only by default."
"217882","Clemson University","greek_pct","27.9","percent","available","reported","2024-25","46.5","15.000000000000002","76","review-ab00ca7f94e8","https://media.clemson.edu/studentaffairs/website-documents/division/about/annual-reports/impact-report-2024-25.pdf","Clemson University","2026-09-29","FY25 Student Affairs Impact Report, Greek-community feature: 6,704 members, 27.9% undergraduate participation and 50+ chapters. Annual-report period; not claimed to be current Fall 2026."
"217882","Clemson University","greek_chapters","50","organizations","available","lower_bound","2024-25","62.5","7.500000000000001","64.60000000000001","review-ab00ca7f94e8","https://media.clemson.edu/studentaffairs/website-documents/division/about/annual-reports/impact-report-2024-25.pdf","Clemson University","2026-09-29","FY25 Student Affairs Impact Report, Greek-community feature: 6,704 members, 27.9% undergraduate participation and 50+ chapters. Annual-report period; not claimed to be current Fall 2026."
"217882","Clemson University","greek_members","6704","students","available","reported","2024-25","93.80227561925297","2.5000000000000004","76","review-ab00ca7f94e8","https://media.clemson.edu/studentaffairs/website-documents/division/about/annual-reports/impact-report-2024-25.pdf","Clemson University","2026-09-29","FY25 Student Affairs Impact Report, Greek-community feature: 6,704 members, 27.9% undergraduate participation and 50+ chapters. Annual-report period; not claimed to be current Fall 2026."
"217882","Clemson University","verified_creators_per_1000","","creators/1,000","unavailable","","","","10.5","","","","","","No audited student-creator roster and same-scope denominator collected; program presence is a separate proxy."
"217882","Clemson University","creator_program_present","1","indicator","available","documented_opportunity","Fall 2026","100","4.5","42.74999999999999","review-893c61b65978","https://career.clemson.edu/jobs/clemson-university-campus-recreation-social-media-intern-fall-2026/","Clemson University","2026-09-29","Campus Recreation UPIC internship advertises student creation and management of social content for Fall 2026. Listing is expired; it documents an institutional opportunity, not confirmed staff or creator headcount."
"217882","Clemson University","relevant_awards_pct","27.567949170490646","percent","available","derived_ratio","2023-24","55.13589834098129","7.000000000000001","58.309999999999995","C2024_A","https://nces.ed.gov/ipeds/datacenter/data/c2024_a.zip","NCES / U.S. Department of Education","2026-09-29","Relevant first-major bachelor awards / CIP=99 total bachelor awards. No second-major double counting."
"217882","Clemson University","relevant_awards","1562","awards","available","derived_sum","2023-24","86.3452253806938","2.0000000000000004","58.309999999999995","C2024_A","https://nces.ed.gov/ipeds/datacenter/data/c2024_a.zip","NCES / U.S. Department of Education","2026-09-29","AWLEVEL=5; MAJORNUM=1; unique six-digit CIP records in 52.*,09.*,10.*,50.04*,50.06*,19.09*,31.0504. Awards are not current major enrollment."
"217882","Clemson University","relevant_clubs","","organizations","unavailable","","","","1.0000000000000002","","","","","","No comparable verified observation collected."
"217882","Clemson University","customers_per_1000","","customers/1,000","unavailable","","","","5","","","","","","No first-party client data supplied."
"217882","Clemson University","lodging_proxy_usd","113","USD/night","available","policy_proxy","FY2027","93.5","2","73.5","gsa","https://www.gsa.gov/system/files/FY2027PerDiemZipCode_Validated090126.xlsx","U.S. General Services Administration","2026-09-29","Equal-month average FY2027 federal lodging allowance at institutional ZIP 29634. Administrative benchmark, not a commercial hotel quote; no taxes or event surge."
"217882","Clemson University","labor_hourly_usd","","USD/hour","unavailable","","","","1","","","","","","Requires a comparable staffing role and dated local rate."
"217882","Clemson University","venue_day_usd","","USD/day","unavailable","","","","1","","","","","","Requires a dated venue rate for comparable event specifications."
"217882","Clemson University","permit_days","","days","unavailable","","","","0.5","","","","","","Requires an event type and verified campus approval lead time."
"217882","Clemson University","travel_quote_usd","","USD/trip","unavailable","","","","0.5","","","","","","Requires origin, dates, mode and party size for a comparable quote."
"217882","Clemson University","meals_proxy_usd","68","USD/day","available","policy_proxy","FY2027","64","0","73.5","gsa","https://www.gsa.gov/system/files/FY2027PerDiemZipCode_Validated090126.xlsx","U.S. General Services Administration","2026-09-29","FY2027 meals/incidental allowance. Not local labor or event budget."
"217882","Clemson University","airport_km","61.19837288717852","km","available","geographic_proxy","","59.20108474188098","3","54.000000000000014","HD2024; airports","https://nces.ed.gov/ipeds/datacenter/data/hd2024.zip; https://davidmegginson.github.io/ourairports-data/airports.csv","NCES / U.S. Department of Education; OurAirports","2026-09-29; 2026-09-29","Haversine great-circle distance to nearest US large/medium airport with scheduled_service=yes. Not drive time, route frequency, or fare."
"217882","Clemson University","metro_presence","1","indicator","available","geographic_proxy","2024","100","1","70.56","HD2024","https://nces.ed.gov/ipeds/datacenter/data/hd2024.zip","NCES / U.S. Department of Education","2026-09-29","IPEDS metropolitan CBSA membership; not metro population or downtown distance."
"217882","Clemson University","nearby_campuses","3","campuses","available","geographic_proxy","2024","60","1","70.56","HD2024","https://nces.ed.gov/ipeds/datacenter/data/hd2024.zip","NCES / U.S. Department of Education","2026-09-29","Count within 200 km great-circle of fixed geography-reference.json; not road routing or shared-customer overlap."
"217882","Clemson University","cac_usd","","USD/customer","unavailable","","","","1.75","","","","","","No first-party client data supplied."
"217882","Clemson University","conversion_pct","","percent","unavailable","","","","1.25","","","","","","No first-party client data supplied."
"217882","Clemson University","roi_pct","","percent","unavailable","","","","1.25","","","","","","No first-party client data supplied."
"217882","Clemson University","engagement_pct","","percent","unavailable","","","","0.75","","","","","","No first-party client data supplied."
"217882","Clemson University","samples","","samples","unavailable","","","","0","","","","","","No first-party client data supplied."
"217882","Clemson University","leads","","leads","unavailable","","","","0","","","","","","No first-party client data supplied."
"217882","Clemson University","revenue_usd","","USD","unavailable","","","","0","","","","","","No first-party client data supplied."
"217882","Clemson University","ambassador_conversions","","customers","unavailable","","","","0","","","","","","No first-party client data supplied."
"217882","Clemson University","event_attendance","","people","unavailable","","","","0","","","","","","No first-party client data supplied."
"234076","University of Virginia-Main Campus","undergraduates","17612","students","available","reported","2023","54.68192223509315","6","68.6","EF2023A","https://nces.ed.gov/ipeds/datacenter/data/ef2023a.zip","NCES / U.S. Department of Education","2026-09-29","EFALEVEL=2; EFTOTLT. Full-time plus part-time undergraduates."
"234076","University of Virginia-Main Campus","non_distance_undergraduates","17171","students","available","derived_difference","2023","53.58059062116607","10","68.6","EF2023A_DIST","https://nces.ed.gov/ipeds/datacenter/data/ef2023a_dist.zip","NCES / U.S. Department of Education","2026-09-29","EFDELEV=2; EFDETOT minus EFDEEXC. At least some non-distance courses; not residence-hall occupancy."
"234076","University of Virginia-Main Campus","on_campus_residents","","students","unavailable","","","","4","","","","","","No verified undergraduate resident count collected; bed capacity and projected move-ins are not occupancy."
"234076","University of Virginia-Main Campus","age_18_24_pct","93.99841017488076","percent","available","derived_ratio","2023","93.99841017488076","10","68.6","EF2023B","https://nces.ed.gov/ipeds/datacenter/data/ef2023b.zip","NCES / U.S. Department of Education","2026-09-29","Sum EFBAGE 4,5,6 / EFBAGE 1; LSTUDY=2. Unknown ages remain in denominator."
"234076","University of Virginia-Main Campus","women_pct","56.54667272314331","percent","available","derived_ratio","2023","86.90665455371338","0","68.6","EF2023A","https://nces.ed.gov/ipeds/datacenter/data/ef2023a.zip","NCES / U.S. Department of Education","2026-09-29","100 * EFTOTLW / EFTOTLT. IPEDS reported sex classification; not gender identity."
"234076","University of Virginia-Main Campus","out_of_state_freshmen_pct","29.853756933938477","percent","available","derived_ratio","2023","59.70751386787696","0","68.6","EF2023C","https://nces.ed.gov/ipeds/datacenter/data/ef2023c.zip","NCES / U.S. Department of Education","2026-09-29","(US-resident first-time entrants minus in-state entrants) / all entrants; international and unknown are not silently counted as out-of-state."
"234076","University of Virginia-Main Campus","age_18_19_pct","44.69679763797411","percent","available","derived_ratio","2023","44.69679763797411","0","68.6","EF2023B","https://nces.ed.gov/ipeds/datacenter/data/ef2023b.zip","NCES / U.S. Department of Education","2026-09-29","LSTUDY=2; EFBAGE=4; EFAGE09 / all-age EFAGE09."
"234076","University of Virginia-Main Campus","age_20_21_pct","44.56620486032251","percent","available","derived_ratio","2023","44.56620486032251","0","68.6","EF2023B","https://nces.ed.gov/ipeds/datacenter/data/ef2023b.zip","NCES / U.S. Department of Education","2026-09-29","LSTUDY=2; EFBAGE=5; EFAGE09 / all-age EFAGE09."
"234076","University of Virginia-Main Campus","age_22_24_pct","4.735407676584147","percent","available","derived_ratio","2023","4.735407676584147","0","68.6","EF2023B","https://nces.ed.gov/ipeds/datacenter/data/ef2023b.zip","NCES / U.S. Department of Education","2026-09-29","LSTUDY=2; EFBAGE=6; EFAGE09 / all-age EFAGE09."
"234076","University of Virginia-Main Campus","age_25_plus_pct","3.4578696343402227","percent","available","derived_ratio","2023","3.4578696343402227","0","68.6","EF2023B","https://nces.ed.gov/ipeds/datacenter/data/ef2023b.zip","NCES / U.S. Department of Education","2026-09-29","LSTUDY=2; EFBAGE=7; EFAGE09 / all-age EFAGE09."
"234076","University of Virginia-Main Campus","age_unknown_pct","","percent","unavailable","","","","0","","","","","","LSTUDY=2; EFBAGE=14; EFAGE09 / all-age EFAGE09. Missing, suppressed, imputed or not reported."
"234076","University of Virginia-Main Campus","in_state_freshmen_pct","65.30509329299042","percent","available","derived_ratio","2023","65.30509329299042","0","68.6","EF2023C","https://nces.ed.gov/ipeds/datacenter/data/ef2023c.zip","NCES / U.S. Department of Education","2026-09-29","In-state first-time degree-seeking entrants / all first-time entrants. NOT all-undergraduate residency."
"234076","University of Virginia-Main Campus","international_pct","4.780831251419487","percent","available","derived_ratio","2023","4.780831251419487","0","68.6","EF2023A","https://nces.ed.gov/ipeds/datacenter/data/ef2023a.zip","NCES / U.S. Department of Education","2026-09-29","100 * EFNRALT / EFTOTLT. Descriptive only by default."
"234076","University of Virginia-Main Campus","hispanic_pct","7.324551442198501","percent","available","derived_ratio","2023","7.324551442198501","0","68.6","EF2023A","https://nces.ed.gov/ipeds/datacenter/data/ef2023a.zip","NCES / U.S. Department of Education","2026-09-29","100 * EFHISPT / EFTOTLT. Descriptive only by default."
"234076","University of Virginia-Main Campus","black_pct","7.597092891210538","percent","available","derived_ratio","2023","7.597092891210539","0","68.6","EF2023A","https://nces.ed.gov/ipeds/datacenter/data/ef2023a.zip","NCES / U.S. Department of Education","2026-09-29","100 * EFBKAAT / EFTOTLT. Descriptive only by default."
"234076","University of Virginia-Main Campus","asian_pct","18.901885078355665","percent","available","derived_ratio","2023","18.901885078355665","0","68.6","EF2023A","https://nces.ed.gov/ipeds/datacenter/data/ef2023a.zip","NCES / U.S. Department of Education","2026-09-29","100 * EFASIAT / EFTOTLT. Descriptive only by default."
"234076","University of Virginia-Main Campus","greek_pct","28","percent","available","reported_approximate","","46.666666666666664","15.000000000000002","60.562499999999986","primary-23","https://studentaffairs.virginia.edu/subsite/fsl/about/frequently-asked-questions","University of Virginia-Main Campus","2026-09-29","Office FAQ says approximately 28% of undergraduates; faculty handbook states 27% of student body, different scope."
"234076","University of Virginia-Main Campus","greek_chapters","53","organizations","available","reported","","66.25","7.500000000000001","71.24999999999999","primary-22","https://studentaffairs.virginia.edu/subsite/fsl/recruitment-intake/prospective-members-parents","University of Virginia-Main Campus","2026-09-29",""
"234076","University of Virginia-Main Campus","greek_members","","students","unavailable","","","","2.5000000000000004","","","","","","No comparable verified observation collected."
"234076","University of Virginia-Main Campus","verified_creators_per_1000","","creators/1,000","unavailable","","","","10.5","","","","","","No audited student-creator roster and same-scope denominator collected; program presence is a separate proxy."
"234076","University of Virginia-Main Campus","creator_program_present","","indicator","unavailable","","","","4.5","","","","","","No comparable verified observation collected."
"234076","University of Virginia-Main Campus","relevant_awards_pct","11.63862641161558","percent","available","derived_ratio","2023-24","23.277252823231162","7.000000000000001","58.309999999999995","C2024_A","https://nces.ed.gov/ipeds/datacenter/data/c2024_a.zip","NCES / U.S. Department of Education","2026-09-29","Relevant first-major bachelor awards / CIP=99 total bachelor awards. No second-major double counting."
"234076","University of Virginia-Main Campus","relevant_awards","505","awards","available","derived_sum","2023-24","73.10378356351247","2.0000000000000004","58.309999999999995","C2024_A","https://nces.ed.gov/ipeds/datacenter/data/c2024_a.zip","NCES / U.S. Department of Education","2026-09-29","AWLEVEL=5; MAJORNUM=1; unique six-digit CIP records in 52.*,09.*,10.*,50.04*,50.06*,19.09*,31.0504. Awards are not current major enrollment."
"234076","University of Virginia-Main Campus","relevant_clubs","","organizations","unavailable","","","","1.0000000000000002","","","","","","No comparable verified observation collected."
"234076","University of Virginia-Main Campus","customers_per_1000","","customers/1,000","unavailable","","","","5","","","","","","No first-party client data supplied."
"234076","University of Virginia-Main Campus","lodging_proxy_usd","142","USD/night","available","policy_proxy","FY2027","79","2","73.5","gsa","https://www.gsa.gov/system/files/FY2027PerDiemZipCode_Validated090126.xlsx","U.S. General Services Administration","2026-09-29","Equal-month average FY2027 federal lodging allowance at institutional ZIP 22903. Administrative benchmark, not a commercial hotel quote; no taxes or event surge."
"234076","University of Virginia-Main Campus","labor_hourly_usd","","USD/hour","unavailable","","","","1","","","","","","Requires a comparable staffing role and dated local rate."
"234076","University of Virginia-Main Campus","venue_day_usd","","USD/day","unavailable","","","","1","","","","","","Requires a dated venue rate for comparable event specifications."
"234076","University of Virginia-Main Campus","permit_days","","days","unavailable","","","","0.5","","","","","","Requires an event type and verified campus approval lead time."
"234076","University of Virginia-Main Campus","travel_quote_usd","","USD/trip","unavailable","","","","0.5","","","","","","Requires origin, dates, mode and party size for a comparable quote."
"234076","University of Virginia-Main Campus","meals_proxy_usd","80","USD/day","available","policy_proxy","FY2027","40","0","73.5","gsa","https://www.gsa.gov/system/files/FY2027PerDiemZipCode_Validated090126.xlsx","U.S. General Services Administration","2026-09-29","FY2027 meals/incidental allowance. Not local labor or event budget."
"234076","University of Virginia-Main Campus","airport_km","12.270238566025593","km","available","geographic_proxy","","91.81984095598294","3","54.000000000000014","HD2024; airports","https://nces.ed.gov/ipeds/datacenter/data/hd2024.zip; https://davidmegginson.github.io/ourairports-data/airports.csv","NCES / U.S. Department of Education; OurAirports","2026-09-29; 2026-09-29","Haversine great-circle distance to nearest US large/medium airport with scheduled_service=yes. Not drive time, route frequency, or fare."
"234076","University of Virginia-Main Campus","metro_presence","1","indicator","available","geographic_proxy","2024","100","1","70.56","HD2024","https://nces.ed.gov/ipeds/datacenter/data/hd2024.zip","NCES / U.S. Department of Education","2026-09-29","IPEDS metropolitan CBSA membership; not metro population or downtown distance."
"234076","University of Virginia-Main Campus","nearby_campuses","2","campuses","available","geographic_proxy","2024","40","1","70.56","HD2024","https://nces.ed.gov/ipeds/datacenter/data/hd2024.zip","NCES / U.S. Department of Education","2026-09-29","Count within 200 km great-circle of fixed geography-reference.json; not road routing or shared-customer overlap."
"234076","University of Virginia-Main Campus","cac_usd","","USD/customer","unavailable","","","","1.75","","","","","","No first-party client data supplied."
"234076","University of Virginia-Main Campus","conversion_pct","","percent","unavailable","","","","1.25","","","","","","No first-party client data supplied."
"234076","University of Virginia-Main Campus","roi_pct","","percent","unavailable","","","","1.25","","","","","","No first-party client data supplied."
"234076","University of Virginia-Main Campus","engagement_pct","","percent","unavailable","","","","0.75","","","","","","No first-party client data supplied."
"234076","University of Virginia-Main Campus","samples","","samples","unavailable","","","","0","","","","","","No first-party client data supplied."
"234076","University of Virginia-Main Campus","leads","","leads","unavailable","","","","0","","","","","","No first-party client data supplied."
"234076","University of Virginia-Main Campus","revenue_usd","","USD","unavailable","","","","0","","","","","","No first-party client data supplied."
"234076","University of Virginia-Main Campus","ambassador_conversions","","customers","unavailable","","","","0","","","","","","No first-party client data supplied."
"234076","University of Virginia-Main Campus","event_attendance","","people","unavailable","","","","0","","","","","","No first-party client data supplied."
"236939","Washington State University","undergraduates","","students","scope_mismatch","reported","2023","","6","","EF2023A","https://nces.ed.gov/ipeds/datacenter/data/ef2023a.zip","NCES / U.S. Department of Education","2026-09-29","EFALEVEL=2; EFTOTLT. Full-time plus part-time undergraduates. Excluded: multi-campus WSU reporting scope."
"236939","Washington State University","non_distance_undergraduates","","students","scope_mismatch","derived_difference","2023","","10","","EF2023A_DIST","https://nces.ed.gov/ipeds/datacenter/data/ef2023a_dist.zip","NCES / U.S. Department of Education","2026-09-29","EFDELEV=2; EFDETOT minus EFDEEXC. At least some non-distance courses; not residence-hall occupancy. Excluded: multi-campus WSU reporting scope."
"236939","Washington State University","on_campus_residents","","students","unavailable","","","","4","","","","","","No verified undergraduate resident count collected; bed capacity and projected move-ins are not occupancy."
"236939","Washington State University","age_18_24_pct","","percent","scope_mismatch","derived_ratio","2023","","10","","EF2023B","https://nces.ed.gov/ipeds/datacenter/data/ef2023b.zip","NCES / U.S. Department of Education","2026-09-29","Sum EFBAGE 4,5,6 / EFBAGE 1; LSTUDY=2. Unknown ages remain in denominator. Excluded: multi-campus WSU reporting scope."
"236939","Washington State University","women_pct","","percent","scope_mismatch","derived_ratio","2023","","0","","EF2023A","https://nces.ed.gov/ipeds/datacenter/data/ef2023a.zip","NCES / U.S. Department of Education","2026-09-29","100 * EFTOTLW / EFTOTLT. IPEDS reported sex classification; not gender identity. Excluded: multi-campus WSU reporting scope."
"236939","Washington State University","out_of_state_freshmen_pct","","percent","scope_mismatch","derived_ratio","2023","","0","","EF2023C","https://nces.ed.gov/ipeds/datacenter/data/ef2023c.zip","NCES / U.S. Department of Education","2026-09-29","(US-resident first-time entrants minus in-state entrants) / all entrants; international and unknown are not silently counted as out-of-state. Excluded: multi-campus WSU reporting scope."
"236939","Washington State University","age_18_19_pct","","percent","scope_mismatch","derived_ratio","2023","","0","","EF2023B","https://nces.ed.gov/ipeds/datacenter/data/ef2023b.zip","NCES / U.S. Department of Education","2026-09-29","LSTUDY=2; EFBAGE=4; EFAGE09 / all-age EFAGE09. Excluded: multi-campus WSU reporting scope."
"236939","Washington State University","age_20_21_pct","","percent","scope_mismatch","derived_ratio","2023","","0","","EF2023B","https://nces.ed.gov/ipeds/datacenter/data/ef2023b.zip","NCES / U.S. Department of Education","2026-09-29","LSTUDY=2; EFBAGE=5; EFAGE09 / all-age EFAGE09. Excluded: multi-campus WSU reporting scope."
"236939","Washington State University","age_22_24_pct","","percent","scope_mismatch","derived_ratio","2023","","0","","EF2023B","https://nces.ed.gov/ipeds/datacenter/data/ef2023b.zip","NCES / U.S. Department of Education","2026-09-29","LSTUDY=2; EFBAGE=6; EFAGE09 / all-age EFAGE09. Excluded: multi-campus WSU reporting scope."
"236939","Washington State University","age_25_plus_pct","","percent","scope_mismatch","derived_ratio","2023","","0","","EF2023B","https://nces.ed.gov/ipeds/datacenter/data/ef2023b.zip","NCES / U.S. Department of Education","2026-09-29","LSTUDY=2; EFBAGE=7; EFAGE09 / all-age EFAGE09. Excluded: multi-campus WSU reporting scope."
"236939","Washington State University","age_unknown_pct","","percent","unavailable","","","","0","","","","","","LSTUDY=2; EFBAGE=14; EFAGE09 / all-age EFAGE09. Missing, suppressed, imputed or not reported."
"236939","Washington State University","in_state_freshmen_pct","","percent","scope_mismatch","derived_ratio","2023","","0","","EF2023C","https://nces.ed.gov/ipeds/datacenter/data/ef2023c.zip","NCES / U.S. Department of Education","2026-09-29","In-state first-time degree-seeking entrants / all first-time entrants. NOT all-undergraduate residency. Excluded: multi-campus WSU reporting scope."
"236939","Washington State University","international_pct","","percent","scope_mismatch","derived_ratio","2023","","0","","EF2023A","https://nces.ed.gov/ipeds/datacenter/data/ef2023a.zip","NCES / U.S. Department of Education","2026-09-29","100 * EFNRALT / EFTOTLT. Descriptive only by default. Excluded: multi-campus WSU reporting scope."
"236939","Washington State University","hispanic_pct","","percent","scope_mismatch","derived_ratio","2023","","0","","EF2023A","https://nces.ed.gov/ipeds/datacenter/data/ef2023a.zip","NCES / U.S. Department of Education","2026-09-29","100 * EFHISPT / EFTOTLT. Descriptive only by default. Excluded: multi-campus WSU reporting scope."
"236939","Washington State University","black_pct","","percent","scope_mismatch","derived_ratio","2023","","0","","EF2023A","https://nces.ed.gov/ipeds/datacenter/data/ef2023a.zip","NCES / U.S. Department of Education","2026-09-29","100 * EFBKAAT / EFTOTLT. Descriptive only by default. Excluded: multi-campus WSU reporting scope."
"236939","Washington State University","asian_pct","","percent","scope_mismatch","derived_ratio","2023","","0","","EF2023A","https://nces.ed.gov/ipeds/datacenter/data/ef2023a.zip","NCES / U.S. Department of Education","2026-09-29","100 * EFASIAT / EFTOTLT. Descriptive only by default. Excluded: multi-campus WSU reporting scope."
"236939","Washington State University","greek_pct","","percent","unavailable","","","","15.000000000000002","","","","","","No comparable verified observation collected."
"236939","Washington State University","greek_chapters","50","organizations","available","lower_bound","","62.5","7.500000000000001","48.449999999999996","review-77bd028b4565","https://pullman.wsu.edu/community-life/","Washington State University","2026-09-29","Pullman campus community page reports 50+ organizations and nearly 3,500 members. Broader than exclusively social chapters: professional and multicultural included. Admissions fair page has conflicting 60+/5,500 figures; campus-specific overview used. Its 22% student denominator is ambiguous and not stored as undergraduate penetration."
"236939","Washington State University","greek_members","3500","students","available","reported_approximate","","86.8841185004492","2.5000000000000004","48.449999999999996","review-77bd028b4565","https://pullman.wsu.edu/community-life/","Washington State University","2026-09-29","Pullman campus community page reports 50+ organizations and nearly 3,500 members. Broader than exclusively social chapters: professional and multicultural included. Admissions fair page has conflicting 60+/5,500 figures; campus-specific overview used. Its 22% student denominator is ambiguous and not stored as undergraduate penetration."
"236939","Washington State University","verified_creators_per_1000","","creators/1,000","unavailable","","","","10.5","","","","","","No audited student-creator roster and same-scope denominator collected; program presence is a separate proxy."
"236939","Washington State University","creator_program_present","","indicator","unavailable","","","","4.5","","","","","","No comparable verified observation collected."
"236939","Washington State University","relevant_awards_pct","","percent","scope_mismatch","derived_ratio","2023-24","","7.000000000000001","","C2024_A","https://nces.ed.gov/ipeds/datacenter/data/c2024_a.zip","NCES / U.S. Department of Education","2026-09-29","Relevant first-major bachelor awards / CIP=99 total bachelor awards. No second-major double counting. Excluded: multi-campus WSU reporting scope."
"236939","Washington State University","relevant_awards","","awards","scope_mismatch","derived_sum","2023-24","","2.0000000000000004","","C2024_A","https://nces.ed.gov/ipeds/datacenter/data/c2024_a.zip","NCES / U.S. Department of Education","2026-09-29","AWLEVEL=5; MAJORNUM=1; unique six-digit CIP records in 52.*,09.*,10.*,50.04*,50.06*,19.09*,31.0504. Awards are not current major enrollment. Excluded: multi-campus WSU reporting scope."
"236939","Washington State University","relevant_clubs","","organizations","unavailable","","","","1.0000000000000002","","","","","","No comparable verified observation collected."
"236939","Washington State University","customers_per_1000","","customers/1,000","unavailable","","","","5","","","","","","No first-party client data supplied."
"236939","Washington State University","lodging_proxy_usd","113","USD/night","available","policy_proxy","FY2027","93.5","2","73.5","gsa","https://www.gsa.gov/system/files/FY2027PerDiemZipCode_Validated090126.xlsx","U.S. General Services Administration","2026-09-29","Equal-month average FY2027 federal lodging allowance at institutional ZIP 99164. Administrative benchmark, not a commercial hotel quote; no taxes or event surge."
"236939","Washington State University","labor_hourly_usd","","USD/hour","unavailable","","","","1","","","","","","Requires a comparable staffing role and dated local rate."
"236939","Washington State University","venue_day_usd","","USD/day","unavailable","","","","1","","","","","","Requires a dated venue rate for comparable event specifications."
"236939","Washington State University","permit_days","","days","unavailable","","","","0.5","","","","","","Requires an event type and verified campus approval lead time."
"236939","Washington State University","travel_quote_usd","","USD/trip","unavailable","","","","0.5","","","","","","Requires origin, dates, mode and party size for a comparable quote."
"236939","Washington State University","meals_proxy_usd","68","USD/day","available","policy_proxy","FY2027","64","0","73.5","gsa","https://www.gsa.gov/system/files/FY2027PerDiemZipCode_Validated090126.xlsx","U.S. General Services Administration","2026-09-29","FY2027 meals/incidental allowance. Not local labor or event budget."
"236939","Washington State University","airport_km","3.7571768922339177","km","available","geographic_proxy","","97.49521540517739","3","54.000000000000014","HD2024; airports","https://nces.ed.gov/ipeds/datacenter/data/hd2024.zip; https://davidmegginson.github.io/ourairports-data/airports.csv","NCES / U.S. Department of Education; OurAirports","2026-09-29; 2026-09-29","Haversine great-circle distance to nearest US large/medium airport with scheduled_service=yes. Not drive time, route frequency, or fare."
"236939","Washington State University","metro_presence","0","indicator","available","geographic_proxy","2024","0","1","70.56","HD2024","https://nces.ed.gov/ipeds/datacenter/data/hd2024.zip","NCES / U.S. Department of Education","2026-09-29","IPEDS metropolitan CBSA membership; not metro population or downtown distance."
"236939","Washington State University","nearby_campuses","0","campuses","available","geographic_proxy","2024","0","1","70.56","HD2024","https://nces.ed.gov/ipeds/datacenter/data/hd2024.zip","NCES / U.S. Department of Education","2026-09-29","Count within 200 km great-circle of fixed geography-reference.json; not road routing or shared-customer overlap."
"236939","Washington State University","cac_usd","","USD/customer","unavailable","","","","1.75","","","","","","No first-party client data supplied."
"236939","Washington State University","conversion_pct","","percent","unavailable","","","","1.25","","","","","","No first-party client data supplied."
"236939","Washington State University","roi_pct","","percent","unavailable","","","","1.25","","","","","","No first-party client data supplied."
"236939","Washington State University","engagement_pct","","percent","unavailable","","","","0.75","","","","","","No first-party client data supplied."
"236939","Washington State University","samples","","samples","unavailable","","","","0","","","","","","No first-party client data supplied."
"236939","Washington State University","leads","","leads","unavailable","","","","0","","","","","","No first-party client data supplied."
"236939","Washington State University","revenue_usd","","USD","unavailable","","","","0","","","","","","No first-party client data supplied."
"236939","Washington State University","ambassador_conversions","","customers","unavailable","","","","0","","","","","","No first-party client data supplied."
"236939","Washington State University","event_attendance","","people","unavailable","","","","0","","","","","","No first-party client data supplied."
"155317","University of Kansas","undergraduates","20696","students","available","reported","2023","61.689876464585936","6","68.6","EF2023A","https://nces.ed.gov/ipeds/datacenter/data/ef2023a.zip","NCES / U.S. Department of Education","2026-09-29","EFALEVEL=2; EFTOTLT. Full-time plus part-time undergraduates."
"155317","University of Kansas","non_distance_undergraduates","19647","students","available","derived_difference","2023","59.430794864289744","10","68.6","EF2023A_DIST","https://nces.ed.gov/ipeds/datacenter/data/ef2023a_dist.zip","NCES / U.S. Department of Education","2026-09-29","EFDELEV=2; EFDETOT minus EFDEEXC. At least some non-distance courses; not residence-hall occupancy."
"155317","University of Kansas","on_campus_residents","","students","unavailable","","","","4","","","","","","No verified undergraduate resident count collected; bed capacity and projected move-ins are not occupancy."
"155317","University of Kansas","age_18_24_pct","90.94027831465017","percent","available","derived_ratio","2023","90.94027831465017","10","68.6","EF2023B","https://nces.ed.gov/ipeds/datacenter/data/ef2023b.zip","NCES / U.S. Department of Education","2026-09-29","Sum EFBAGE 4,5,6 / EFBAGE 1; LSTUDY=2. Unknown ages remain in denominator."
"155317","University of Kansas","women_pct","53.372632392732896","percent","available","derived_ratio","2023","93.25473521453421","0","68.6","EF2023A","https://nces.ed.gov/ipeds/datacenter/data/ef2023a.zip","NCES / U.S. Department of Education","2026-09-29","100 * EFTOTLW / EFTOTLT. IPEDS reported sex classification; not gender identity."
"155317","University of Kansas","out_of_state_freshmen_pct","43.35424985738734","percent","available","derived_ratio","2023","86.70849971477467","0","68.6","EF2023C","https://nces.ed.gov/ipeds/datacenter/data/ef2023c.zip","NCES / U.S. Department of Education","2026-09-29","(US-resident first-time entrants minus in-state entrants) / all entrants; international and unknown are not silently counted as out-of-state."
"155317","University of Kansas","age_18_19_pct","41.10939311944337","percent","available","derived_ratio","2023","41.10939311944337","0","68.6","EF2023B","https://nces.ed.gov/ipeds/datacenter/data/ef2023b.zip","NCES / U.S. Department of Education","2026-09-29","LSTUDY=2; EFBAGE=4; EFAGE09 / all-age EFAGE09."
"155317","University of Kansas","age_20_21_pct","36.28237340548898","percent","available","derived_ratio","2023","36.28237340548898","0","68.6","EF2023B","https://nces.ed.gov/ipeds/datacenter/data/ef2023b.zip","NCES / U.S. Department of Education","2026-09-29","LSTUDY=2; EFBAGE=5; EFAGE09 / all-age EFAGE09."
"155317","University of Kansas","age_22_24_pct","13.54851178971782","percent","available","derived_ratio","2023","13.54851178971782","0","68.6","EF2023B","https://nces.ed.gov/ipeds/datacenter/data/ef2023b.zip","NCES / U.S. Department of Education","2026-09-29","LSTUDY=2; EFBAGE=6; EFAGE09 / all-age EFAGE09."
"155317","University of Kansas","age_25_plus_pct","6.9337069965210665","percent","available","derived_ratio","2023","6.9337069965210665","0","68.6","EF2023B","https://nces.ed.gov/ipeds/datacenter/data/ef2023b.zip","NCES / U.S. Department of Education","2026-09-29","LSTUDY=2; EFBAGE=7; EFAGE09 / all-age EFAGE09."
"155317","University of Kansas","age_unknown_pct","","percent","unavailable","","","","0","","","","","","LSTUDY=2; EFBAGE=14; EFAGE09 / all-age EFAGE09. Missing, suppressed, imputed or not reported."
"155317","University of Kansas","in_state_freshmen_pct","54.9343981745579","percent","available","derived_ratio","2023","54.9343981745579","0","68.6","EF2023C","https://nces.ed.gov/ipeds/datacenter/data/ef2023c.zip","NCES / U.S. Department of Education","2026-09-29","In-state first-time degree-seeking entrants / all first-time entrants. NOT all-undergraduate residency."
"155317","University of Kansas","international_pct","3.377464244298415","percent","available","derived_ratio","2023","3.377464244298415","0","68.6","EF2023A","https://nces.ed.gov/ipeds/datacenter/data/ef2023a.zip","NCES / U.S. Department of Education","2026-09-29","100 * EFNRALT / EFTOTLT. Descriptive only by default."
"155317","University of Kansas","hispanic_pct","10.238693467336683","percent","available","derived_ratio","2023","10.238693467336683","0","68.6","EF2023A","https://nces.ed.gov/ipeds/datacenter/data/ef2023a.zip","NCES / U.S. Department of Education","2026-09-29","100 * EFHISPT / EFTOTLT. Descriptive only by default."
"155317","University of Kansas","black_pct","4.324507151140317","percent","available","derived_ratio","2023","4.324507151140317","0","68.6","EF2023A","https://nces.ed.gov/ipeds/datacenter/data/ef2023a.zip","NCES / U.S. Department of Education","2026-09-29","100 * EFBKAAT / EFTOTLT. Descriptive only by default."
"155317","University of Kansas","asian_pct","6.170274449168922","percent","available","derived_ratio","2023","6.170274449168922","0","68.6","EF2023A","https://nces.ed.gov/ipeds/datacenter/data/ef2023a.zip","NCES / U.S. Department of Education","2026-09-29","100 * EFASIAT / EFTOTLT. Descriptive only by default."
"155317","University of Kansas","greek_pct","22.6","percent","available","reported","","37.666666666666664","15.000000000000002","71.24999999999999","review-3e2094c88bfa","https://kusfl.ku.edu/about","University of Kansas","2026-09-29","FSL About page explicitly defines 22.6% as undergraduate participation, resolving the less-specific student denominator in its Fall 2025 executive summary."
"155317","University of Kansas","greek_chapters","42","organizations","available","reported","2023-24","52.5","7.500000000000001","53.19999999999999","primary-24","https://studentaffairsassessment.ku.edu/sites/studentaffairsassessment/files/images/Student%20Affairs%202023-2024%20Annual%20Impact%20Report-compressed_1.pdf","University of Kansas","2026-09-29","Dated annual report; newer summary with broader organization/house scope not substituted."
"155317","University of Kansas","greek_members","3903","students","available","reported","2023-24","88.04408849408014","2.5000000000000004","53.19999999999999","primary-24","https://studentaffairsassessment.ku.edu/sites/studentaffairsassessment/files/images/Student%20Affairs%202023-2024%20Annual%20Impact%20Report-compressed_1.pdf","University of Kansas","2026-09-29","Dated annual report; newer summary with broader organization/house scope not substituted."
"155317","University of Kansas","verified_creators_per_1000","","creators/1,000","unavailable","","","","10.5","","","","","","No audited student-creator roster and same-scope denominator collected; program presence is a separate proxy."
"155317","University of Kansas","creator_program_present","","indicator","unavailable","","","","4.5","","","","","","No comparable verified observation collected."
"155317","University of Kansas","relevant_awards_pct","30.964846671652953","percent","available","derived_ratio","2023-24","61.92969334330591","7.000000000000001","58.309999999999995","C2024_A","https://nces.ed.gov/ipeds/datacenter/data/c2024_a.zip","NCES / U.S. Department of Education","2026-09-29","Relevant first-major bachelor awards / CIP=99 total bachelor awards. No second-major double counting."
"155317","University of Kansas","relevant_awards","1242","awards","available","derived_sum","2023-24","83.65567901010395","2.0000000000000004","58.309999999999995","C2024_A","https://nces.ed.gov/ipeds/datacenter/data/c2024_a.zip","NCES / U.S. Department of Education","2026-09-29","AWLEVEL=5; MAJORNUM=1; unique six-digit CIP records in 52.*,09.*,10.*,50.04*,50.06*,19.09*,31.0504. Awards are not current major enrollment."
"155317","University of Kansas","relevant_clubs","","organizations","unavailable","","","","1.0000000000000002","","","","","","No comparable verified observation collected."
"155317","University of Kansas","customers_per_1000","","customers/1,000","unavailable","","","","5","","","","","","No first-party client data supplied."
"155317","University of Kansas","lodging_proxy_usd","113","USD/night","available","policy_proxy","FY2027","93.5","2","73.5","gsa","https://www.gsa.gov/system/files/FY2027PerDiemZipCode_Validated090126.xlsx","U.S. General Services Administration","2026-09-29","Equal-month average FY2027 federal lodging allowance at institutional ZIP 66045. Administrative benchmark, not a commercial hotel quote; no taxes or event surge."
"155317","University of Kansas","labor_hourly_usd","","USD/hour","unavailable","","","","1","","","","","","Requires a comparable staffing role and dated local rate."
"155317","University of Kansas","venue_day_usd","","USD/day","unavailable","","","","1","","","","","","Requires a dated venue rate for comparable event specifications."
"155317","University of Kansas","permit_days","","days","unavailable","","","","0.5","","","","","","Requires an event type and verified campus approval lead time."
"155317","University of Kansas","travel_quote_usd","","USD/trip","unavailable","","","","0.5","","","","","","Requires origin, dates, mode and party size for a comparable quote."
"155317","University of Kansas","meals_proxy_usd","68","USD/day","available","policy_proxy","FY2027","64","0","73.5","gsa","https://www.gsa.gov/system/files/FY2027PerDiemZipCode_Validated090126.xlsx","U.S. General Services Administration","2026-09-29","FY2027 meals/incidental allowance. Not local labor or event budget."
"155317","University of Kansas","airport_km","59.79032205604629","km","available","geographic_proxy","","60.13978529596914","3","54.000000000000014","HD2024; airports","https://nces.ed.gov/ipeds/datacenter/data/hd2024.zip; https://davidmegginson.github.io/ourairports-data/airports.csv","NCES / U.S. Department of Education; OurAirports","2026-09-29; 2026-09-29","Haversine great-circle distance to nearest US large/medium airport with scheduled_service=yes. Not drive time, route frequency, or fare."
"155317","University of Kansas","metro_presence","1","indicator","available","geographic_proxy","2024","100","1","70.56","HD2024","https://nces.ed.gov/ipeds/datacenter/data/hd2024.zip","NCES / U.S. Department of Education","2026-09-29","IPEDS metropolitan CBSA membership; not metro population or downtown distance."
"155317","University of Kansas","nearby_campuses","0","campuses","available","geographic_proxy","2024","0","1","70.56","HD2024","https://nces.ed.gov/ipeds/datacenter/data/hd2024.zip","NCES / U.S. Department of Education","2026-09-29","Count within 200 km great-circle of fixed geography-reference.json; not road routing or shared-customer overlap."
"155317","University of Kansas","cac_usd","","USD/customer","unavailable","","","","1.75","","","","","","No first-party client data supplied."
"155317","University of Kansas","conversion_pct","","percent","unavailable","","","","1.25","","","","","","No first-party client data supplied."
"155317","University of Kansas","roi_pct","","percent","unavailable","","","","1.25","","","","","","No first-party client data supplied."
"155317","University of Kansas","engagement_pct","","percent","unavailable","","","","0.75","","","","","","No first-party client data supplied."
"155317","University of Kansas","samples","","samples","unavailable","","","","0","","","","","","No first-party client data supplied."
"155317","University of Kansas","leads","","leads","unavailable","","","","0","","","","","","No first-party client data supplied."
"155317","University of Kansas","revenue_usd","","USD","unavailable","","","","0","","","","","","No first-party client data supplied."
"155317","University of Kansas","ambassador_conversions","","customers","unavailable","","","","0","","","","","","No first-party client data supplied."
"155317","University of Kansas","event_attendance","","people","unavailable","","","","0","","","","","","No first-party client data supplied."
"216339","Temple University","undergraduates","21720","students","available","reported","2023","63.78728200026633","6","68.6","EF2023A","https://nces.ed.gov/ipeds/datacenter/data/ef2023a.zip","NCES / U.S. Department of Education","2026-09-29","EFALEVEL=2; EFTOTLT. Full-time plus part-time undergraduates."
"216339","Temple University","non_distance_undergraduates","20777","students","available","derived_difference","2023","61.859523951666255","10","68.6","EF2023A_DIST","https://nces.ed.gov/ipeds/datacenter/data/ef2023a_dist.zip","NCES / U.S. Department of Education","2026-09-29","EFDELEV=2; EFDETOT minus EFDEEXC. At least some non-distance courses; not residence-hall occupancy."
"216339","Temple University","on_campus_residents","","students","unavailable","","","","4","","","","","","No verified undergraduate resident count collected; bed capacity and projected move-ins are not occupancy."
"216339","Temple University","age_18_24_pct","90.39134438305709","percent","available","derived_ratio","2023","90.39134438305709","10","68.6","EF2023B","https://nces.ed.gov/ipeds/datacenter/data/ef2023b.zip","NCES / U.S. Department of Education","2026-09-29","Sum EFBAGE 4,5,6 / EFBAGE 1; LSTUDY=2. Unknown ages remain in denominator."
"216339","Temple University","women_pct","55.50184162062615","percent","available","derived_ratio","2023","88.9963167587477","0","68.6","EF2023A","https://nces.ed.gov/ipeds/datacenter/data/ef2023a.zip","NCES / U.S. Department of Education","2026-09-29","100 * EFTOTLW / EFTOTLT. IPEDS reported sex classification; not gender identity."
"216339","Temple University","out_of_state_freshmen_pct","","percent","unavailable","","","","0","","","","","","(US-resident first-time entrants minus in-state entrants) / all entrants; international and unknown are not silently counted as out-of-state. Missing, suppressed, imputed or not reported."
"216339","Temple University","age_18_19_pct","34.27255985267035","percent","available","derived_ratio","2023","34.27255985267035","0","68.6","EF2023B","https://nces.ed.gov/ipeds/datacenter/data/ef2023b.zip","NCES / U.S. Department of Education","2026-09-29","LSTUDY=2; EFBAGE=4; EFAGE09 / all-age EFAGE09."
"216339","Temple University","age_20_21_pct","40.2255985267035","percent","available","derived_ratio","2023","40.2255985267035","0","68.6","EF2023B","https://nces.ed.gov/ipeds/datacenter/data/ef2023b.zip","NCES / U.S. Department of Education","2026-09-29","LSTUDY=2; EFBAGE=5; EFAGE09 / all-age EFAGE09."
"216339","Temple University","age_22_24_pct","15.89318600368324","percent","available","derived_ratio","2023","15.89318600368324","0","68.6","EF2023B","https://nces.ed.gov/ipeds/datacenter/data/ef2023b.zip","NCES / U.S. Department of Education","2026-09-29","LSTUDY=2; EFBAGE=6; EFAGE09 / all-age EFAGE09."
"216339","Temple University","age_25_plus_pct","7.89134438305709","percent","available","derived_ratio","2023","7.891344383057091","0","68.6","EF2023B","https://nces.ed.gov/ipeds/datacenter/data/ef2023b.zip","NCES / U.S. Department of Education","2026-09-29","LSTUDY=2; EFBAGE=7; EFAGE09 / all-age EFAGE09."
"216339","Temple University","age_unknown_pct","","percent","unavailable","","","","0","","","","","","LSTUDY=2; EFBAGE=14; EFAGE09 / all-age EFAGE09. Missing, suppressed, imputed or not reported."
"216339","Temple University","in_state_freshmen_pct","","percent","unavailable","","","","0","","","","","","In-state first-time degree-seeking entrants / all first-time entrants. NOT all-undergraduate residency. Missing, suppressed, imputed or not reported."
"216339","Temple University","international_pct","3.761510128913444","percent","available","derived_ratio","2023","3.7615101289134443","0","68.6","EF2023A","https://nces.ed.gov/ipeds/datacenter/data/ef2023a.zip","NCES / U.S. Department of Education","2026-09-29","100 * EFNRALT / EFTOTLT. Descriptive only by default."
"216339","Temple University","hispanic_pct","9.81123388581952","percent","available","derived_ratio","2023","9.81123388581952","0","68.6","EF2023A","https://nces.ed.gov/ipeds/datacenter/data/ef2023a.zip","NCES / U.S. Department of Education","2026-09-29","100 * EFHISPT / EFTOTLT. Descriptive only by default."
"216339","Temple University","black_pct","17.067219152854513","percent","available","derived_ratio","2023","17.067219152854513","0","68.6","EF2023A","https://nces.ed.gov/ipeds/datacenter/data/ef2023a.zip","NCES / U.S. Department of Education","2026-09-29","100 * EFBKAAT / EFTOTLT. Descriptive only by default."
"216339","Temple University","asian_pct","14.986187845303867","percent","available","derived_ratio","2023","14.986187845303867","0","68.6","EF2023A","https://nces.ed.gov/ipeds/datacenter/data/ef2023a.zip","NCES / U.S. Department of Education","2026-09-29","100 * EFASIAT / EFTOTLT. Descriptive only by default."
"216339","Temple University","greek_pct","","percent","unavailable","","","","15.000000000000002","","","","","","No comparable verified observation collected."
"216339","Temple University","greek_chapters","34","organizations","available","reported","","42.5","7.500000000000001","71.24999999999999","primary-25","https://studentaffairs.temple.edu/student-leadership-engagement/fraternity-sorority-life","Temple University","2026-09-29",""
"216339","Temple University","greek_members","1800","students","available","lower_bound","","79.80731020345128","2.5000000000000004","60.562499999999986","primary-25","https://studentaffairs.temple.edu/student-leadership-engagement/fraternity-sorority-life","Temple University","2026-09-29",""
"216339","Temple University","verified_creators_per_1000","","creators/1,000","unavailable","","","","10.5","","","","","","No audited student-creator roster and same-scope denominator collected; program presence is a separate proxy."
"216339","Temple University","creator_program_present","","indicator","unavailable","","","","4.5","","","","","","No comparable verified observation collected."
"216339","Temple University","relevant_awards_pct","35.850467289719624","percent","available","derived_ratio","2023-24","71.70093457943925","7.000000000000001","58.309999999999995","C2024_A","https://nces.ed.gov/ipeds/datacenter/data/c2024_a.zip","NCES / U.S. Department of Education","2026-09-29","Relevant first-major bachelor awards / CIP=99 total bachelor awards. No second-major double counting."
"216339","Temple University","relevant_awards","1918","awards","available","derived_sum","2023-24","88.7543799360428","2.0000000000000004","58.309999999999995","C2024_A","https://nces.ed.gov/ipeds/datacenter/data/c2024_a.zip","NCES / U.S. Department of Education","2026-09-29","AWLEVEL=5; MAJORNUM=1; unique six-digit CIP records in 52.*,09.*,10.*,50.04*,50.06*,19.09*,31.0504. Awards are not current major enrollment."
"216339","Temple University","relevant_clubs","","organizations","unavailable","","","","1.0000000000000002","","","","","","No comparable verified observation collected."
"216339","Temple University","customers_per_1000","","customers/1,000","unavailable","","","","5","","","","","","No first-party client data supplied."
"216339","Temple University","lodging_proxy_usd","193.66666666666666","USD/night","available","policy_proxy","FY2027","53.16666666666667","2","73.5","gsa","https://www.gsa.gov/system/files/FY2027PerDiemZipCode_Validated090126.xlsx","U.S. General Services Administration","2026-09-29","Equal-month average FY2027 federal lodging allowance at institutional ZIP 19122. Administrative benchmark, not a commercial hotel quote; no taxes or event surge."
"216339","Temple University","labor_hourly_usd","","USD/hour","unavailable","","","","1","","","","","","Requires a comparable staffing role and dated local rate."
"216339","Temple University","venue_day_usd","","USD/day","unavailable","","","","1","","","","","","Requires a dated venue rate for comparable event specifications."
"216339","Temple University","permit_days","","days","unavailable","","","","0.5","","","","","","Requires an event type and verified campus approval lead time."
"216339","Temple University","travel_quote_usd","","USD/trip","unavailable","","","","0.5","","","","","","Requires origin, dates, mode and party size for a comparable quote."
"216339","Temple University","meals_proxy_usd","92","USD/day","available","policy_proxy","FY2027","16","0","73.5","gsa","https://www.gsa.gov/system/files/FY2027PerDiemZipCode_Validated090126.xlsx","U.S. General Services Administration","2026-09-29","FY2027 meals/incidental allowance. Not local labor or event budget."
"216339","Temple University","airport_km","14.05515990078397","km","available","geographic_proxy","","90.62989339947735","3","54.000000000000014","HD2024; airports","https://nces.ed.gov/ipeds/datacenter/data/hd2024.zip; https://davidmegginson.github.io/ourairports-data/airports.csv","NCES / U.S. Department of Education; OurAirports","2026-09-29; 2026-09-29","Haversine great-circle distance to nearest US large/medium airport with scheduled_service=yes. Not drive time, route frequency, or fare."
"216339","Temple University","metro_presence","1","indicator","available","geographic_proxy","2024","100","1","70.56","HD2024","https://nces.ed.gov/ipeds/datacenter/data/hd2024.zip","NCES / U.S. Department of Education","2026-09-29","IPEDS metropolitan CBSA membership; not metro population or downtown distance."
"216339","Temple University","nearby_campuses","4","campuses","available","geographic_proxy","2024","80","1","70.56","HD2024","https://nces.ed.gov/ipeds/datacenter/data/hd2024.zip","NCES / U.S. Department of Education","2026-09-29","Count within 200 km great-circle of fixed geography-reference.json; not road routing or shared-customer overlap."
"216339","Temple University","cac_usd","","USD/customer","unavailable","","","","1.75","","","","","","No first-party client data supplied."
"216339","Temple University","conversion_pct","","percent","unavailable","","","","1.25","","","","","","No first-party client data supplied."
"216339","Temple University","roi_pct","","percent","unavailable","","","","1.25","","","","","","No first-party client data supplied."
"216339","Temple University","engagement_pct","","percent","unavailable","","","","0.75","","","","","","No first-party client data supplied."
"216339","Temple University","samples","","samples","unavailable","","","","0","","","","","","No first-party client data supplied."
"216339","Temple University","leads","","leads","unavailable","","","","0","","","","","","No first-party client data supplied."
"216339","Temple University","revenue_usd","","USD","unavailable","","","","0","","","","","","No first-party client data supplied."
"216339","Temple University","ambassador_conversions","","customers","unavailable","","","","0","","","","","","No first-party client data supplied."
"216339","Temple University","event_attendance","","people","unavailable","","","","0","","","","","","No first-party client data supplied."
"232423","James Madison University","undergraduates","21006","students","available","reported","2023","62.335590513728135","6","68.6","EF2023A","https://nces.ed.gov/ipeds/datacenter/data/ef2023a.zip","NCES / U.S. Department of Education","2026-09-29","EFALEVEL=2; EFTOTLT. Full-time plus part-time undergraduates."
"232423","James Madison University","non_distance_undergraduates","20501","students","available","derived_difference","2023","61.278727278967864","10","68.6","EF2023A_DIST","https://nces.ed.gov/ipeds/datacenter/data/ef2023a_dist.zip","NCES / U.S. Department of Education","2026-09-29","EFDELEV=2; EFDETOT minus EFDEEXC. At least some non-distance courses; not residence-hall occupancy."
"232423","James Madison University","on_campus_residents","","students","unavailable","","","","4","","","","","","No verified undergraduate resident count collected; bed capacity and projected move-ins are not occupancy."
"232423","James Madison University","age_18_24_pct","94.92525944968105","percent","available","derived_ratio","2023","94.92525944968105","10","68.6","EF2023B","https://nces.ed.gov/ipeds/datacenter/data/ef2023b.zip","NCES / U.S. Department of Education","2026-09-29","Sum EFBAGE 4,5,6 / EFBAGE 1; LSTUDY=2. Unknown ages remain in denominator."
"232423","James Madison University","women_pct","56.640959725792634","percent","available","derived_ratio","2023","86.71808054841473","0","68.6","EF2023A","https://nces.ed.gov/ipeds/datacenter/data/ef2023a.zip","NCES / U.S. Department of Education","2026-09-29","100 * EFTOTLW / EFTOTLT. IPEDS reported sex classification; not gender identity."
"232423","James Madison University","out_of_state_freshmen_pct","","percent","unavailable","","","","0","","","","","","(US-resident first-time entrants minus in-state entrants) / all entrants; international and unknown are not silently counted as out-of-state. Missing, suppressed, imputed or not reported."
"232423","James Madison University","age_18_19_pct","41.59287822526897","percent","available","derived_ratio","2023","41.59287822526897","0","68.6","EF2023B","https://nces.ed.gov/ipeds/datacenter/data/ef2023b.zip","NCES / U.S. Department of Education","2026-09-29","LSTUDY=2; EFBAGE=4; EFAGE09 / all-age EFAGE09."
"232423","James Madison University","age_20_21_pct","42.81633818908883","percent","available","derived_ratio","2023","42.81633818908883","0","68.6","EF2023B","https://nces.ed.gov/ipeds/datacenter/data/ef2023b.zip","NCES / U.S. Department of Education","2026-09-29","LSTUDY=2; EFBAGE=5; EFAGE09 / all-age EFAGE09."
"232423","James Madison University","age_22_24_pct","10.516043035323241","percent","available","derived_ratio","2023","10.516043035323241","0","68.6","EF2023B","https://nces.ed.gov/ipeds/datacenter/data/ef2023b.zip","NCES / U.S. Department of Education","2026-09-29","LSTUDY=2; EFBAGE=6; EFAGE09 / all-age EFAGE09."
"232423","James Madison University","age_25_plus_pct","2.94201656669523","percent","available","derived_ratio","2023","2.94201656669523","0","68.6","EF2023B","https://nces.ed.gov/ipeds/datacenter/data/ef2023b.zip","NCES / U.S. Department of Education","2026-09-29","LSTUDY=2; EFBAGE=7; EFAGE09 / all-age EFAGE09."
"232423","James Madison University","age_unknown_pct","","percent","unavailable","","","","0","","","","","","LSTUDY=2; EFBAGE=14; EFAGE09 / all-age EFAGE09. Missing, suppressed, imputed or not reported."
"232423","James Madison University","in_state_freshmen_pct","","percent","unavailable","","","","0","","","","","","In-state first-time degree-seeking entrants / all first-time entrants. NOT all-undergraduate residency. Missing, suppressed, imputed or not reported."
"232423","James Madison University","international_pct","0.7474055031895649","percent","available","derived_ratio","2023","0.7474055031895649","0","68.6","EF2023A","https://nces.ed.gov/ipeds/datacenter/data/ef2023a.zip","NCES / U.S. Department of Education","2026-09-29","100 * EFNRALT / EFTOTLT. Descriptive only by default."
"232423","James Madison University","hispanic_pct","7.764448252880129","percent","available","derived_ratio","2023","7.764448252880129","0","68.6","EF2023A","https://nces.ed.gov/ipeds/datacenter/data/ef2023a.zip","NCES / U.S. Department of Education","2026-09-29","100 * EFHISPT / EFTOTLT. Descriptive only by default."
"232423","James Madison University","black_pct","4.455869751499572","percent","available","derived_ratio","2023","4.455869751499572","0","68.6","EF2023A","https://nces.ed.gov/ipeds/datacenter/data/ef2023a.zip","NCES / U.S. Department of Education","2026-09-29","100 * EFBKAAT / EFTOTLT. Descriptive only by default."
"232423","James Madison University","asian_pct","5.198514710082834","percent","available","derived_ratio","2023","5.198514710082834","0","68.6","EF2023A","https://nces.ed.gov/ipeds/datacenter/data/ef2023a.zip","NCES / U.S. Department of Education","2026-09-29","100 * EFASIAT / EFTOTLT. Descriptive only by default."
"232423","James Madison University","greek_pct","","percent","unavailable","","","","15.000000000000002","","","","","","No comparable verified observation collected."
"232423","James Madison University","greek_chapters","33","organizations","available","reported","","41.25","7.500000000000001","71.24999999999999","primary-26","https://www.jmu.edu/osl/fsl/potential-members/how-to-join.shtml","James Madison University","2026-09-29","20% figure labeled student population, not explicitly undergraduate; penetration left unavailable."
"232423","James Madison University","greek_members","5000","students","available","reported_approximate","2026","90.6805511795592","2.5000000000000004","80.75","review-c5f95944d825","https://www.jmu.edu/osl/fsl/about/index.shtml","James Madison University","2026-09-29","FSL office page dated August 12, 2026 describes roughly 5,000 undergraduate members in the Panhellenic/Interfraternity community. Not divided by a different-period enrollment."
"232423","James Madison University","verified_creators_per_1000","","creators/1,000","unavailable","","","","10.5","","","","","","No audited student-creator roster and same-scope denominator collected; program presence is a separate proxy."
"232423","James Madison University","creator_program_present","","indicator","unavailable","","","","4.5","","","","","","No comparable verified observation collected."
"232423","James Madison University","relevant_awards_pct","26.635514018691588","percent","available","derived_ratio","2023-24","53.271028037383175","7.000000000000001","58.309999999999995","C2024_A","https://nces.ed.gov/ipeds/datacenter/data/c2024_a.zip","NCES / U.S. Department of Education","2026-09-29","Relevant first-major bachelor awards / CIP=99 total bachelor awards. No second-major double counting."
"232423","James Madison University","relevant_awards","1254","awards","available","derived_sum","2023-24","83.76848066034844","2.0000000000000004","58.309999999999995","C2024_A","https://nces.ed.gov/ipeds/datacenter/data/c2024_a.zip","NCES / U.S. Department of Education","2026-09-29","AWLEVEL=5; MAJORNUM=1; unique six-digit CIP records in 52.*,09.*,10.*,50.04*,50.06*,19.09*,31.0504. Awards are not current major enrollment."
"232423","James Madison University","relevant_clubs","","organizations","unavailable","","","","1.0000000000000002","","","","","","No comparable verified observation collected."
"232423","James Madison University","customers_per_1000","","customers/1,000","unavailable","","","","5","","","","","","No first-party client data supplied."
"232423","James Madison University","lodging_proxy_usd","113","USD/night","available","policy_proxy","FY2027","93.5","2","73.5","gsa","https://www.gsa.gov/system/files/FY2027PerDiemZipCode_Validated090126.xlsx","U.S. General Services Administration","2026-09-29","Equal-month average FY2027 federal lodging allowance at institutional ZIP 22807. Administrative benchmark, not a commercial hotel quote; no taxes or event surge."
"232423","James Madison University","labor_hourly_usd","","USD/hour","unavailable","","","","1","","","","","","Requires a comparable staffing role and dated local rate."
"232423","James Madison University","venue_day_usd","","USD/day","unavailable","","","","1","","","","","","Requires a dated venue rate for comparable event specifications."
"232423","James Madison University","permit_days","","days","unavailable","","","","0.5","","","","","","Requires an event type and verified campus approval lead time."
"232423","James Madison University","travel_quote_usd","","USD/trip","unavailable","","","","0.5","","","","","","Requires origin, dates, mode and party size for a comparable quote."
"232423","James Madison University","meals_proxy_usd","68","USD/day","available","policy_proxy","FY2027","64","0","73.5","gsa","https://www.gsa.gov/system/files/FY2027PerDiemZipCode_Validated090126.xlsx","U.S. General Services Administration","2026-09-29","FY2027 meals/incidental allowance. Not local labor or event budget."
"232423","James Madison University","airport_km","19.31482173518389","km","available","geographic_proxy","","87.12345217654408","3","54.000000000000014","HD2024; airports","https://nces.ed.gov/ipeds/datacenter/data/hd2024.zip; https://davidmegginson.github.io/ourairports-data/airports.csv","NCES / U.S. Department of Education; OurAirports","2026-09-29; 2026-09-29","Haversine great-circle distance to nearest US large/medium airport with scheduled_service=yes. Not drive time, route frequency, or fare."
"232423","James Madison University","metro_presence","1","indicator","available","geographic_proxy","2024","100","1","70.56","HD2024","https://nces.ed.gov/ipeds/datacenter/data/hd2024.zip","NCES / U.S. Department of Education","2026-09-29","IPEDS metropolitan CBSA membership; not metro population or downtown distance."
"232423","James Madison University","nearby_campuses","3","campuses","available","geographic_proxy","2024","60","1","70.56","HD2024","https://nces.ed.gov/ipeds/datacenter/data/hd2024.zip","NCES / U.S. Department of Education","2026-09-29","Count within 200 km great-circle of fixed geography-reference.json; not road routing or shared-customer overlap."
"232423","James Madison University","cac_usd","","USD/customer","unavailable","","","","1.75","","","","","","No first-party client data supplied."
"232423","James Madison University","conversion_pct","","percent","unavailable","","","","1.25","","","","","","No first-party client data supplied."
"232423","James Madison University","roi_pct","","percent","unavailable","","","","1.25","","","","","","No first-party client data supplied."
"232423","James Madison University","engagement_pct","","percent","unavailable","","","","0.75","","","","","","No first-party client data supplied."
"232423","James Madison University","samples","","samples","unavailable","","","","0","","","","","","No first-party client data supplied."
"232423","James Madison University","leads","","leads","unavailable","","","","0","","","","","","No first-party client data supplied."
"232423","James Madison University","revenue_usd","","USD","unavailable","","","","0","","","","","","No first-party client data supplied."
"232423","James Madison University","ambassador_conversions","","customers","unavailable","","","","0","","","","","","No first-party client data supplied."
"232423","James Madison University","event_attendance","","people","unavailable","","","","0","","","","","","No first-party client data supplied."
"130943","University of Delaware","undergraduates","19772","students","available","reported","2023","59.70623808402231","6","68.6","EF2023A","https://nces.ed.gov/ipeds/datacenter/data/ef2023a.zip","NCES / U.S. Department of Education","2026-09-29","EFALEVEL=2; EFTOTLT. Full-time plus part-time undergraduates."
"130943","University of Delaware","non_distance_undergraduates","18945","students","available","derived_difference","2023","57.850589699296876","10","68.6","EF2023A_DIST","https://nces.ed.gov/ipeds/datacenter/data/ef2023a_dist.zip","NCES / U.S. Department of Education","2026-09-29","EFDELEV=2; EFDETOT minus EFDEEXC. At least some non-distance courses; not residence-hall occupancy."
"130943","University of Delaware","on_campus_residents","","students","unavailable","","","","4","","","","","","No verified undergraduate resident count collected; bed capacity and projected move-ins are not occupancy."
"130943","University of Delaware","age_18_24_pct","95.15476431317013","percent","available","derived_ratio","2023","95.15476431317012","10","68.6","EF2023B","https://nces.ed.gov/ipeds/datacenter/data/ef2023b.zip","NCES / U.S. Department of Education","2026-09-29","Sum EFBAGE 4,5,6 / EFBAGE 1; LSTUDY=2. Unknown ages remain in denominator."
"130943","University of Delaware","women_pct","59.594375885090024","percent","available","derived_ratio","2023","80.81124822981995","0","68.6","EF2023A","https://nces.ed.gov/ipeds/datacenter/data/ef2023a.zip","NCES / U.S. Department of Education","2026-09-29","100 * EFTOTLW / EFTOTLT. IPEDS reported sex classification; not gender identity."
"130943","University of Delaware","out_of_state_freshmen_pct","63.74230430958663","percent","available","derived_ratio","2023","72.51539138082674","0","68.6","EF2023C","https://nces.ed.gov/ipeds/datacenter/data/ef2023c.zip","NCES / U.S. Department of Education","2026-09-29","(US-resident first-time entrants minus in-state entrants) / all entrants; international and unknown are not silently counted as out-of-state."
"130943","University of Delaware","age_18_19_pct","46.146065142625936","percent","available","derived_ratio","2023","46.146065142625936","0","68.6","EF2023B","https://nces.ed.gov/ipeds/datacenter/data/ef2023b.zip","NCES / U.S. Department of Education","2026-09-29","LSTUDY=2; EFBAGE=4; EFAGE09 / all-age EFAGE09."
"130943","University of Delaware","age_20_21_pct","41.50819340481489","percent","available","derived_ratio","2023","41.50819340481489","0","68.6","EF2023B","https://nces.ed.gov/ipeds/datacenter/data/ef2023b.zip","NCES / U.S. Department of Education","2026-09-29","LSTUDY=2; EFBAGE=5; EFAGE09 / all-age EFAGE09."
"130943","University of Delaware","age_22_24_pct","7.500505765729314","percent","available","derived_ratio","2023","7.500505765729314","0","68.6","EF2023B","https://nces.ed.gov/ipeds/datacenter/data/ef2023b.zip","NCES / U.S. Department of Education","2026-09-29","LSTUDY=2; EFBAGE=6; EFAGE09 / all-age EFAGE09."
"130943","University of Delaware","age_25_plus_pct","2.1343313777058466","percent","available","derived_ratio","2023","2.1343313777058466","0","68.6","EF2023B","https://nces.ed.gov/ipeds/datacenter/data/ef2023b.zip","NCES / U.S. Department of Education","2026-09-29","LSTUDY=2; EFBAGE=7; EFAGE09 / all-age EFAGE09."
"130943","University of Delaware","age_unknown_pct","","percent","unavailable","","","","0","","","","","","LSTUDY=2; EFBAGE=14; EFAGE09 / all-age EFAGE09. Missing, suppressed, imputed or not reported."
"130943","University of Delaware","in_state_freshmen_pct","35.15831134564644","percent","available","derived_ratio","2023","35.15831134564644","0","68.6","EF2023C","https://nces.ed.gov/ipeds/datacenter/data/ef2023c.zip","NCES / U.S. Department of Education","2026-09-29","In-state first-time degree-seeking entrants / all first-time entrants. NOT all-undergraduate residency."
"130943","University of Delaware","international_pct","6.271495043495853","percent","available","derived_ratio","2023","6.271495043495853","0","68.6","EF2023A","https://nces.ed.gov/ipeds/datacenter/data/ef2023a.zip","NCES / U.S. Department of Education","2026-09-29","100 * EFNRALT / EFTOTLT. Descriptive only by default."
"130943","University of Delaware","hispanic_pct","9.806797491401982","percent","available","derived_ratio","2023","9.806797491401982","0","68.6","EF2023A","https://nces.ed.gov/ipeds/datacenter/data/ef2023a.zip","NCES / U.S. Department of Education","2026-09-29","100 * EFHISPT / EFTOTLT. Descriptive only by default."
"130943","University of Delaware","black_pct","6.392878818531257","percent","available","derived_ratio","2023","6.392878818531257","0","68.6","EF2023A","https://nces.ed.gov/ipeds/datacenter/data/ef2023a.zip","NCES / U.S. Department of Education","2026-09-29","100 * EFBKAAT / EFTOTLT. Descriptive only by default."
"130943","University of Delaware","asian_pct","5.411693303661744","percent","available","derived_ratio","2023","5.411693303661744","0","68.6","EF2023A","https://nces.ed.gov/ipeds/datacenter/data/ef2023a.zip","NCES / U.S. Department of Education","2026-09-29","100 * EFASIAT / EFTOTLT. Descriptive only by default."
"130943","University of Delaware","greek_pct","27","percent","available","reported_approximate","","45","15.000000000000002","60.562499999999986","review-655080560e8d","https://www.udel.edu/students/involvement/fsll/policies/becoming-a-recognized-fraternity-or-sorority/","University of Delaware","2026-09-29","Official expansion-policy overview reports about 27% of the undergraduate population. Page is undated; not recast as a 2026 census."
"130943","University of Delaware","greek_chapters","","organizations","unavailable","","","","7.500000000000001","","","","","","No comparable verified observation collected."
"130943","University of Delaware","greek_members","","students","unavailable","","","","2.5000000000000004","","","","","","No comparable verified observation collected."
"130943","University of Delaware","verified_creators_per_1000","","creators/1,000","unavailable","","","","10.5","","","","","","No audited student-creator roster and same-scope denominator collected; program presence is a separate proxy."
"130943","University of Delaware","creator_program_present","","indicator","unavailable","","","","4.5","","","","","","No comparable verified observation collected."
"130943","University of Delaware","relevant_awards_pct","29.765325670498083","percent","available","derived_ratio","2023-24","59.530651340996165","7.000000000000001","58.309999999999995","C2024_A","https://nces.ed.gov/ipeds/datacenter/data/c2024_a.zip","NCES / U.S. Department of Education","2026-09-29","Relevant first-major bachelor awards / CIP=99 total bachelor awards. No second-major double counting."
"130943","University of Delaware","relevant_awards","1243","awards","available","derived_sum","2023-24","83.66512065230864","2.0000000000000004","58.309999999999995","C2024_A","https://nces.ed.gov/ipeds/datacenter/data/c2024_a.zip","NCES / U.S. Department of Education","2026-09-29","AWLEVEL=5; MAJORNUM=1; unique six-digit CIP records in 52.*,09.*,10.*,50.04*,50.06*,19.09*,31.0504. Awards are not current major enrollment."
"130943","University of Delaware","relevant_clubs","","organizations","unavailable","","","","1.0000000000000002","","","","","","No comparable verified observation collected."
"130943","University of Delaware","customers_per_1000","","customers/1,000","unavailable","","","","5","","","","","","No first-party client data supplied."
"130943","University of Delaware","lodging_proxy_usd","127","USD/night","available","policy_proxy","FY2027","86.5","2","73.5","gsa","https://www.gsa.gov/system/files/FY2027PerDiemZipCode_Validated090126.xlsx","U.S. General Services Administration","2026-09-29","Equal-month average FY2027 federal lodging allowance at institutional ZIP 19716. Administrative benchmark, not a commercial hotel quote; no taxes or event surge."
"130943","University of Delaware","labor_hourly_usd","","USD/hour","unavailable","","","","1","","","","","","Requires a comparable staffing role and dated local rate."
"130943","University of Delaware","venue_day_usd","","USD/day","unavailable","","","","1","","","","","","Requires a dated venue rate for comparable event specifications."
"130943","University of Delaware","permit_days","","days","unavailable","","","","0.5","","","","","","Requires an event type and verified campus approval lead time."
"130943","University of Delaware","travel_quote_usd","","USD/trip","unavailable","","","","0.5","","","","","","Requires origin, dates, mode and party size for a comparable quote."
"130943","University of Delaware","meals_proxy_usd","74","USD/day","available","policy_proxy","FY2027","52","0","73.5","gsa","https://www.gsa.gov/system/files/FY2027PerDiemZipCode_Validated090126.xlsx","U.S. General Services Administration","2026-09-29","FY2027 meals/incidental allowance. Not local labor or event budget."
"130943","University of Delaware","airport_km","12.52259933300394","km","available","geographic_proxy","","91.65160044466404","3","54.000000000000014","HD2024; airports","https://nces.ed.gov/ipeds/datacenter/data/hd2024.zip; https://davidmegginson.github.io/ourairports-data/airports.csv","NCES / U.S. Department of Education; OurAirports","2026-09-29; 2026-09-29","Haversine great-circle distance to nearest US large/medium airport with scheduled_service=yes. Not drive time, route frequency, or fare."
"130943","University of Delaware","metro_presence","1","indicator","available","geographic_proxy","2024","100","1","70.56","HD2024","https://nces.ed.gov/ipeds/datacenter/data/hd2024.zip","NCES / U.S. Department of Education","2026-09-29","IPEDS metropolitan CBSA membership; not metro population or downtown distance."
"130943","University of Delaware","nearby_campuses","4","campuses","available","geographic_proxy","2024","80","1","70.56","HD2024","https://nces.ed.gov/ipeds/datacenter/data/hd2024.zip","NCES / U.S. Department of Education","2026-09-29","Count within 200 km great-circle of fixed geography-reference.json; not road routing or shared-customer overlap."
"130943","University of Delaware","cac_usd","","USD/customer","unavailable","","","","1.75","","","","","","No first-party client data supplied."
"130943","University of Delaware","conversion_pct","","percent","unavailable","","","","1.25","","","","","","No first-party client data supplied."
"130943","University of Delaware","roi_pct","","percent","unavailable","","","","1.25","","","","","","No first-party client data supplied."
"130943","University of Delaware","engagement_pct","","percent","unavailable","","","","0.75","","","","","","No first-party client data supplied."
"130943","University of Delaware","samples","","samples","unavailable","","","","0","","","","","","No first-party client data supplied."
"130943","University of Delaware","leads","","leads","unavailable","","","","0","","","","","","No first-party client data supplied."
"130943","University of Delaware","revenue_usd","","USD","unavailable","","","","0","","","","","","No first-party client data supplied."
"130943","University of Delaware","ambassador_conversions","","customers","unavailable","","","","0","","","","","","No first-party client data supplied."
"130943","University of Delaware","event_attendance","","people","unavailable","","","","0","","","","","","No first-party client data supplied."
"199102","North Carolina A & T State University","undergraduates","12216","students","available","reported","2023","38.793804227713515","6","68.6","EF2023A","https://nces.ed.gov/ipeds/datacenter/data/ef2023a.zip","NCES / U.S. Department of Education","2026-09-29","EFALEVEL=2; EFTOTLT. Full-time plus part-time undergraduates."
"199102","North Carolina A & T State University","non_distance_undergraduates","11231","students","available","derived_difference","2023","35.14277093772257","10","68.6","EF2023A_DIST","https://nces.ed.gov/ipeds/datacenter/data/ef2023a_dist.zip","NCES / U.S. Department of Education","2026-09-29","EFDELEV=2; EFDETOT minus EFDEEXC. At least some non-distance courses; not residence-hall occupancy."
"199102","North Carolina A & T State University","on_campus_residents","","students","unavailable","","","","4","","","","","","No verified undergraduate resident count collected; bed capacity and projected move-ins are not occupancy."
"199102","North Carolina A & T State University","age_18_24_pct","88.63785199738048","percent","available","derived_ratio","2023","88.63785199738048","10","68.6","EF2023B","https://nces.ed.gov/ipeds/datacenter/data/ef2023b.zip","NCES / U.S. Department of Education","2026-09-29","Sum EFBAGE 4,5,6 / EFBAGE 1; LSTUDY=2. Unknown ages remain in denominator."
"199102","North Carolina A & T State University","women_pct","62.082514734774065","percent","available","derived_ratio","2023","75.83497053045187","0","68.6","EF2023A","https://nces.ed.gov/ipeds/datacenter/data/ef2023a.zip","NCES / U.S. Department of Education","2026-09-29","100 * EFTOTLW / EFTOTLT. IPEDS reported sex classification; not gender identity."
"199102","North Carolina A & T State University","out_of_state_freshmen_pct","33.13974591651542","percent","available","derived_ratio","2023","66.27949183303085","0","68.6","EF2023C","https://nces.ed.gov/ipeds/datacenter/data/ef2023c.zip","NCES / U.S. Department of Education","2026-09-29","(US-resident first-time entrants minus in-state entrants) / all entrants; international and unknown are not silently counted as out-of-state."
"199102","North Carolina A & T State University","age_18_19_pct","44.34348395546824","percent","available","derived_ratio","2023","44.34348395546824","0","68.6","EF2023B","https://nces.ed.gov/ipeds/datacenter/data/ef2023b.zip","NCES / U.S. Department of Education","2026-09-29","LSTUDY=2; EFBAGE=4; EFAGE09 / all-age EFAGE09."
"199102","North Carolina A & T State University","age_20_21_pct","32.12180746561886","percent","available","derived_ratio","2023","32.12180746561886","0","68.6","EF2023B","https://nces.ed.gov/ipeds/datacenter/data/ef2023b.zip","NCES / U.S. Department of Education","2026-09-29","LSTUDY=2; EFBAGE=5; EFAGE09 / all-age EFAGE09."
"199102","North Carolina A & T State University","age_22_24_pct","12.172560576293385","percent","available","derived_ratio","2023","12.172560576293385","0","68.6","EF2023B","https://nces.ed.gov/ipeds/datacenter/data/ef2023b.zip","NCES / U.S. Department of Education","2026-09-29","LSTUDY=2; EFBAGE=6; EFAGE09 / all-age EFAGE09."
"199102","North Carolina A & T State University","age_25_plus_pct","7.383759004584152","percent","available","derived_ratio","2023","7.383759004584152","0","68.6","EF2023B","https://nces.ed.gov/ipeds/datacenter/data/ef2023b.zip","NCES / U.S. Department of Education","2026-09-29","LSTUDY=2; EFBAGE=7; EFAGE09 / all-age EFAGE09."
"199102","North Carolina A & T State University","age_unknown_pct","","percent","unavailable","","","","0","","","","","","LSTUDY=2; EFBAGE=14; EFAGE09 / all-age EFAGE09. Missing, suppressed, imputed or not reported."
"199102","North Carolina A & T State University","in_state_freshmen_pct","66.56987295825772","percent","available","derived_ratio","2023","66.56987295825772","0","68.6","EF2023C","https://nces.ed.gov/ipeds/datacenter/data/ef2023c.zip","NCES / U.S. Department of Education","2026-09-29","In-state first-time degree-seeking entrants / all first-time entrants. NOT all-undergraduate residency."
"199102","North Carolina A & T State University","international_pct","0.5320890635232483","percent","available","derived_ratio","2023","0.5320890635232483","0","68.6","EF2023A","https://nces.ed.gov/ipeds/datacenter/data/ef2023a.zip","NCES / U.S. Department of Education","2026-09-29","100 * EFNRALT / EFTOTLT. Descriptive only by default."
"199102","North Carolina A & T State University","hispanic_pct","4.600523903077931","percent","available","derived_ratio","2023","4.600523903077931","0","68.6","EF2023A","https://nces.ed.gov/ipeds/datacenter/data/ef2023a.zip","NCES / U.S. Department of Education","2026-09-29","100 * EFHISPT / EFTOTLT. Descriptive only by default."
"199102","North Carolina A & T State University","black_pct","84.65127701375246","percent","available","derived_ratio","2023","84.65127701375246","0","68.6","EF2023A","https://nces.ed.gov/ipeds/datacenter/data/ef2023a.zip","NCES / U.S. Department of Education","2026-09-29","100 * EFBKAAT / EFTOTLT. Descriptive only by default."
"199102","North Carolina A & T State University","asian_pct","0.6303208906352324","percent","available","derived_ratio","2023","0.6303208906352324","0","68.6","EF2023A","https://nces.ed.gov/ipeds/datacenter/data/ef2023a.zip","NCES / U.S. Department of Education","2026-09-29","100 * EFASIAT / EFTOTLT. Descriptive only by default."
"199102","North Carolina A & T State University","greek_pct","","percent","unavailable","","","","15.000000000000002","","","","","","No comparable verified observation collected."
"199102","North Carolina A & T State University","greek_chapters","11","organizations","available","derived_count","May 2026","13.75","7.500000000000001","76","review-6a31436b2e06","https://www.ncat.edu/campus-life/student-affairs/departments/student-activities/greek-life/chapter-status.php","North Carolina A & T State University","2026-09-29","Count of explicitly active list: Omega Psi Phi; Phi Beta Sigma; Iota Phi Theta; Phi Mu Alpha Sinfonia; Kappa Kappa Psi; Groove Phi Groove; Alpha Kappa Alpha; Delta Sigma Theta; Sigma Gamma Rho; Zeta Phi Beta; Tau Beta Sigma. Excludes suspended Alpha Phi Alpha. Scope broader than exclusively social organizations."
"199102","North Carolina A & T State University","greek_members","","students","unavailable","","","","2.5000000000000004","","","","","","No comparable verified observation collected."
"199102","North Carolina A & T State University","verified_creators_per_1000","","creators/1,000","unavailable","","","","10.5","","","","","","No audited student-creator roster and same-scope denominator collected; program presence is a separate proxy."
"199102","North Carolina A & T State University","creator_program_present","","indicator","unavailable","","","","4.5","","","","","","No comparable verified observation collected."
"199102","North Carolina A & T State University","relevant_awards_pct","23.529411764705884","percent","available","derived_ratio","2023-24","47.05882352941177","7.000000000000001","58.309999999999995","C2024_A","https://nces.ed.gov/ipeds/datacenter/data/c2024_a.zip","NCES / U.S. Department of Education","2026-09-29","Relevant first-major bachelor awards / CIP=99 total bachelor awards. No second-major double counting."
"199102","North Carolina A & T State University","relevant_awards","528","awards","available","derived_sum","2023-24","73.62567754769529","2.0000000000000004","58.309999999999995","C2024_A","https://nces.ed.gov/ipeds/datacenter/data/c2024_a.zip","NCES / U.S. Department of Education","2026-09-29","AWLEVEL=5; MAJORNUM=1; unique six-digit CIP records in 52.*,09.*,10.*,50.04*,50.06*,19.09*,31.0504. Awards are not current major enrollment."
"199102","North Carolina A & T State University","relevant_clubs","","organizations","unavailable","","","","1.0000000000000002","","","","","","No comparable verified observation collected."
"199102","North Carolina A & T State University","customers_per_1000","","customers/1,000","unavailable","","","","5","","","","","","No first-party client data supplied."
"199102","North Carolina A & T State University","lodging_proxy_usd","124.16666666666667","USD/night","available","policy_proxy","FY2027","87.91666666666666","2","73.5","gsa","https://www.gsa.gov/system/files/FY2027PerDiemZipCode_Validated090126.xlsx","U.S. General Services Administration","2026-09-29","Equal-month average FY2027 federal lodging allowance at institutional ZIP 27411. Administrative benchmark, not a commercial hotel quote; no taxes or event surge."
"199102","North Carolina A & T State University","labor_hourly_usd","","USD/hour","unavailable","","","","1","","","","","","Requires a comparable staffing role and dated local rate."
"199102","North Carolina A & T State University","venue_day_usd","","USD/day","unavailable","","","","1","","","","","","Requires a dated venue rate for comparable event specifications."
"199102","North Carolina A & T State University","permit_days","","days","unavailable","","","","0.5","","","","","","Requires an event type and verified campus approval lead time."
"199102","North Carolina A & T State University","travel_quote_usd","","USD/trip","unavailable","","","","0.5","","","","","","Requires origin, dates, mode and party size for a comparable quote."
"199102","North Carolina A & T State University","meals_proxy_usd","74","USD/day","available","policy_proxy","FY2027","52","0","73.5","gsa","https://www.gsa.gov/system/files/FY2027PerDiemZipCode_Validated090126.xlsx","U.S. General Services Administration","2026-09-29","FY2027 meals/incidental allowance. Not local labor or event budget."
"199102","North Carolina A & T State University","airport_km","15.019942751608182","km","available","geographic_proxy","","89.98670483226121","3","54.000000000000014","HD2024; airports","https://nces.ed.gov/ipeds/datacenter/data/hd2024.zip; https://davidmegginson.github.io/ourairports-data/airports.csv","NCES / U.S. Department of Education; OurAirports","2026-09-29; 2026-09-29","Haversine great-circle distance to nearest US large/medium airport with scheduled_service=yes. Not drive time, route frequency, or fare."
"199102","North Carolina A & T State University","metro_presence","1","indicator","available","geographic_proxy","2024","100","1","70.56","HD2024","https://nces.ed.gov/ipeds/datacenter/data/hd2024.zip","NCES / U.S. Department of Education","2026-09-29","IPEDS metropolitan CBSA membership; not metro population or downtown distance."
"199102","North Carolina A & T State University","nearby_campuses","0","campuses","available","geographic_proxy","2024","0","1","70.56","HD2024","https://nces.ed.gov/ipeds/datacenter/data/hd2024.zip","NCES / U.S. Department of Education","2026-09-29","Count within 200 km great-circle of fixed geography-reference.json; not road routing or shared-customer overlap."
"199102","North Carolina A & T State University","cac_usd","","USD/customer","unavailable","","","","1.75","","","","","","No first-party client data supplied."
"199102","North Carolina A & T State University","conversion_pct","","percent","unavailable","","","","1.25","","","","","","No first-party client data supplied."
"199102","North Carolina A & T State University","roi_pct","","percent","unavailable","","","","1.25","","","","","","No first-party client data supplied."
"199102","North Carolina A & T State University","engagement_pct","","percent","unavailable","","","","0.75","","","","","","No first-party client data supplied."
"199102","North Carolina A & T State University","samples","","samples","unavailable","","","","0","","","","","","No first-party client data supplied."
"199102","North Carolina A & T State University","leads","","leads","unavailable","","","","0","","","","","","No first-party client data supplied."
"199102","North Carolina A & T State University","revenue_usd","","USD","unavailable","","","","0","","","","","","No first-party client data supplied."
"199102","North Carolina A & T State University","ambassador_conversions","","customers","unavailable","","","","0","","","","","","No first-party client data supplied."
"199102","North Carolina A & T State University","event_attendance","","people","unavailable","","","","0","","","","","","No first-party client data supplied."
"229115","Texas Tech University","undergraduates","32635","students","available","reported","2023","81.47037507468166","6","68.6","EF2023A","https://nces.ed.gov/ipeds/datacenter/data/ef2023a.zip","NCES / U.S. Department of Education","2026-09-29","EFALEVEL=2; EFTOTLT. Full-time plus part-time undergraduates."
"229115","Texas Tech University","non_distance_undergraduates","30191","students","available","derived_difference","2023","78.08960665526182","10","68.6","EF2023A_DIST","https://nces.ed.gov/ipeds/datacenter/data/ef2023a_dist.zip","NCES / U.S. Department of Education","2026-09-29","EFDELEV=2; EFDETOT minus EFDEEXC. At least some non-distance courses; not residence-hall occupancy."
"229115","Texas Tech University","on_campus_residents","","students","unavailable","","","","4","","","","","","No verified undergraduate resident count collected; bed capacity and projected move-ins are not occupancy."
"229115","Texas Tech University","age_18_24_pct","92.40079669066952","percent","available","derived_ratio","2023","92.40079669066952","10","68.6","EF2023B","https://nces.ed.gov/ipeds/datacenter/data/ef2023b.zip","NCES / U.S. Department of Education","2026-09-29","Sum EFBAGE 4,5,6 / EFBAGE 1; LSTUDY=2. Unknown ages remain in denominator."
"229115","Texas Tech University","women_pct","49.676727439865175","percent","available","derived_ratio","2023","99.35345487973035","0","68.6","EF2023A","https://nces.ed.gov/ipeds/datacenter/data/ef2023a.zip","NCES / U.S. Department of Education","2026-09-29","100 * EFTOTLW / EFTOTLT. IPEDS reported sex classification; not gender identity."
"229115","Texas Tech University","out_of_state_freshmen_pct","7.257617728531856","percent","available","derived_ratio","2023","14.515235457063714","0","68.6","EF2023C","https://nces.ed.gov/ipeds/datacenter/data/ef2023c.zip","NCES / U.S. Department of Education","2026-09-29","(US-resident first-time entrants minus in-state entrants) / all entrants; international and unknown are not silently counted as out-of-state."
"229115","Texas Tech University","age_18_19_pct","40.10111843113222","percent","available","derived_ratio","2023","40.10111843113222","0","68.6","EF2023B","https://nces.ed.gov/ipeds/datacenter/data/ef2023b.zip","NCES / U.S. Department of Education","2026-09-29","LSTUDY=2; EFBAGE=4; EFAGE09 / all-age EFAGE09."
"229115","Texas Tech University","age_20_21_pct","37.16868392829784","percent","available","derived_ratio","2023","37.16868392829784","0","68.6","EF2023B","https://nces.ed.gov/ipeds/datacenter/data/ef2023b.zip","NCES / U.S. Department of Education","2026-09-29","LSTUDY=2; EFBAGE=5; EFAGE09 / all-age EFAGE09."
"229115","Texas Tech University","age_22_24_pct","15.130994331239467","percent","available","derived_ratio","2023","15.130994331239467","0","68.6","EF2023B","https://nces.ed.gov/ipeds/datacenter/data/ef2023b.zip","NCES / U.S. Department of Education","2026-09-29","LSTUDY=2; EFBAGE=6; EFAGE09 / all-age EFAGE09."
"229115","Texas Tech University","age_25_plus_pct","6.508349931055615","percent","available","derived_ratio","2023","6.508349931055615","0","68.6","EF2023B","https://nces.ed.gov/ipeds/datacenter/data/ef2023b.zip","NCES / U.S. Department of Education","2026-09-29","LSTUDY=2; EFBAGE=7; EFAGE09 / all-age EFAGE09."
"229115","Texas Tech University","age_unknown_pct","","percent","unavailable","","","","0","","","","","","LSTUDY=2; EFBAGE=14; EFAGE09 / all-age EFAGE09. Missing, suppressed, imputed or not reported."
"229115","Texas Tech University","in_state_freshmen_pct","91.16343490304709","percent","available","derived_ratio","2023","91.16343490304709","0","68.6","EF2023C","https://nces.ed.gov/ipeds/datacenter/data/ef2023c.zip","NCES / U.S. Department of Education","2026-09-29","In-state first-time degree-seeking entrants / all first-time entrants. NOT all-undergraduate residency."
"229115","Texas Tech University","international_pct","1.7833614217864255","percent","available","derived_ratio","2023","1.7833614217864255","0","68.6","EF2023A","https://nces.ed.gov/ipeds/datacenter/data/ef2023a.zip","NCES / U.S. Department of Education","2026-09-29","100 * EFNRALT / EFTOTLT. Descriptive only by default."
"229115","Texas Tech University","hispanic_pct","29.62463612685767","percent","available","derived_ratio","2023","29.624636126857673","0","68.6","EF2023A","https://nces.ed.gov/ipeds/datacenter/data/ef2023a.zip","NCES / U.S. Department of Education","2026-09-29","100 * EFHISPT / EFTOTLT. Descriptive only by default."
"229115","Texas Tech University","black_pct","6.094683621878351","percent","available","derived_ratio","2023","6.094683621878351","0","68.6","EF2023A","https://nces.ed.gov/ipeds/datacenter/data/ef2023a.zip","NCES / U.S. Department of Education","2026-09-29","100 * EFBKAAT / EFTOTLT. Descriptive only by default."
"229115","Texas Tech University","asian_pct","3.30320208365252","percent","available","derived_ratio","2023","3.30320208365252","0","68.6","EF2023A","https://nces.ed.gov/ipeds/datacenter/data/ef2023a.zip","NCES / U.S. Department of Education","2026-09-29","100 * EFASIAT / EFTOTLT. Descriptive only by default."
"229115","Texas Tech University","greek_pct","","percent","unavailable","","","","15.000000000000002","","","","","","No comparable verified observation collected."
"229115","Texas Tech University","greek_chapters","50","organizations","available","lower_bound","","62.5","7.500000000000001","60.562499999999986","review-d73ea7f3241b","https://www.depts.ttu.edu/fsl/","Texas Tech University","2026-09-29","FSL office overview states more than 50 recognized organizations and 4,800+ members. Counts have no explicit reference semester; website modification date is not a data year."
"229115","Texas Tech University","greek_members","4800","students","available","lower_bound","","90.2460279197012","2.5000000000000004","60.562499999999986","review-d73ea7f3241b","https://www.depts.ttu.edu/fsl/","Texas Tech University","2026-09-29","FSL office overview states more than 50 recognized organizations and 4,800+ members. Counts have no explicit reference semester; website modification date is not a data year."
"229115","Texas Tech University","verified_creators_per_1000","","creators/1,000","unavailable","","","","10.5","","","","","","No audited student-creator roster and same-scope denominator collected; program presence is a separate proxy."
"229115","Texas Tech University","creator_program_present","","indicator","unavailable","","","","4.5","","","","","","No comparable verified observation collected."
"229115","Texas Tech University","relevant_awards_pct","31.166830088247654","percent","available","derived_ratio","2023-24","62.33366017649531","7.000000000000001","58.309999999999995","C2024_A","https://nces.ed.gov/ipeds/datacenter/data/c2024_a.zip","NCES / U.S. Department of Education","2026-09-29","Relevant first-major bachelor awards / CIP=99 total bachelor awards. No second-major double counting."
"229115","Texas Tech University","relevant_awards","2225","awards","available","derived_sum","2023-24","90.49672096505354","2.0000000000000004","58.309999999999995","C2024_A","https://nces.ed.gov/ipeds/datacenter/data/c2024_a.zip","NCES / U.S. Department of Education","2026-09-29","AWLEVEL=5; MAJORNUM=1; unique six-digit CIP records in 52.*,09.*,10.*,50.04*,50.06*,19.09*,31.0504. Awards are not current major enrollment."
"229115","Texas Tech University","relevant_clubs","","organizations","unavailable","","","","1.0000000000000002","","","","","","No comparable verified observation collected."
"229115","Texas Tech University","customers_per_1000","","customers/1,000","unavailable","","","","5","","","","","","No first-party client data supplied."
"229115","Texas Tech University","lodging_proxy_usd","113","USD/night","available","policy_proxy","FY2027","93.5","2","73.5","gsa","https://www.gsa.gov/system/files/FY2027PerDiemZipCode_Validated090126.xlsx","U.S. General Services Administration","2026-09-29","Equal-month average FY2027 federal lodging allowance at institutional ZIP 79409. Administrative benchmark, not a commercial hotel quote; no taxes or event surge."
"229115","Texas Tech University","labor_hourly_usd","","USD/hour","unavailable","","","","1","","","","","","Requires a comparable staffing role and dated local rate."
"229115","Texas Tech University","venue_day_usd","","USD/day","unavailable","","","","1","","","","","","Requires a dated venue rate for comparable event specifications."
"229115","Texas Tech University","permit_days","","days","unavailable","","","","0.5","","","","","","Requires an event type and verified campus approval lead time."
"229115","Texas Tech University","travel_quote_usd","","USD/trip","unavailable","","","","0.5","","","","","","Requires origin, dates, mode and party size for a comparable quote."
"229115","Texas Tech University","meals_proxy_usd","68","USD/day","available","policy_proxy","FY2027","64","0","73.5","gsa","https://www.gsa.gov/system/files/FY2027PerDiemZipCode_Validated090126.xlsx","U.S. General Services Administration","2026-09-29","FY2027 meals/incidental allowance. Not local labor or event budget."
"229115","Texas Tech University","airport_km","10.120541157599483","km","available","geographic_proxy","","93.25297256160034","3","54.000000000000014","HD2024; airports","https://nces.ed.gov/ipeds/datacenter/data/hd2024.zip; https://davidmegginson.github.io/ourairports-data/airports.csv","NCES / U.S. Department of Education; OurAirports","2026-09-29; 2026-09-29","Haversine great-circle distance to nearest US large/medium airport with scheduled_service=yes. Not drive time, route frequency, or fare."
"229115","Texas Tech University","metro_presence","1","indicator","available","geographic_proxy","2024","100","1","70.56","HD2024","https://nces.ed.gov/ipeds/datacenter/data/hd2024.zip","NCES / U.S. Department of Education","2026-09-29","IPEDS metropolitan CBSA membership; not metro population or downtown distance."
"229115","Texas Tech University","nearby_campuses","0","campuses","available","geographic_proxy","2024","0","1","70.56","HD2024","https://nces.ed.gov/ipeds/datacenter/data/hd2024.zip","NCES / U.S. Department of Education","2026-09-29","Count within 200 km great-circle of fixed geography-reference.json; not road routing or shared-customer overlap."
"229115","Texas Tech University","cac_usd","","USD/customer","unavailable","","","","1.75","","","","","","No first-party client data supplied."
"229115","Texas Tech University","conversion_pct","","percent","unavailable","","","","1.25","","","","","","No first-party client data supplied."
"229115","Texas Tech University","roi_pct","","percent","unavailable","","","","1.25","","","","","","No first-party client data supplied."
"229115","Texas Tech University","engagement_pct","","percent","unavailable","","","","0.75","","","","","","No first-party client data supplied."
"229115","Texas Tech University","samples","","samples","unavailable","","","","0","","","","","","No first-party client data supplied."
"229115","Texas Tech University","leads","","leads","unavailable","","","","0","","","","","","No first-party client data supplied."
"229115","Texas Tech University","revenue_usd","","USD","unavailable","","","","0","","","","","","No first-party client data supplied."
"229115","Texas Tech University","ambassador_conversions","","customers","unavailable","","","","0","","","","","","No first-party client data supplied."
"229115","Texas Tech University","event_attendance","","people","unavailable","","","","0","","","","","","No first-party client data supplied."
"134130","University of Florida","undergraduates","34924","students","available","reported","2023","84.41455423758707","6","68.6","EF2023A","https://nces.ed.gov/ipeds/datacenter/data/ef2023a.zip","NCES / U.S. Department of Education","2026-09-29","EFALEVEL=2; EFTOTLT. Full-time plus part-time undergraduates."
"134130","University of Florida","non_distance_undergraduates","33583","students","available","derived_difference","2023","82.71402196169754","10","68.6","EF2023A_DIST","https://nces.ed.gov/ipeds/datacenter/data/ef2023a_dist.zip","NCES / U.S. Department of Education","2026-09-29","EFDELEV=2; EFDETOT minus EFDEEXC. At least some non-distance courses; not residence-hall occupancy."
"134130","University of Florida","on_campus_residents","","students","unavailable","","","","4","","","","","","No verified undergraduate resident count collected; bed capacity and projected move-ins are not occupancy."
"134130","University of Florida","age_18_24_pct","96.95338449203986","percent","available","derived_ratio","2023","96.95338449203986","10","68.6","EF2023B","https://nces.ed.gov/ipeds/datacenter/data/ef2023b.zip","NCES / U.S. Department of Education","2026-09-29","Sum EFBAGE 4,5,6 / EFBAGE 1; LSTUDY=2. Unknown ages remain in denominator."
"134130","University of Florida","women_pct","55.61218646203184","percent","available","derived_ratio","2023","88.77562707593631","0","68.6","EF2023A","https://nces.ed.gov/ipeds/datacenter/data/ef2023a.zip","NCES / U.S. Department of Education","2026-09-29","100 * EFTOTLW / EFTOTLT. IPEDS reported sex classification; not gender identity."
"134130","University of Florida","out_of_state_freshmen_pct","15.424430641821946","percent","available","derived_ratio","2023","30.84886128364388","0","68.6","EF2023C","https://nces.ed.gov/ipeds/datacenter/data/ef2023c.zip","NCES / U.S. Department of Education","2026-09-29","(US-resident first-time entrants minus in-state entrants) / all entrants; international and unknown are not silently counted as out-of-state."
"134130","University of Florida","age_18_19_pct","34.5092200206162","percent","available","derived_ratio","2023","34.5092200206162","0","68.6","EF2023B","https://nces.ed.gov/ipeds/datacenter/data/ef2023b.zip","NCES / U.S. Department of Education","2026-09-29","LSTUDY=2; EFBAGE=4; EFAGE09 / all-age EFAGE09."
"134130","University of Florida","age_20_21_pct","46.601191157942964","percent","available","derived_ratio","2023","46.601191157942964","0","68.6","EF2023B","https://nces.ed.gov/ipeds/datacenter/data/ef2023b.zip","NCES / U.S. Department of Education","2026-09-29","LSTUDY=2; EFBAGE=5; EFAGE09 / all-age EFAGE09."
"134130","University of Florida","age_22_24_pct","15.842973313480702","percent","available","derived_ratio","2023","15.842973313480702","0","68.6","EF2023B","https://nces.ed.gov/ipeds/datacenter/data/ef2023b.zip","NCES / U.S. Department of Education","2026-09-29","LSTUDY=2; EFBAGE=6; EFAGE09 / all-age EFAGE09."
"134130","University of Florida","age_25_plus_pct","2.76600618485855","percent","available","derived_ratio","2023","2.76600618485855","0","68.6","EF2023B","https://nces.ed.gov/ipeds/datacenter/data/ef2023b.zip","NCES / U.S. Department of Education","2026-09-29","LSTUDY=2; EFBAGE=7; EFAGE09 / all-age EFAGE09."
"134130","University of Florida","age_unknown_pct","","percent","unavailable","","","","0","","","","","","LSTUDY=2; EFBAGE=14; EFAGE09 / all-age EFAGE09. Missing, suppressed, imputed or not reported."
"134130","University of Florida","in_state_freshmen_pct","79.0150842945874","percent","available","derived_ratio","2023","79.0150842945874","0","68.6","EF2023C","https://nces.ed.gov/ipeds/datacenter/data/ef2023c.zip","NCES / U.S. Department of Education","2026-09-29","In-state first-time degree-seeking entrants / all first-time entrants. NOT all-undergraduate residency."
"134130","University of Florida","international_pct","2.5455274309930136","percent","available","derived_ratio","2023","2.5455274309930136","0","68.6","EF2023A","https://nces.ed.gov/ipeds/datacenter/data/ef2023a.zip","NCES / U.S. Department of Education","2026-09-29","100 * EFNRALT / EFTOTLT. Descriptive only by default."
"134130","University of Florida","hispanic_pct","24.118084984537855","percent","available","derived_ratio","2023","24.118084984537855","0","68.6","EF2023A","https://nces.ed.gov/ipeds/datacenter/data/ef2023a.zip","NCES / U.S. Department of Education","2026-09-29","100 * EFHISPT / EFTOTLT. Descriptive only by default."
"134130","University of Florida","black_pct","5.050967815828656","percent","available","derived_ratio","2023","5.050967815828656","0","68.6","EF2023A","https://nces.ed.gov/ipeds/datacenter/data/ef2023a.zip","NCES / U.S. Department of Education","2026-09-29","100 * EFBKAAT / EFTOTLT. Descriptive only by default."
"134130","University of Florida","asian_pct","11.785591570266865","percent","available","derived_ratio","2023","11.785591570266865","0","68.6","EF2023A","https://nces.ed.gov/ipeds/datacenter/data/ef2023a.zip","NCES / U.S. Department of Education","2026-09-29","100 * EFASIAT / EFTOTLT. Descriptive only by default."
"134130","University of Florida","greek_pct","21","percent","available","reported_rounded","2026–27 guide; participation period unspecified","35","15.000000000000002","80.75","review-5d67a1998a9f","https://greeks.ufl.edu/wp-content/uploads/2026/05/26-27-Guide-to-Florida-Greeks.pdf","University of Florida","2026-09-29","Official 2026–27 guide explicitly reports 21% of undergraduates are Greek and 62 chapters. The participation period is unspecified; adjacent GPA statistics refer to Fall 2025."
"134130","University of Florida","greek_chapters","62","organizations","available","reported","2026–27 guide; participation period unspecified","77.5","7.500000000000001","95","review-5d67a1998a9f","https://greeks.ufl.edu/wp-content/uploads/2026/05/26-27-Guide-to-Florida-Greeks.pdf","University of Florida","2026-09-29","Official 2026–27 guide explicitly reports 21% of undergraduates are Greek and 62 chapters. The participation period is unspecified; adjacent GPA statistics refer to Fall 2025."
"134130","University of Florida","greek_members","8400","students","available","lower_bound","Fall 2025","96.20303517825246","2.5000000000000004","72.675","review-3bf088a0125d","https://greeks.ufl.edu/wp-content/uploads/2026/05/26-27-Guide-to-Florida-Greeks.pdf","University of Florida","2026-09-29","Page 6 reports 8400+ Fall 2025 members. Council subtotals sum to 8,302; the undated welcome says more than 8,600. Retain the dated headline with its qualifier and disclose the internal inconsistency; do not reconstruct participation from these counts."
"134130","University of Florida","verified_creators_per_1000","","creators/1,000","unavailable","","","","10.5","","","","","","No audited student-creator roster and same-scope denominator collected; program presence is a separate proxy."
"134130","University of Florida","creator_program_present","1","indicator","available","documented_program","2026","100","4.5","56.99999999999999","review-c288875cf2bd","https://dialcenter.clas.ufl.edu/2026/02/04/to-learn-lead-and-communicate-with-impact-ambassador-leadership-program/","University of Florida","2026-09-29","Dial Center Ambassador Leadership Program tasks students with running social-media accounts. Open to all majors and years; verified recruitment infrastructure, not an audited creator census."
"134130","University of Florida","relevant_awards_pct","21.97394895689929","percent","available","derived_ratio","2023-24","43.94789791379858","7.000000000000001","58.309999999999995","C2024_A","https://nces.ed.gov/ipeds/datacenter/data/c2024_a.zip","NCES / U.S. Department of Education","2026-09-29","Relevant first-major bachelor awards / CIP=99 total bachelor awards. No second-major double counting."
"134130","University of Florida","relevant_awards","2075","awards","available","derived_sum","2023-24","89.67765242910983","2.0000000000000004","58.309999999999995","C2024_A","https://nces.ed.gov/ipeds/datacenter/data/c2024_a.zip","NCES / U.S. Department of Education","2026-09-29","AWLEVEL=5; MAJORNUM=1; unique six-digit CIP records in 52.*,09.*,10.*,50.04*,50.06*,19.09*,31.0504. Awards are not current major enrollment."
"134130","University of Florida","relevant_clubs","","organizations","unavailable","","","","1.0000000000000002","","","","","","No comparable verified observation collected."
"134130","University of Florida","customers_per_1000","","customers/1,000","unavailable","","","","5","","","","","","No first-party client data supplied."
"134130","University of Florida","lodging_proxy_usd","113","USD/night","available","policy_proxy","FY2027","93.5","2","73.5","gsa","https://www.gsa.gov/system/files/FY2027PerDiemZipCode_Validated090126.xlsx","U.S. General Services Administration","2026-09-29","Equal-month average FY2027 federal lodging allowance at institutional ZIP 32611. Administrative benchmark, not a commercial hotel quote; no taxes or event surge."
"134130","University of Florida","labor_hourly_usd","","USD/hour","unavailable","","","","1","","","","","","Requires a comparable staffing role and dated local rate."
"134130","University of Florida","venue_day_usd","","USD/day","unavailable","","","","1","","","","","","Requires a dated venue rate for comparable event specifications."
"134130","University of Florida","permit_days","","days","unavailable","","","","0.5","","","","","","Requires an event type and verified campus approval lead time."
"134130","University of Florida","travel_quote_usd","","USD/trip","unavailable","","","","0.5","","","","","","Requires origin, dates, mode and party size for a comparable quote."
"134130","University of Florida","meals_proxy_usd","68","USD/day","available","policy_proxy","FY2027","64","0","73.5","gsa","https://www.gsa.gov/system/files/FY2027PerDiemZipCode_Validated090126.xlsx","U.S. General Services Administration","2026-09-29","FY2027 meals/incidental allowance. Not local labor or event budget."
"134130","University of Florida","airport_km","8.821094468533081","km","available","geographic_proxy","","94.11927035431128","3","54.000000000000014","HD2024; airports","https://nces.ed.gov/ipeds/datacenter/data/hd2024.zip; https://davidmegginson.github.io/ourairports-data/airports.csv","NCES / U.S. Department of Education; OurAirports","2026-09-29; 2026-09-29","Haversine great-circle distance to nearest US large/medium airport with scheduled_service=yes. Not drive time, route frequency, or fare."
"134130","University of Florida","metro_presence","1","indicator","available","geographic_proxy","2024","100","1","70.56","HD2024","https://nces.ed.gov/ipeds/datacenter/data/hd2024.zip","NCES / U.S. Department of Education","2026-09-29","IPEDS metropolitan CBSA membership; not metro population or downtown distance."
"134130","University of Florida","nearby_campuses","1","campuses","available","geographic_proxy","2024","20","1","70.56","HD2024","https://nces.ed.gov/ipeds/datacenter/data/hd2024.zip","NCES / U.S. Department of Education","2026-09-29","Count within 200 km great-circle of fixed geography-reference.json; not road routing or shared-customer overlap."
"134130","University of Florida","cac_usd","","USD/customer","unavailable","","","","1.75","","","","","","No first-party client data supplied."
"134130","University of Florida","conversion_pct","","percent","unavailable","","","","1.25","","","","","","No first-party client data supplied."
"134130","University of Florida","roi_pct","","percent","unavailable","","","","1.25","","","","","","No first-party client data supplied."
"134130","University of Florida","engagement_pct","","percent","unavailable","","","","0.75","","","","","","No first-party client data supplied."
"134130","University of Florida","samples","","samples","unavailable","","","","0","","","","","","No first-party client data supplied."
"134130","University of Florida","leads","","leads","unavailable","","","","0","","","","","","No first-party client data supplied."
"134130","University of Florida","revenue_usd","","USD","unavailable","","","","0","","","","","","No first-party client data supplied."
"134130","University of Florida","ambassador_conversions","","customers","unavailable","","","","0","","","","","","No first-party client data supplied."
"134130","University of Florida","event_attendance","","people","unavailable","","","","0","","","","","","No first-party client data supplied."
"228459","Texas State University","undergraduates","34547","students","available","reported","2023","83.9431670058315","6","68.6","EF2023A","https://nces.ed.gov/ipeds/datacenter/data/ef2023a.zip","NCES / U.S. Department of Education","2026-09-29","EFALEVEL=2; EFTOTLT. Full-time plus part-time undergraduates."
"228459","Texas State University","non_distance_undergraduates","32418","students","available","derived_difference","2023","81.18062142294626","10","68.6","EF2023A_DIST","https://nces.ed.gov/ipeds/datacenter/data/ef2023a_dist.zip","NCES / U.S. Department of Education","2026-09-29","EFDELEV=2; EFDETOT minus EFDEEXC. At least some non-distance courses; not residence-hall occupancy."
"228459","Texas State University","on_campus_residents","","students","unavailable","","","","4","","","","","","No verified undergraduate resident count collected; bed capacity and projected move-ins are not occupancy."
"228459","Texas State University","age_18_24_pct","90.82409471155238","percent","available","derived_ratio","2023","90.82409471155238","10","68.6","EF2023B","https://nces.ed.gov/ipeds/datacenter/data/ef2023b.zip","NCES / U.S. Department of Education","2026-09-29","Sum EFBAGE 4,5,6 / EFBAGE 1; LSTUDY=2. Unknown ages remain in denominator."
"228459","Texas State University","women_pct","60.02547254464932","percent","available","derived_ratio","2023","79.94905491070136","0","68.6","EF2023A","https://nces.ed.gov/ipeds/datacenter/data/ef2023a.zip","NCES / U.S. Department of Education","2026-09-29","100 * EFTOTLW / EFTOTLT. IPEDS reported sex classification; not gender identity."
"228459","Texas State University","out_of_state_freshmen_pct","2.068095838587642","percent","available","derived_ratio","2023","4.136191677175294","0","68.6","EF2023C","https://nces.ed.gov/ipeds/datacenter/data/ef2023c.zip","NCES / U.S. Department of Education","2026-09-29","(US-resident first-time entrants minus in-state entrants) / all entrants; international and unknown are not silently counted as out-of-state."
"228459","Texas State University","age_18_19_pct","39.9137407010739","percent","available","derived_ratio","2023","39.9137407010739","0","68.6","EF2023B","https://nces.ed.gov/ipeds/datacenter/data/ef2023b.zip","NCES / U.S. Department of Education","2026-09-29","LSTUDY=2; EFBAGE=4; EFAGE09 / all-age EFAGE09."
"228459","Texas State University","age_20_21_pct","33.189567835123164","percent","available","derived_ratio","2023","33.189567835123164","0","68.6","EF2023B","https://nces.ed.gov/ipeds/datacenter/data/ef2023b.zip","NCES / U.S. Department of Education","2026-09-29","LSTUDY=2; EFBAGE=5; EFAGE09 / all-age EFAGE09."
"228459","Texas State University","age_22_24_pct","17.720786175355315","percent","available","derived_ratio","2023","17.720786175355315","0","68.6","EF2023B","https://nces.ed.gov/ipeds/datacenter/data/ef2023b.zip","NCES / U.S. Department of Education","2026-09-29","LSTUDY=2; EFBAGE=6; EFAGE09 / all-age EFAGE09."
"228459","Texas State University","age_25_plus_pct","8.411728948968072","percent","available","derived_ratio","2023","8.411728948968072","0","68.6","EF2023B","https://nces.ed.gov/ipeds/datacenter/data/ef2023b.zip","NCES / U.S. Department of Education","2026-09-29","LSTUDY=2; EFBAGE=7; EFAGE09 / all-age EFAGE09."
"228459","Texas State University","age_unknown_pct","","percent","unavailable","","","","0","","","","","","LSTUDY=2; EFBAGE=14; EFAGE09 / all-age EFAGE09. Missing, suppressed, imputed or not reported."
"228459","Texas State University","in_state_freshmen_pct","96.55737704918033","percent","available","derived_ratio","2023","96.55737704918032","0","68.6","EF2023C","https://nces.ed.gov/ipeds/datacenter/data/ef2023c.zip","NCES / U.S. Department of Education","2026-09-29","In-state first-time degree-seeking entrants / all first-time entrants. NOT all-undergraduate residency."
"228459","Texas State University","international_pct","0.8162792717167916","percent","available","derived_ratio","2023","0.8162792717167916","0","68.6","EF2023A","https://nces.ed.gov/ipeds/datacenter/data/ef2023a.zip","NCES / U.S. Department of Education","2026-09-29","100 * EFNRALT / EFTOTLT. Descriptive only by default."
"228459","Texas State University","hispanic_pct","42.197585897473004","percent","available","derived_ratio","2023","42.197585897473","0","68.6","EF2023A","https://nces.ed.gov/ipeds/datacenter/data/ef2023a.zip","NCES / U.S. Department of Education","2026-09-29","100 * EFHISPT / EFTOTLT. Descriptive only by default."
"228459","Texas State University","black_pct","9.416157698208238","percent","available","derived_ratio","2023","9.416157698208238","0","68.6","EF2023A","https://nces.ed.gov/ipeds/datacenter/data/ef2023a.zip","NCES / U.S. Department of Education","2026-09-29","100 * EFBKAAT / EFTOTLT. Descriptive only by default."
"228459","Texas State University","asian_pct","2.6977740469505314","percent","available","derived_ratio","2023","2.6977740469505314","0","68.6","EF2023A","https://nces.ed.gov/ipeds/datacenter/data/ef2023a.zip","NCES / U.S. Department of Education","2026-09-29","100 * EFASIAT / EFTOTLT. Descriptive only by default."
"228459","Texas State University","greek_pct","","percent","unavailable","","","","15.000000000000002","","","","","","No comparable verified observation collected."
"228459","Texas State University","greek_chapters","44","organizations","available","reported","","55","7.500000000000001","71.24999999999999","primary-29","https://fsl.dos.txst.edu/","Texas State University","2026-09-29",""
"228459","Texas State University","greek_members","","students","unavailable","","","","2.5000000000000004","","","","","","No comparable verified observation collected."
"228459","Texas State University","verified_creators_per_1000","","creators/1,000","unavailable","","","","10.5","","","","","","No audited student-creator roster and same-scope denominator collected; program presence is a separate proxy."
"228459","Texas State University","creator_program_present","","indicator","unavailable","","","","4.5","","","","","","No comparable verified observation collected."
"228459","Texas State University","relevant_awards_pct","28.033168460867035","percent","available","derived_ratio","2023-24","56.06633692173407","7.000000000000001","58.309999999999995","C2024_A","https://nces.ed.gov/ipeds/datacenter/data/c2024_a.zip","NCES / U.S. Department of Education","2026-09-29","Relevant first-major bachelor awards / CIP=99 total bachelor awards. No second-major double counting."
"228459","Texas State University","relevant_awards","1927","awards","available","derived_sum","2023-24","88.80931433989882","2.0000000000000004","58.309999999999995","C2024_A","https://nces.ed.gov/ipeds/datacenter/data/c2024_a.zip","NCES / U.S. Department of Education","2026-09-29","AWLEVEL=5; MAJORNUM=1; unique six-digit CIP records in 52.*,09.*,10.*,50.04*,50.06*,19.09*,31.0504. Awards are not current major enrollment."
"228459","Texas State University","relevant_clubs","","organizations","unavailable","","","","1.0000000000000002","","","","","","No comparable verified observation collected."
"228459","Texas State University","customers_per_1000","","customers/1,000","unavailable","","","","5","","","","","","No first-party client data supplied."
"228459","Texas State University","lodging_proxy_usd","113","USD/night","available","policy_proxy","FY2027","93.5","2","73.5","gsa","https://www.gsa.gov/system/files/FY2027PerDiemZipCode_Validated090126.xlsx","U.S. General Services Administration","2026-09-29","Equal-month average FY2027 federal lodging allowance at institutional ZIP 78666. Administrative benchmark, not a commercial hotel quote; no taxes or event surge."
"228459","Texas State University","labor_hourly_usd","","USD/hour","unavailable","","","","1","","","","","","Requires a comparable staffing role and dated local rate."
"228459","Texas State University","venue_day_usd","","USD/day","unavailable","","","","1","","","","","","Requires a dated venue rate for comparable event specifications."
"228459","Texas State University","permit_days","","days","unavailable","","","","0.5","","","","","","Requires an event type and verified campus approval lead time."
"228459","Texas State University","travel_quote_usd","","USD/trip","unavailable","","","","0.5","","","","","","Requires origin, dates, mode and party size for a comparable quote."
"228459","Texas State University","meals_proxy_usd","68","USD/day","available","policy_proxy","FY2027","64","0","73.5","gsa","https://www.gsa.gov/system/files/FY2027PerDiemZipCode_Validated090126.xlsx","U.S. General Services Administration","2026-09-29","FY2027 meals/incidental allowance. Not local labor or event budget."
"228459","Texas State University","airport_km","43.6983308563573","km","available","geographic_proxy","","70.86777942909514","3","54.000000000000014","HD2024; airports","https://nces.ed.gov/ipeds/datacenter/data/hd2024.zip; https://davidmegginson.github.io/ourairports-data/airports.csv","NCES / U.S. Department of Education; OurAirports","2026-09-29; 2026-09-29","Haversine great-circle distance to nearest US large/medium airport with scheduled_service=yes. Not drive time, route frequency, or fare."
"228459","Texas State University","metro_presence","1","indicator","available","geographic_proxy","2024","100","1","70.56","HD2024","https://nces.ed.gov/ipeds/datacenter/data/hd2024.zip","NCES / U.S. Department of Education","2026-09-29","IPEDS metropolitan CBSA membership; not metro population or downtown distance."
"228459","Texas State University","nearby_campuses","1","campuses","available","geographic_proxy","2024","20","1","70.56","HD2024","https://nces.ed.gov/ipeds/datacenter/data/hd2024.zip","NCES / U.S. Department of Education","2026-09-29","Count within 200 km great-circle of fixed geography-reference.json; not road routing or shared-customer overlap."
"228459","Texas State University","cac_usd","","USD/customer","unavailable","","","","1.75","","","","","","No first-party client data supplied."
"228459","Texas State University","conversion_pct","","percent","unavailable","","","","1.25","","","","","","No first-party client data supplied."
"228459","Texas State University","roi_pct","","percent","unavailable","","","","1.25","","","","","","No first-party client data supplied."
"228459","Texas State University","engagement_pct","","percent","unavailable","","","","0.75","","","","","","No first-party client data supplied."
"228459","Texas State University","samples","","samples","unavailable","","","","0","","","","","","No first-party client data supplied."
"228459","Texas State University","leads","","leads","unavailable","","","","0","","","","","","No first-party client data supplied."
"228459","Texas State University","revenue_usd","","USD","unavailable","","","","0","","","","","","No first-party client data supplied."
"228459","Texas State University","ambassador_conversions","","customers","unavailable","","","","0","","","","","","No first-party client data supplied."
"228459","Texas State University","event_attendance","","people","unavailable","","","","0","","","","","","No first-party client data supplied."
"221999","Vanderbilt University","undergraduates","7152","students","available","reported","2023","15.544352064766661","6","68.6","EF2023A","https://nces.ed.gov/ipeds/datacenter/data/ef2023a.zip","NCES / U.S. Department of Education","2026-09-29","EFALEVEL=2; EFTOTLT. Full-time plus part-time undergraduates."
"221999","Vanderbilt University","non_distance_undergraduates","7152","students","available","derived_difference","2023","15.544352064766661","10","68.6","EF2023A_DIST","https://nces.ed.gov/ipeds/datacenter/data/ef2023a_dist.zip","NCES / U.S. Department of Education","2026-09-29","EFDELEV=2; EFDETOT minus EFDEEXC. At least some non-distance courses; not residence-hall occupancy."
"221999","Vanderbilt University","on_campus_residents","","students","unavailable","","","","4","","","","","","No verified undergraduate resident count collected; bed capacity and projected move-ins are not occupancy."
"221999","Vanderbilt University","age_18_24_pct","98.53187919463087","percent","available","derived_ratio","2023","98.53187919463087","10","68.6","EF2023B","https://nces.ed.gov/ipeds/datacenter/data/ef2023b.zip","NCES / U.S. Department of Education","2026-09-29","Sum EFBAGE 4,5,6 / EFBAGE 1; LSTUDY=2. Unknown ages remain in denominator."
"221999","Vanderbilt University","women_pct","52.293064876957494","percent","available","derived_ratio","2023","95.41387024608501","0","68.6","EF2023A","https://nces.ed.gov/ipeds/datacenter/data/ef2023a.zip","NCES / U.S. Department of Education","2026-09-29","100 * EFTOTLW / EFTOTLT. IPEDS reported sex classification; not gender identity."
"221999","Vanderbilt University","out_of_state_freshmen_pct","75.46239210850801","percent","available","derived_ratio","2023","49.075215782983975","0","68.6","EF2023C","https://nces.ed.gov/ipeds/datacenter/data/ef2023c.zip","NCES / U.S. Department of Education","2026-09-29","(US-resident first-time entrants minus in-state entrants) / all entrants; international and unknown are not silently counted as out-of-state."
"221999","Vanderbilt University","age_18_19_pct","43.819910514541384","percent","available","derived_ratio","2023","43.81991051454138","0","68.6","EF2023B","https://nces.ed.gov/ipeds/datacenter/data/ef2023b.zip","NCES / U.S. Department of Education","2026-09-29","LSTUDY=2; EFBAGE=4; EFAGE09 / all-age EFAGE09."
"221999","Vanderbilt University","age_20_21_pct","48.92337807606264","percent","available","derived_ratio","2023","48.92337807606263","0","68.6","EF2023B","https://nces.ed.gov/ipeds/datacenter/data/ef2023b.zip","NCES / U.S. Department of Education","2026-09-29","LSTUDY=2; EFBAGE=5; EFAGE09 / all-age EFAGE09."
"221999","Vanderbilt University","age_22_24_pct","5.7885906040268456","percent","available","derived_ratio","2023","5.7885906040268456","0","68.6","EF2023B","https://nces.ed.gov/ipeds/datacenter/data/ef2023b.zip","NCES / U.S. Department of Education","2026-09-29","LSTUDY=2; EFBAGE=6; EFAGE09 / all-age EFAGE09."
"221999","Vanderbilt University","age_25_plus_pct","0.20973154362416108","percent","available","derived_ratio","2023","0.20973154362416108","0","68.6","EF2023B","https://nces.ed.gov/ipeds/datacenter/data/ef2023b.zip","NCES / U.S. Department of Education","2026-09-29","LSTUDY=2; EFBAGE=7; EFAGE09 / all-age EFAGE09."
"221999","Vanderbilt University","age_unknown_pct","","percent","unavailable","","","","0","","","","","","LSTUDY=2; EFBAGE=14; EFAGE09 / all-age EFAGE09. Missing, suppressed, imputed or not reported."
"221999","Vanderbilt University","in_state_freshmen_pct","12.5154130702836","percent","available","derived_ratio","2023","12.5154130702836","0","68.6","EF2023C","https://nces.ed.gov/ipeds/datacenter/data/ef2023c.zip","NCES / U.S. Department of Education","2026-09-29","In-state first-time degree-seeking entrants / all first-time entrants. NOT all-undergraduate residency."
"221999","Vanderbilt University","international_pct","10.025167785234899","percent","available","derived_ratio","2023","10.025167785234899","0","68.6","EF2023A","https://nces.ed.gov/ipeds/datacenter/data/ef2023a.zip","NCES / U.S. Department of Education","2026-09-29","100 * EFNRALT / EFTOTLT. Descriptive only by default."
"221999","Vanderbilt University","hispanic_pct","11.940715883668904","percent","available","derived_ratio","2023","11.940715883668904","0","68.6","EF2023A","https://nces.ed.gov/ipeds/datacenter/data/ef2023a.zip","NCES / U.S. Department of Education","2026-09-29","100 * EFHISPT / EFTOTLT. Descriptive only by default."
"221999","Vanderbilt University","black_pct","10.430648769574944","percent","available","derived_ratio","2023","10.430648769574944","0","68.6","EF2023A","https://nces.ed.gov/ipeds/datacenter/data/ef2023a.zip","NCES / U.S. Department of Education","2026-09-29","100 * EFBKAAT / EFTOTLT. Descriptive only by default."
"221999","Vanderbilt University","asian_pct","18.554250559284117","percent","available","derived_ratio","2023","18.554250559284117","0","68.6","EF2023A","https://nces.ed.gov/ipeds/datacenter/data/ef2023a.zip","NCES / U.S. Department of Education","2026-09-29","100 * EFASIAT / EFTOTLT. Descriptive only by default."
"221999","Vanderbilt University","greek_pct","33","percent","available","reported_rounded","2025-26","55","15.000000000000002","72.675","primary-30","https://www.vanderbilt.edu/student-affairs/greek-life/annual-awards-and-reports/","Vanderbilt University","2026-09-29",""
"221999","Vanderbilt University","greek_chapters","30","organizations","available","lower_bound","","37.5","7.500000000000001","60.562499999999986","primary-31","https://www.vanderbilt.edu/student-affairs/greek-life/","Vanderbilt University","2026-09-29",""
"221999","Vanderbilt University","greek_members","","students","unavailable","","","","2.5000000000000004","","","","","","No comparable verified observation collected."
"221999","Vanderbilt University","verified_creators_per_1000","","creators/1,000","unavailable","","","","10.5","","","","","","No audited student-creator roster and same-scope denominator collected; program presence is a separate proxy."
"221999","Vanderbilt University","creator_program_present","","indicator","unavailable","","","","4.5","","","","","","No comparable verified observation collected."
"221999","Vanderbilt University","relevant_awards_pct","1.725067385444744","percent","available","derived_ratio","2023-24","3.4501347708894885","7.000000000000001","58.309999999999995","C2024_A","https://nces.ed.gov/ipeds/datacenter/data/c2024_a.zip","NCES / U.S. Department of Education","2026-09-29","Relevant first-major bachelor awards / CIP=99 total bachelor awards. No second-major double counting."
"221999","Vanderbilt University","relevant_awards","32","awards","available","derived_sum","2023-24","41.051381462574895","2.0000000000000004","58.309999999999995","C2024_A","https://nces.ed.gov/ipeds/datacenter/data/c2024_a.zip","NCES / U.S. Department of Education","2026-09-29","AWLEVEL=5; MAJORNUM=1; unique six-digit CIP records in 52.*,09.*,10.*,50.04*,50.06*,19.09*,31.0504. Awards are not current major enrollment."
"221999","Vanderbilt University","relevant_clubs","","organizations","unavailable","","","","1.0000000000000002","","","","","","No comparable verified observation collected."
"221999","Vanderbilt University","customers_per_1000","","customers/1,000","unavailable","","","","5","","","","","","No first-party client data supplied."
"221999","Vanderbilt University","lodging_proxy_usd","230","USD/night","available","policy_proxy","FY2027","35","2","73.5","gsa","https://www.gsa.gov/system/files/FY2027PerDiemZipCode_Validated090126.xlsx","U.S. General Services Administration","2026-09-29","Equal-month average FY2027 federal lodging allowance at institutional ZIP 37240. Administrative benchmark, not a commercial hotel quote; no taxes or event surge."
"221999","Vanderbilt University","labor_hourly_usd","","USD/hour","unavailable","","","","1","","","","","","Requires a comparable staffing role and dated local rate."
"221999","Vanderbilt University","venue_day_usd","","USD/day","unavailable","","","","1","","","","","","Requires a dated venue rate for comparable event specifications."
"221999","Vanderbilt University","permit_days","","days","unavailable","","","","0.5","","","","","","Requires an event type and verified campus approval lead time."
"221999","Vanderbilt University","travel_quote_usd","","USD/trip","unavailable","","","","0.5","","","","","","Requires origin, dates, mode and party size for a comparable quote."
"221999","Vanderbilt University","meals_proxy_usd","86","USD/day","available","policy_proxy","FY2027","28","0","73.5","gsa","https://www.gsa.gov/system/files/FY2027PerDiemZipCode_Validated090126.xlsx","U.S. General Services Administration","2026-09-29","FY2027 meals/incidental allowance. Not local labor or event budget."
"221999","Vanderbilt University","airport_km","11.505900493596325","km","available","geographic_proxy","","92.32939967093579","3","54.000000000000014","HD2024; airports","https://nces.ed.gov/ipeds/datacenter/data/hd2024.zip; https://davidmegginson.github.io/ourairports-data/airports.csv","NCES / U.S. Department of Education; OurAirports","2026-09-29; 2026-09-29","Haversine great-circle distance to nearest US large/medium airport with scheduled_service=yes. Not drive time, route frequency, or fare."
"221999","Vanderbilt University","metro_presence","1","indicator","available","geographic_proxy","2024","100","1","70.56","HD2024","https://nces.ed.gov/ipeds/datacenter/data/hd2024.zip","NCES / U.S. Department of Education","2026-09-29","IPEDS metropolitan CBSA membership; not metro population or downtown distance."
"221999","Vanderbilt University","nearby_campuses","0","campuses","available","geographic_proxy","2024","0","1","70.56","HD2024","https://nces.ed.gov/ipeds/datacenter/data/hd2024.zip","NCES / U.S. Department of Education","2026-09-29","Count within 200 km great-circle of fixed geography-reference.json; not road routing or shared-customer overlap."
"221999","Vanderbilt University","cac_usd","","USD/customer","unavailable","","","","1.75","","","","","","No first-party client data supplied."
"221999","Vanderbilt University","conversion_pct","","percent","unavailable","","","","1.25","","","","","","No first-party client data supplied."
"221999","Vanderbilt University","roi_pct","","percent","unavailable","","","","1.25","","","","","","No first-party client data supplied."
"221999","Vanderbilt University","engagement_pct","","percent","unavailable","","","","0.75","","","","","","No first-party client data supplied."
"221999","Vanderbilt University","samples","","samples","unavailable","","","","0","","","","","","No first-party client data supplied."
"221999","Vanderbilt University","leads","","leads","unavailable","","","","0","","","","","","No first-party client data supplied."
"221999","Vanderbilt University","revenue_usd","","USD","unavailable","","","","0","","","","","","No first-party client data supplied."
"221999","Vanderbilt University","ambassador_conversions","","customers","unavailable","","","","0","","","","","","No first-party client data supplied."
"221999","Vanderbilt University","event_attendance","","people","unavailable","","","","0","","","","","","No first-party client data supplied."
"104179","University of Arizona","undergraduates","41899","students","available","reported","2023","92.32293320936205","6","68.6","EF2023A","https://nces.ed.gov/ipeds/datacenter/data/ef2023a.zip","NCES / U.S. Department of Education","2026-09-29","EFALEVEL=2; EFTOTLT. Full-time plus part-time undergraduates."
"104179","University of Arizona","non_distance_undergraduates","34364","students","available","derived_difference","2023","83.71249270724847","10","68.6","EF2023A_DIST","https://nces.ed.gov/ipeds/datacenter/data/ef2023a_dist.zip","NCES / U.S. Department of Education","2026-09-29","EFDELEV=2; EFDETOT minus EFDEEXC. At least some non-distance courses; not residence-hall occupancy."
"104179","University of Arizona","on_campus_residents","","students","unavailable","","","","4","","","","","","No verified undergraduate resident count collected; bed capacity and projected move-ins are not occupancy."
"104179","University of Arizona","age_18_24_pct","83.36953149239838","percent","available","derived_ratio","2023","83.36953149239838","10","68.6","EF2023B","https://nces.ed.gov/ipeds/datacenter/data/ef2023b.zip","NCES / U.S. Department of Education","2026-09-29","Sum EFBAGE 4,5,6 / EFBAGE 1; LSTUDY=2. Unknown ages remain in denominator."
"104179","University of Arizona","women_pct","55.333062841595265","percent","available","derived_ratio","2023","89.33387431680947","0","68.6","EF2023A","https://nces.ed.gov/ipeds/datacenter/data/ef2023a.zip","NCES / U.S. Department of Education","2026-09-29","100 * EFTOTLW / EFTOTLT. IPEDS reported sex classification; not gender identity."
"104179","University of Arizona","out_of_state_freshmen_pct","44.03799956322341","percent","available","derived_ratio","2023","88.07599912644682","0","68.6","EF2023C","https://nces.ed.gov/ipeds/datacenter/data/ef2023c.zip","NCES / U.S. Department of Education","2026-09-29","(US-resident first-time entrants minus in-state entrants) / all entrants; international and unknown are not silently counted as out-of-state."
"104179","University of Arizona","age_18_19_pct","38.23241604811571","percent","available","derived_ratio","2023","38.23241604811571","0","68.6","EF2023B","https://nces.ed.gov/ipeds/datacenter/data/ef2023b.zip","NCES / U.S. Department of Education","2026-09-29","LSTUDY=2; EFBAGE=4; EFAGE09 / all-age EFAGE09."
"104179","University of Arizona","age_20_21_pct","32.67381083080742","percent","available","derived_ratio","2023","32.67381083080742","0","68.6","EF2023B","https://nces.ed.gov/ipeds/datacenter/data/ef2023b.zip","NCES / U.S. Department of Education","2026-09-29","LSTUDY=2; EFBAGE=5; EFAGE09 / all-age EFAGE09."
"104179","University of Arizona","age_22_24_pct","12.463304613475263","percent","available","derived_ratio","2023","12.463304613475264","0","68.6","EF2023B","https://nces.ed.gov/ipeds/datacenter/data/ef2023b.zip","NCES / U.S. Department of Education","2026-09-29","LSTUDY=2; EFBAGE=6; EFAGE09 / all-age EFAGE09."
"104179","University of Arizona","age_25_plus_pct","14.157855796081051","percent","available","derived_ratio","2023","14.157855796081051","0","68.6","EF2023B","https://nces.ed.gov/ipeds/datacenter/data/ef2023b.zip","NCES / U.S. Department of Education","2026-09-29","LSTUDY=2; EFBAGE=7; EFAGE09 / all-age EFAGE09."
"104179","University of Arizona","age_unknown_pct","","percent","unavailable","","","","0","","","","","","LSTUDY=2; EFBAGE=14; EFAGE09 / all-age EFAGE09. Missing, suppressed, imputed or not reported."
"104179","University of Arizona","in_state_freshmen_pct","49.80345053505132","percent","available","derived_ratio","2023","49.80345053505132","0","68.6","EF2023C","https://nces.ed.gov/ipeds/datacenter/data/ef2023c.zip","NCES / U.S. Department of Education","2026-09-29","In-state first-time degree-seeking entrants / all first-time entrants. NOT all-undergraduate residency."
"104179","University of Arizona","international_pct","4.539487815938328","percent","available","derived_ratio","2023","4.539487815938328","0","68.6","EF2023A","https://nces.ed.gov/ipeds/datacenter/data/ef2023a.zip","NCES / U.S. Department of Education","2026-09-29","100 * EFNRALT / EFTOTLT. Descriptive only by default."
"104179","University of Arizona","hispanic_pct","27.13668583975751","percent","available","derived_ratio","2023","27.13668583975751","0","68.6","EF2023A","https://nces.ed.gov/ipeds/datacenter/data/ef2023a.zip","NCES / U.S. Department of Education","2026-09-29","100 * EFHISPT / EFTOTLT. Descriptive only by default."
"104179","University of Arizona","black_pct","4.229217881095014","percent","available","derived_ratio","2023","4.229217881095014","0","68.6","EF2023A","https://nces.ed.gov/ipeds/datacenter/data/ef2023a.zip","NCES / U.S. Department of Education","2026-09-29","100 * EFBKAAT / EFTOTLT. Descriptive only by default."
"104179","University of Arizona","asian_pct","4.928518580395713","percent","available","derived_ratio","2023","4.928518580395713","0","68.6","EF2023A","https://nces.ed.gov/ipeds/datacenter/data/ef2023a.zip","NCES / U.S. Department of Education","2026-09-29","100 * EFASIAT / EFTOTLT. Descriptive only by default."
"104179","University of Arizona","greek_pct","","percent","unavailable","","","","15.000000000000002","","","","","","No comparable verified observation collected."
"104179","University of Arizona","greek_chapters","52","organizations","available","derived_count","","65","7.500000000000001","71.24999999999999","primary-48","https://greek.arizona.edu/organizations","University of Arizona","2026-09-29","Count of 52 distinct organization rows in the unfiltered official directory, accessed 2026-09-29. Row count is a directory-presence measure; check standing before activation."
"104179","University of Arizona","greek_members","6668","students","available","reported","Fall 2025","93.74495911661998","2.5000000000000004","85.5","review-b5d5b8198254","https://greek.arizona.edu/sites/default/files/2026-01/Fall-2025-Chapter-Academic-Membership-Performance-Reports.pdf","University of Arizona","2026-09-29","Official chapter report: 4,455 sorority and 2,213 fraternity members total 6,668. Its reported 12.8% uses 51,942 undergraduates with unresolved campus/system scope; exclude that percentage from campus scoring pending clarification."
"104179","University of Arizona","verified_creators_per_1000","","creators/1,000","unavailable","","","","10.5","","","","","","No audited student-creator roster and same-scope denominator collected; program presence is a separate proxy."
"104179","University of Arizona","creator_program_present","","indicator","unavailable","","","","4.5","","","","","","No comparable verified observation collected."
"104179","University of Arizona","relevant_awards_pct","20.50773502578342","percent","available","derived_ratio","2023-24","41.01547005156684","7.000000000000001","58.309999999999995","C2024_A","https://nces.ed.gov/ipeds/datacenter/data/c2024_a.zip","NCES / U.S. Department of Education","2026-09-29","Relevant first-major bachelor awards / CIP=99 total bachelor awards. No second-major double counting."
"104179","University of Arizona","relevant_awards","1551","awards","available","derived_sum","2023-24","86.26230529544975","2.0000000000000004","58.309999999999995","C2024_A","https://nces.ed.gov/ipeds/datacenter/data/c2024_a.zip","NCES / U.S. Department of Education","2026-09-29","AWLEVEL=5; MAJORNUM=1; unique six-digit CIP records in 52.*,09.*,10.*,50.04*,50.06*,19.09*,31.0504. Awards are not current major enrollment."
"104179","University of Arizona","relevant_clubs","","organizations","unavailable","","","","1.0000000000000002","","","","","","No comparable verified observation collected."
"104179","University of Arizona","customers_per_1000","","customers/1,000","unavailable","","","","5","","","","","","No first-party client data supplied."
"104179","University of Arizona","lodging_proxy_usd","167.5","USD/night","available","policy_proxy","FY2027","66.25","2","73.5","gsa","https://www.gsa.gov/system/files/FY2027PerDiemZipCode_Validated090126.xlsx","U.S. General Services Administration","2026-09-29","Equal-month average FY2027 federal lodging allowance at institutional ZIP 85721. Administrative benchmark, not a commercial hotel quote; no taxes or event surge."
"104179","University of Arizona","labor_hourly_usd","","USD/hour","unavailable","","","","1","","","","","","Requires a comparable staffing role and dated local rate."
"104179","University of Arizona","venue_day_usd","","USD/day","unavailable","","","","1","","","","","","Requires a dated venue rate for comparable event specifications."
"104179","University of Arizona","permit_days","","days","unavailable","","","","0.5","","","","","","Requires an event type and verified campus approval lead time."
"104179","University of Arizona","travel_quote_usd","","USD/trip","unavailable","","","","0.5","","","","","","Requires origin, dates, mode and party size for a comparable quote."
"104179","University of Arizona","meals_proxy_usd","80","USD/day","available","policy_proxy","FY2027","40","0","73.5","gsa","https://www.gsa.gov/system/files/FY2027PerDiemZipCode_Validated090126.xlsx","U.S. General Services Administration","2026-09-29","FY2027 meals/incidental allowance. Not local labor or event budget."
"104179","University of Arizona","airport_km","13.139121469089144","km","available","geographic_proxy","","91.2405856872739","3","54.000000000000014","HD2024; airports","https://nces.ed.gov/ipeds/datacenter/data/hd2024.zip; https://davidmegginson.github.io/ourairports-data/airports.csv","NCES / U.S. Department of Education; OurAirports","2026-09-29; 2026-09-29","Haversine great-circle distance to nearest US large/medium airport with scheduled_service=yes. Not drive time, route frequency, or fare."
"104179","University of Arizona","metro_presence","1","indicator","available","geographic_proxy","2024","100","1","70.56","HD2024","https://nces.ed.gov/ipeds/datacenter/data/hd2024.zip","NCES / U.S. Department of Education","2026-09-29","IPEDS metropolitan CBSA membership; not metro population or downtown distance."
"104179","University of Arizona","nearby_campuses","0","campuses","available","geographic_proxy","2024","0","1","70.56","HD2024","https://nces.ed.gov/ipeds/datacenter/data/hd2024.zip","NCES / U.S. Department of Education","2026-09-29","Count within 200 km great-circle of fixed geography-reference.json; not road routing or shared-customer overlap."
"104179","University of Arizona","cac_usd","","USD/customer","unavailable","","","","1.75","","","","","","No first-party client data supplied."
"104179","University of Arizona","conversion_pct","","percent","unavailable","","","","1.25","","","","","","No first-party client data supplied."
"104179","University of Arizona","roi_pct","","percent","unavailable","","","","1.25","","","","","","No first-party client data supplied."
"104179","University of Arizona","engagement_pct","","percent","unavailable","","","","0.75","","","","","","No first-party client data supplied."
"104179","University of Arizona","samples","","samples","unavailable","","","","0","","","","","","No first-party client data supplied."
"104179","University of Arizona","leads","","leads","unavailable","","","","0","","","","","","No first-party client data supplied."
"104179","University of Arizona","revenue_usd","","USD","unavailable","","","","0","","","","","","No first-party client data supplied."
"104179","University of Arizona","ambassador_conversions","","customers","unavailable","","","","0","","","","","","No first-party client data supplied."
"104179","University of Arizona","event_attendance","","people","unavailable","","","","0","","","","","","No first-party client data supplied."
"100858","Auburn University","undergraduates","26874","students","available","reported","2023","73.0348705650839","6","68.6","EF2023A","https://nces.ed.gov/ipeds/datacenter/data/ef2023a.zip","NCES / U.S. Department of Education","2026-09-29","EFALEVEL=2; EFTOTLT. Full-time plus part-time undergraduates."
"100858","Auburn University","non_distance_undergraduates","25440","students","available","derived_difference","2023","70.65325491162179","10","68.6","EF2023A_DIST","https://nces.ed.gov/ipeds/datacenter/data/ef2023a_dist.zip","NCES / U.S. Department of Education","2026-09-29","EFDELEV=2; EFDETOT minus EFDEEXC. At least some non-distance courses; not residence-hall occupancy."
"100858","Auburn University","on_campus_residents","","students","unavailable","","","","4","","","","","","No verified undergraduate resident count collected; bed capacity and projected move-ins are not occupancy."
"100858","Auburn University","age_18_24_pct","93.2834710128749","percent","available","derived_ratio","2023","93.28347101287491","10","68.6","EF2023B","https://nces.ed.gov/ipeds/datacenter/data/ef2023b.zip","NCES / U.S. Department of Education","2026-09-29","Sum EFBAGE 4,5,6 / EFBAGE 1; LSTUDY=2. Unknown ages remain in denominator."
"100858","Auburn University","women_pct","50.24931160229218","percent","available","derived_ratio","2023","99.50137679541564","0","68.6","EF2023A","https://nces.ed.gov/ipeds/datacenter/data/ef2023a.zip","NCES / U.S. Department of Education","2026-09-29","100 * EFTOTLW / EFTOTLT. IPEDS reported sex classification; not gender identity."
"100858","Auburn University","out_of_state_freshmen_pct","45.59393428812131","percent","available","derived_ratio","2023","91.18786857624262","0","68.6","EF2023C","https://nces.ed.gov/ipeds/datacenter/data/ef2023c.zip","NCES / U.S. Department of Education","2026-09-29","(US-resident first-time entrants minus in-state entrants) / all entrants; international and unknown are not silently counted as out-of-state."
"100858","Auburn University","age_18_19_pct","40.13544690034978","percent","available","derived_ratio","2023","40.13544690034978","0","68.6","EF2023B","https://nces.ed.gov/ipeds/datacenter/data/ef2023b.zip","NCES / U.S. Department of Education","2026-09-29","LSTUDY=2; EFBAGE=4; EFAGE09 / all-age EFAGE09."
"100858","Auburn University","age_20_21_pct","40.17265758725906","percent","available","derived_ratio","2023","40.17265758725906","0","68.6","EF2023B","https://nces.ed.gov/ipeds/datacenter/data/ef2023b.zip","NCES / U.S. Department of Education","2026-09-29","LSTUDY=2; EFBAGE=5; EFAGE09 / all-age EFAGE09."
"100858","Auburn University","age_22_24_pct","12.975366525266056","percent","available","derived_ratio","2023","12.975366525266056","0","68.6","EF2023B","https://nces.ed.gov/ipeds/datacenter/data/ef2023b.zip","NCES / U.S. Department of Education","2026-09-29","LSTUDY=2; EFBAGE=6; EFAGE09 / all-age EFAGE09."
"100858","Auburn University","age_25_plus_pct","3.144303043834189","percent","available","derived_ratio","2023","3.144303043834189","0","68.6","EF2023B","https://nces.ed.gov/ipeds/datacenter/data/ef2023b.zip","NCES / U.S. Department of Education","2026-09-29","LSTUDY=2; EFBAGE=7; EFAGE09 / all-age EFAGE09."
"100858","Auburn University","age_unknown_pct","","percent","unavailable","","","","0","","","","","","LSTUDY=2; EFBAGE=14; EFAGE09 / all-age EFAGE09. Missing, suppressed, imputed or not reported."
"100858","Auburn University","in_state_freshmen_pct","53.71524852569503","percent","available","derived_ratio","2023","53.71524852569503","0","68.6","EF2023C","https://nces.ed.gov/ipeds/datacenter/data/ef2023c.zip","NCES / U.S. Department of Education","2026-09-29","In-state first-time degree-seeking entrants / all first-time entrants. NOT all-undergraduate residency."
"100858","Auburn University","international_pct","2.1210091538289797","percent","available","derived_ratio","2023","2.1210091538289797","0","68.6","EF2023A","https://nces.ed.gov/ipeds/datacenter/data/ef2023a.zip","NCES / U.S. Department of Education","2026-09-29","100 * EFNRALT / EFTOTLT. Descriptive only by default."
"100858","Auburn University","hispanic_pct","4.308997544094664","percent","available","derived_ratio","2023","4.308997544094664","0","68.6","EF2023A","https://nces.ed.gov/ipeds/datacenter/data/ef2023a.zip","NCES / U.S. Department of Education","2026-09-29","100 * EFHISPT / EFTOTLT. Descriptive only by default."
"100858","Auburn University","black_pct","4.175039071221255","percent","available","derived_ratio","2023","4.175039071221255","0","68.6","EF2023A","https://nces.ed.gov/ipeds/datacenter/data/ef2023a.zip","NCES / U.S. Department of Education","2026-09-29","100 * EFBKAAT / EFTOTLT. Descriptive only by default."
"100858","Auburn University","asian_pct","2.78335938081417","percent","available","derived_ratio","2023","2.78335938081417","0","68.6","EF2023A","https://nces.ed.gov/ipeds/datacenter/data/ef2023a.zip","NCES / U.S. Department of Education","2026-09-29","100 * EFASIAT / EFTOTLT. Descriptive only by default."
"100858","Auburn University","greek_pct","37","percent","available","reported_rounded","2025-26","61.666666666666664","15.000000000000002","72.675","primary-32","https://studentaffairs.auburn.edu/greek/articles/2026/07/2025-26-greek-community-report-released.php","Auburn University","2026-09-29","University annual report release."
"100858","Auburn University","greek_chapters","53","organizations","available","reported","","66.25","7.500000000000001","71.24999999999999","review-e649b2ecd67a","https://studentaffairs.auburn.edu/greek/","Auburn University","2026-09-29","Current Greek Life office introduction identifies 53 organizations. No explicit semester is attached to the chapter count."
"100858","Auburn University","greek_members","10000","students","available","lower_bound","2025-26","98.05908830022409","2.5000000000000004","72.675","primary-32","https://studentaffairs.auburn.edu/greek/articles/2026/07/2025-26-greek-community-report-released.php","Auburn University","2026-09-29","University annual report release."
"100858","Auburn University","verified_creators_per_1000","","creators/1,000","unavailable","","","","10.5","","","","","","No audited student-creator roster and same-scope denominator collected; program presence is a separate proxy."
"100858","Auburn University","creator_program_present","","indicator","unavailable","","","","4.5","","","","","","No comparable verified observation collected."
"100858","Auburn University","relevant_awards_pct","34.79008947006194","percent","available","derived_ratio","2023-24","69.58017894012389","7.000000000000001","58.309999999999995","C2024_A","https://nces.ed.gov/ipeds/datacenter/data/c2024_a.zip","NCES / U.S. Department of Education","2026-09-29","Relevant first-major bachelor awards / CIP=99 total bachelor awards. No second-major double counting."
"100858","Auburn University","relevant_awards","2022","awards","available","derived_sum","2023-24","89.37402188631869","2.0000000000000004","58.309999999999995","C2024_A","https://nces.ed.gov/ipeds/datacenter/data/c2024_a.zip","NCES / U.S. Department of Education","2026-09-29","AWLEVEL=5; MAJORNUM=1; unique six-digit CIP records in 52.*,09.*,10.*,50.04*,50.06*,19.09*,31.0504. Awards are not current major enrollment."
"100858","Auburn University","relevant_clubs","","organizations","unavailable","","","","1.0000000000000002","","","","","","No comparable verified observation collected."
"100858","Auburn University","customers_per_1000","","customers/1,000","unavailable","","","","5","","","","","","No first-party client data supplied."
"100858","Auburn University","lodging_proxy_usd","113","USD/night","available","policy_proxy","FY2027","93.5","2","73.5","gsa","https://www.gsa.gov/system/files/FY2027PerDiemZipCode_Validated090126.xlsx","U.S. General Services Administration","2026-09-29","Equal-month average FY2027 federal lodging allowance at institutional ZIP 36849. Administrative benchmark, not a commercial hotel quote; no taxes or event surge."
"100858","Auburn University","labor_hourly_usd","","USD/hour","unavailable","","","","1","","","","","","Requires a comparable staffing role and dated local rate."
"100858","Auburn University","venue_day_usd","","USD/day","unavailable","","","","1","","","","","","Requires a dated venue rate for comparable event specifications."
"100858","Auburn University","permit_days","","days","unavailable","","","","0.5","","","","","","Requires an event type and verified campus approval lead time."
"100858","Auburn University","travel_quote_usd","","USD/trip","unavailable","","","","0.5","","","","","","Requires origin, dates, mode and party size for a comparable quote."
"100858","Auburn University","meals_proxy_usd","68","USD/day","available","policy_proxy","FY2027","64","0","73.5","gsa","https://www.gsa.gov/system/files/FY2027PerDiemZipCode_Validated090126.xlsx","U.S. General Services Administration","2026-09-29","FY2027 meals/incidental allowance. Not local labor or event budget."
"100858","Auburn University","airport_km","52.241241634757706","km","available","geographic_proxy","","65.1725055768282","3","54.000000000000014","HD2024; airports","https://nces.ed.gov/ipeds/datacenter/data/hd2024.zip; https://davidmegginson.github.io/ourairports-data/airports.csv","NCES / U.S. Department of Education; OurAirports","2026-09-29; 2026-09-29","Haversine great-circle distance to nearest US large/medium airport with scheduled_service=yes. Not drive time, route frequency, or fare."
"100858","Auburn University","metro_presence","1","indicator","available","geographic_proxy","2024","100","1","70.56","HD2024","https://nces.ed.gov/ipeds/datacenter/data/hd2024.zip","NCES / U.S. Department of Education","2026-09-29","IPEDS metropolitan CBSA membership; not metro population or downtown distance."
"100858","Auburn University","nearby_campuses","0","campuses","available","geographic_proxy","2024","0","1","70.56","HD2024","https://nces.ed.gov/ipeds/datacenter/data/hd2024.zip","NCES / U.S. Department of Education","2026-09-29","Count within 200 km great-circle of fixed geography-reference.json; not road routing or shared-customer overlap."
"100858","Auburn University","cac_usd","","USD/customer","unavailable","","","","1.75","","","","","","No first-party client data supplied."
"100858","Auburn University","conversion_pct","","percent","unavailable","","","","1.25","","","","","","No first-party client data supplied."
"100858","Auburn University","roi_pct","","percent","unavailable","","","","1.25","","","","","","No first-party client data supplied."
"100858","Auburn University","engagement_pct","","percent","unavailable","","","","0.75","","","","","","No first-party client data supplied."
"100858","Auburn University","samples","","samples","unavailable","","","","0","","","","","","No first-party client data supplied."
"100858","Auburn University","leads","","leads","unavailable","","","","0","","","","","","No first-party client data supplied."
"100858","Auburn University","revenue_usd","","USD","unavailable","","","","0","","","","","","No first-party client data supplied."
"100858","Auburn University","ambassador_conversions","","customers","unavailable","","","","0","","","","","","No first-party client data supplied."
"100858","Auburn University","event_attendance","","people","unavailable","","","","0","","","","","","No first-party client data supplied."
"228875","Texas Christian University","undergraduates","10937","students","available","reported","2023","33.99076331701684","6","68.6","EF2023A","https://nces.ed.gov/ipeds/datacenter/data/ef2023a.zip","NCES / U.S. Department of Education","2026-09-29","EFALEVEL=2; EFTOTLT. Full-time plus part-time undergraduates."
"228875","Texas Christian University","non_distance_undergraduates","10937","students","available","derived_difference","2023","33.99076331701684","10","68.6","EF2023A_DIST","https://nces.ed.gov/ipeds/datacenter/data/ef2023a_dist.zip","NCES / U.S. Department of Education","2026-09-29","EFDELEV=2; EFDETOT minus EFDEEXC. At least some non-distance courses; not residence-hall occupancy."
"228875","Texas Christian University","on_campus_residents","","students","unavailable","","","","4","","","","","","No verified undergraduate resident count collected; bed capacity and projected move-ins are not occupancy."
"228875","Texas Christian University","age_18_24_pct","96.83642680808265","percent","available","derived_ratio","2023","96.83642680808265","10","68.6","EF2023B","https://nces.ed.gov/ipeds/datacenter/data/ef2023b.zip","NCES / U.S. Department of Education","2026-09-29","Sum EFBAGE 4,5,6 / EFBAGE 1; LSTUDY=2. Unknown ages remain in denominator."
"228875","Texas Christian University","women_pct","61.99140532138612","percent","available","derived_ratio","2023","76.01718935722776","0","68.6","EF2023A","https://nces.ed.gov/ipeds/datacenter/data/ef2023a.zip","NCES / U.S. Department of Education","2026-09-29","100 * EFTOTLW / EFTOTLT. IPEDS reported sex classification; not gender identity."
"228875","Texas Christian University","out_of_state_freshmen_pct","52.21061093247589","percent","available","derived_ratio","2023","95.57877813504822","0","68.6","EF2023C","https://nces.ed.gov/ipeds/datacenter/data/ef2023c.zip","NCES / U.S. Department of Education","2026-09-29","(US-resident first-time entrants minus in-state entrants) / all entrants; international and unknown are not silently counted as out-of-state."
"228875","Texas Christian University","age_18_19_pct","35.978787601718935","percent","available","derived_ratio","2023","35.978787601718935","0","68.6","EF2023B","https://nces.ed.gov/ipeds/datacenter/data/ef2023b.zip","NCES / U.S. Department of Education","2026-09-29","LSTUDY=2; EFBAGE=4; EFAGE09 / all-age EFAGE09."
"228875","Texas Christian University","age_20_21_pct","46.22839901252629","percent","available","derived_ratio","2023","46.22839901252629","0","68.6","EF2023B","https://nces.ed.gov/ipeds/datacenter/data/ef2023b.zip","NCES / U.S. Department of Education","2026-09-29","LSTUDY=2; EFBAGE=5; EFAGE09 / all-age EFAGE09."
"228875","Texas Christian University","age_22_24_pct","14.629240193837433","percent","available","derived_ratio","2023","14.62924019383743","0","68.6","EF2023B","https://nces.ed.gov/ipeds/datacenter/data/ef2023b.zip","NCES / U.S. Department of Education","2026-09-29","LSTUDY=2; EFBAGE=6; EFAGE09 / all-age EFAGE09."
"228875","Texas Christian University","age_25_plus_pct","2.998994239736674","percent","available","derived_ratio","2023","2.9989942397366733","0","68.6","EF2023B","https://nces.ed.gov/ipeds/datacenter/data/ef2023b.zip","NCES / U.S. Department of Education","2026-09-29","LSTUDY=2; EFBAGE=7; EFAGE09 / all-age EFAGE09."
"228875","Texas Christian University","age_unknown_pct","0.009143275121148396","percent","available","derived_ratio","2023","0.009143275121148396","0","68.6","EF2023B","https://nces.ed.gov/ipeds/datacenter/data/ef2023b.zip","NCES / U.S. Department of Education","2026-09-29","LSTUDY=2; EFBAGE=14; EFAGE09 / all-age EFAGE09."
"228875","Texas Christian University","in_state_freshmen_pct","44.21221864951769","percent","available","derived_ratio","2023","44.21221864951769","0","68.6","EF2023C","https://nces.ed.gov/ipeds/datacenter/data/ef2023c.zip","NCES / U.S. Department of Education","2026-09-29","In-state first-time degree-seeking entrants / all first-time entrants. NOT all-undergraduate residency."
"228875","Texas Christian University","international_pct","4.525921184968456","percent","available","derived_ratio","2023","4.525921184968456","0","68.6","EF2023A","https://nces.ed.gov/ipeds/datacenter/data/ef2023a.zip","NCES / U.S. Department of Education","2026-09-29","100 * EFNRALT / EFTOTLT. Descriptive only by default."
"228875","Texas Christian University","hispanic_pct","18.094541464752673","percent","available","derived_ratio","2023","18.094541464752673","0","68.6","EF2023A","https://nces.ed.gov/ipeds/datacenter/data/ef2023a.zip","NCES / U.S. Department of Education","2026-09-29","100 * EFHISPT / EFTOTLT. Descriptive only by default."
"228875","Texas Christian University","black_pct","4.087043979153333","percent","available","derived_ratio","2023","4.087043979153333","0","68.6","EF2023A","https://nces.ed.gov/ipeds/datacenter/data/ef2023a.zip","NCES / U.S. Department of Education","2026-09-29","100 * EFBKAAT / EFTOTLT. Descriptive only by default."
"228875","Texas Christian University","asian_pct","2.4138246319831764","percent","available","derived_ratio","2023","2.4138246319831764","0","68.6","EF2023A","https://nces.ed.gov/ipeds/datacenter/data/ef2023a.zip","NCES / U.S. Department of Education","2026-09-29","100 * EFASIAT / EFTOTLT. Descriptive only by default."
"228875","Texas Christian University","greek_pct","59.69","percent","available","reported","Spring 2026","99.48333333333333","15.000000000000002","76","review-4c6e7f4aa1eb","https://greeks.tcu.edu/wp-content/uploads/2026/08/Averages-and-Comparison-Spring-2026.pdf","Texas Christian University","2026-09-29","Official Spring 2026 FSL grade report, page 2: 5,980 members and 59.69% of total undergraduate population. Includes IGC, IFC, MGC, NPHC, PHC; broader than exclusively social organizations. Dated FSL report preferred to admissions FAQ's conflicting approximate 35%."
"228875","Texas Christian University","greek_chapters","40","organizations","available","lower_bound","","50","7.500000000000001","60.562499999999986","primary-34","https://greeks.tcu.edu/","Texas Christian University","2026-09-29",""
"228875","Texas Christian University","greek_members","5980","students","available","reported","Spring 2026","92.58574375849352","2.5000000000000004","76","review-4c6e7f4aa1eb","https://greeks.tcu.edu/wp-content/uploads/2026/08/Averages-and-Comparison-Spring-2026.pdf","Texas Christian University","2026-09-29","Official Spring 2026 FSL grade report, page 2: 5,980 members and 59.69% of total undergraduate population. Includes IGC, IFC, MGC, NPHC, PHC; broader than exclusively social organizations. Dated FSL report preferred to admissions FAQ's conflicting approximate 35%."
"228875","Texas Christian University","verified_creators_per_1000","","creators/1,000","unavailable","","","","10.5","","","","","","No audited student-creator roster and same-scope denominator collected; program presence is a separate proxy."
"228875","Texas Christian University","creator_program_present","","indicator","unavailable","","","","4.5","","","","","","No comparable verified observation collected."
"228875","Texas Christian University","relevant_awards_pct","42.74225975070366","percent","available","derived_ratio","2023-24","85.48451950140732","7.000000000000001","58.309999999999995","C2024_A","https://nces.ed.gov/ipeds/datacenter/data/c2024_a.zip","NCES / U.S. Department of Education","2026-09-29","Relevant first-major bachelor awards / CIP=99 total bachelor awards. No second-major double counting."
"228875","Texas Christian University","relevant_awards","1063","awards","available","derived_sum","2023-24","81.83009202028535","2.0000000000000004","58.309999999999995","C2024_A","https://nces.ed.gov/ipeds/datacenter/data/c2024_a.zip","NCES / U.S. Department of Education","2026-09-29","AWLEVEL=5; MAJORNUM=1; unique six-digit CIP records in 52.*,09.*,10.*,50.04*,50.06*,19.09*,31.0504. Awards are not current major enrollment."
"228875","Texas Christian University","relevant_clubs","","organizations","unavailable","","","","1.0000000000000002","","","","","","No comparable verified observation collected."
"228875","Texas Christian University","customers_per_1000","","customers/1,000","unavailable","","","","5","","","","","","No first-party client data supplied."
"228875","Texas Christian University","lodging_proxy_usd","192","USD/night","available","policy_proxy","FY2027","54","2","73.5","gsa","https://www.gsa.gov/system/files/FY2027PerDiemZipCode_Validated090126.xlsx","U.S. General Services Administration","2026-09-29","Equal-month average FY2027 federal lodging allowance at institutional ZIP 76129. Administrative benchmark, not a commercial hotel quote; no taxes or event surge."
"228875","Texas Christian University","labor_hourly_usd","","USD/hour","unavailable","","","","1","","","","","","Requires a comparable staffing role and dated local rate."
"228875","Texas Christian University","venue_day_usd","","USD/day","unavailable","","","","1","","","","","","Requires a dated venue rate for comparable event specifications."
"228875","Texas Christian University","permit_days","","days","unavailable","","","","0.5","","","","","","Requires an event type and verified campus approval lead time."
"228875","Texas Christian University","travel_quote_usd","","USD/trip","unavailable","","","","0.5","","","","","","Requires origin, dates, mode and party size for a comparable quote."
"228875","Texas Christian University","meals_proxy_usd","80","USD/day","available","policy_proxy","FY2027","40","0","73.5","gsa","https://www.gsa.gov/system/files/FY2027PerDiemZipCode_Validated090126.xlsx","U.S. General Services Administration","2026-09-29","FY2027 meals/incidental allowance. Not local labor or event budget."
"228875","Texas Christian University","airport_km","12.271349404452229","km","available","geographic_proxy","","91.81910039703185","3","54.000000000000014","HD2024; airports","https://nces.ed.gov/ipeds/datacenter/data/hd2024.zip; https://davidmegginson.github.io/ourairports-data/airports.csv","NCES / U.S. Department of Education; OurAirports","2026-09-29; 2026-09-29","Haversine great-circle distance to nearest US large/medium airport with scheduled_service=yes. Not drive time, route frequency, or fare."
"228875","Texas Christian University","metro_presence","1","indicator","available","geographic_proxy","2024","100","1","70.56","HD2024","https://nces.ed.gov/ipeds/datacenter/data/hd2024.zip","NCES / U.S. Department of Education","2026-09-29","IPEDS metropolitan CBSA membership; not metro population or downtown distance."
"228875","Texas Christian University","nearby_campuses","1","campuses","available","geographic_proxy","2024","20","1","70.56","HD2024","https://nces.ed.gov/ipeds/datacenter/data/hd2024.zip","NCES / U.S. Department of Education","2026-09-29","Count within 200 km great-circle of fixed geography-reference.json; not road routing or shared-customer overlap."
"228875","Texas Christian University","cac_usd","","USD/customer","unavailable","","","","1.75","","","","","","No first-party client data supplied."
"228875","Texas Christian University","conversion_pct","","percent","unavailable","","","","1.25","","","","","","No first-party client data supplied."
"228875","Texas Christian University","roi_pct","","percent","unavailable","","","","1.25","","","","","","No first-party client data supplied."
"228875","Texas Christian University","engagement_pct","","percent","unavailable","","","","0.75","","","","","","No first-party client data supplied."
"228875","Texas Christian University","samples","","samples","unavailable","","","","0","","","","","","No first-party client data supplied."
"228875","Texas Christian University","leads","","leads","unavailable","","","","0","","","","","","No first-party client data supplied."
"228875","Texas Christian University","revenue_usd","","USD","unavailable","","","","0","","","","","","No first-party client data supplied."
"228875","Texas Christian University","ambassador_conversions","","customers","unavailable","","","","0","","","","","","No first-party client data supplied."
"228875","Texas Christian University","event_attendance","","people","unavailable","","","","0","","","","","","No first-party client data supplied."
"223232","Baylor University","undergraduates","15155","students","available","reported","2023","48.15653833288074","6","68.6","EF2023A","https://nces.ed.gov/ipeds/datacenter/data/ef2023a.zip","NCES / U.S. Department of Education","2026-09-29","EFALEVEL=2; EFTOTLT. Full-time plus part-time undergraduates."
"223232","Baylor University","non_distance_undergraduates","14831","students","available","derived_difference","2023","47.2179769905348","10","68.6","EF2023A_DIST","https://nces.ed.gov/ipeds/datacenter/data/ef2023a_dist.zip","NCES / U.S. Department of Education","2026-09-29","EFDELEV=2; EFDETOT minus EFDEEXC. At least some non-distance courses; not residence-hall occupancy."
"223232","Baylor University","on_campus_residents","","students","unavailable","","","","4","","","","","","No verified undergraduate resident count collected; bed capacity and projected move-ins are not occupancy."
"223232","Baylor University","age_18_24_pct","96.17947871989442","percent","available","derived_ratio","2023","96.17947871989442","10","68.6","EF2023B","https://nces.ed.gov/ipeds/datacenter/data/ef2023b.zip","NCES / U.S. Department of Education","2026-09-29","Sum EFBAGE 4,5,6 / EFBAGE 1; LSTUDY=2. Unknown ages remain in denominator."
"223232","Baylor University","women_pct","59.663477400197955","percent","available","derived_ratio","2023","80.67304519960409","0","68.6","EF2023A","https://nces.ed.gov/ipeds/datacenter/data/ef2023a.zip","NCES / U.S. Department of Education","2026-09-29","100 * EFTOTLW / EFTOTLT. IPEDS reported sex classification; not gender identity."
"223232","Baylor University","out_of_state_freshmen_pct","36.961109436237564","percent","available","derived_ratio","2023","73.92221887247513","0","68.6","EF2023C","https://nces.ed.gov/ipeds/datacenter/data/ef2023c.zip","NCES / U.S. Department of Education","2026-09-29","(US-resident first-time entrants minus in-state entrants) / all entrants; international and unknown are not silently counted as out-of-state."
"223232","Baylor University","age_18_19_pct","40.897393599472124","percent","available","derived_ratio","2023","40.897393599472124","0","68.6","EF2023B","https://nces.ed.gov/ipeds/datacenter/data/ef2023b.zip","NCES / U.S. Department of Education","2026-09-29","LSTUDY=2; EFBAGE=4; EFAGE09 / all-age EFAGE09."
"223232","Baylor University","age_20_21_pct","47.06697459584296","percent","available","derived_ratio","2023","47.06697459584296","0","68.6","EF2023B","https://nces.ed.gov/ipeds/datacenter/data/ef2023b.zip","NCES / U.S. Department of Education","2026-09-29","LSTUDY=2; EFBAGE=5; EFAGE09 / all-age EFAGE09."
"223232","Baylor University","age_22_24_pct","8.215110524579346","percent","available","derived_ratio","2023","8.215110524579346","0","68.6","EF2023B","https://nces.ed.gov/ipeds/datacenter/data/ef2023b.zip","NCES / U.S. Department of Education","2026-09-29","LSTUDY=2; EFBAGE=6; EFAGE09 / all-age EFAGE09."
"223232","Baylor University","age_25_plus_pct","2.0653249752556913","percent","available","derived_ratio","2023","2.0653249752556913","0","68.6","EF2023B","https://nces.ed.gov/ipeds/datacenter/data/ef2023b.zip","NCES / U.S. Department of Education","2026-09-29","LSTUDY=2; EFBAGE=7; EFAGE09 / all-age EFAGE09."
"223232","Baylor University","age_unknown_pct","","percent","unavailable","","","","0","","","","","","LSTUDY=2; EFBAGE=14; EFAGE09 / all-age EFAGE09. Missing, suppressed, imputed or not reported."
"223232","Baylor University","in_state_freshmen_pct","60.23515224600543","percent","available","derived_ratio","2023","60.23515224600543","0","68.6","EF2023C","https://nces.ed.gov/ipeds/datacenter/data/ef2023c.zip","NCES / U.S. Department of Education","2026-09-29","In-state first-time degree-seeking entrants / all first-time entrants. NOT all-undergraduate residency."
"223232","Baylor University","international_pct","3.1474760805014848","percent","available","derived_ratio","2023","3.1474760805014848","0","68.6","EF2023A","https://nces.ed.gov/ipeds/datacenter/data/ef2023a.zip","NCES / U.S. Department of Education","2026-09-29","100 * EFNRALT / EFTOTLT. Descriptive only by default."
"223232","Baylor University","hispanic_pct","16.364236225668098","percent","available","derived_ratio","2023","16.364236225668098","0","68.6","EF2023A","https://nces.ed.gov/ipeds/datacenter/data/ef2023a.zip","NCES / U.S. Department of Education","2026-09-29","100 * EFHISPT / EFTOTLT. Descriptive only by default."
"223232","Baylor University","black_pct","5.008248102936324","percent","available","derived_ratio","2023","5.008248102936324","0","68.6","EF2023A","https://nces.ed.gov/ipeds/datacenter/data/ef2023a.zip","NCES / U.S. Department of Education","2026-09-29","100 * EFBKAAT / EFTOTLT. Descriptive only by default."
"223232","Baylor University","asian_pct","8.677004289013526","percent","available","derived_ratio","2023","8.677004289013526","0","68.6","EF2023A","https://nces.ed.gov/ipeds/datacenter/data/ef2023a.zip","NCES / U.S. Department of Education","2026-09-29","100 * EFASIAT / EFTOTLT. Descriptive only by default."
"223232","Baylor University","greek_pct","28","percent","available","reported_approximate","2025","46.666666666666664","15.000000000000002","72.675","review-b0b0274e893b","https://magazine.web.baylor.edu/news/story/2025/lasting-impact","Baylor University","2026-09-29","Baylor Magazine, December 9, 2025, reports about 28% undergraduate participation. Dated university publication preferred to undated learning-outcomes page describing almost 30%."
"223232","Baylor University","greek_chapters","36","organizations","available","reported","","45","7.500000000000001","71.24999999999999","primary-35","https://fsl.web.baylor.edu/meet-community","Baylor University","2026-09-29","Active-chapter directory used over general taxonomy page that says over 40."
"223232","Baylor University","greek_members","","students","unavailable","","","","2.5000000000000004","","","","","","No comparable verified observation collected."
"223232","Baylor University","verified_creators_per_1000","","creators/1,000","unavailable","","","","10.5","","","","","","No audited student-creator roster and same-scope denominator collected; program presence is a separate proxy."
"223232","Baylor University","creator_program_present","1","indicator","available","documented_program","","100","4.5","42.74999999999999","review-8fa950184759","https://studentmedia.artsandsciences.baylor.edu/","Baylor University","2026-09-29","Department of Student Media explicitly provides student work in digital media, social media, broadcasting, design, photography and marketing. Presence only; does not establish creator reach or availability."
"223232","Baylor University","relevant_awards_pct","34.889368591473286","percent","available","derived_ratio","2023-24","69.77873718294657","7.000000000000001","58.309999999999995","C2024_A","https://nces.ed.gov/ipeds/datacenter/data/c2024_a.zip","NCES / U.S. Department of Education","2026-09-29","Relevant first-major bachelor awards / CIP=99 total bachelor awards. No second-major double counting."
"223232","Baylor University","relevant_awards","1293","awards","available","derived_sum","2023-24","84.12777631430103","2.0000000000000004","58.309999999999995","C2024_A","https://nces.ed.gov/ipeds/datacenter/data/c2024_a.zip","NCES / U.S. Department of Education","2026-09-29","AWLEVEL=5; MAJORNUM=1; unique six-digit CIP records in 52.*,09.*,10.*,50.04*,50.06*,19.09*,31.0504. Awards are not current major enrollment."
"223232","Baylor University","relevant_clubs","","organizations","unavailable","","","","1.0000000000000002","","","","","","No comparable verified observation collected."
"223232","Baylor University","customers_per_1000","","customers/1,000","unavailable","","","","5","","","","","","No first-party client data supplied."
"223232","Baylor University","lodging_proxy_usd","113","USD/night","available","policy_proxy","FY2027","93.5","2","73.5","gsa","https://www.gsa.gov/system/files/FY2027PerDiemZipCode_Validated090126.xlsx","U.S. General Services Administration","2026-09-29","Equal-month average FY2027 federal lodging allowance at institutional ZIP 76798. Administrative benchmark, not a commercial hotel quote; no taxes or event surge."
"223232","Baylor University","labor_hourly_usd","","USD/hour","unavailable","","","","1","","","","","","Requires a comparable staffing role and dated local rate."
"223232","Baylor University","venue_day_usd","","USD/day","unavailable","","","","1","","","","","","Requires a dated venue rate for comparable event specifications."
"223232","Baylor University","permit_days","","days","unavailable","","","","0.5","","","","","","Requires an event type and verified campus approval lead time."
"223232","Baylor University","travel_quote_usd","","USD/trip","unavailable","","","","0.5","","","","","","Requires origin, dates, mode and party size for a comparable quote."
"223232","Baylor University","meals_proxy_usd","68","USD/day","available","policy_proxy","FY2027","64","0","73.5","gsa","https://www.gsa.gov/system/files/FY2027PerDiemZipCode_Validated090126.xlsx","U.S. General Services Administration","2026-09-29","FY2027 meals/incidental allowance. Not local labor or event budget."
"223232","Baylor University","airport_km","12.603052824838151","km","available","geographic_proxy","","91.59796478344123","3","54.000000000000014","HD2024; airports","https://nces.ed.gov/ipeds/datacenter/data/hd2024.zip; https://davidmegginson.github.io/ourairports-data/airports.csv","NCES / U.S. Department of Education; OurAirports","2026-09-29; 2026-09-29","Haversine great-circle distance to nearest US large/medium airport with scheduled_service=yes. Not drive time, route frequency, or fare."
"223232","Baylor University","metro_presence","1","indicator","available","geographic_proxy","2024","100","1","70.56","HD2024","https://nces.ed.gov/ipeds/datacenter/data/hd2024.zip","NCES / U.S. Department of Education","2026-09-29","IPEDS metropolitan CBSA membership; not metro population or downtown distance."
"223232","Baylor University","nearby_campuses","2","campuses","available","geographic_proxy","2024","40","1","70.56","HD2024","https://nces.ed.gov/ipeds/datacenter/data/hd2024.zip","NCES / U.S. Department of Education","2026-09-29","Count within 200 km great-circle of fixed geography-reference.json; not road routing or shared-customer overlap."
"223232","Baylor University","cac_usd","","USD/customer","unavailable","","","","1.75","","","","","","No first-party client data supplied."
"223232","Baylor University","conversion_pct","","percent","unavailable","","","","1.25","","","","","","No first-party client data supplied."
"223232","Baylor University","roi_pct","","percent","unavailable","","","","1.25","","","","","","No first-party client data supplied."
"223232","Baylor University","engagement_pct","","percent","unavailable","","","","0.75","","","","","","No first-party client data supplied."
"223232","Baylor University","samples","","samples","unavailable","","","","0","","","","","","No first-party client data supplied."
"223232","Baylor University","leads","","leads","unavailable","","","","0","","","","","","No first-party client data supplied."
"223232","Baylor University","revenue_usd","","USD","unavailable","","","","0","","","","","","No first-party client data supplied."
"223232","Baylor University","ambassador_conversions","","customers","unavailable","","","","0","","","","","","No first-party client data supplied."
"223232","Baylor University","event_attendance","","people","unavailable","","","","0","","","","","","No first-party client data supplied."
"221759","The University of Tennessee-Knoxville","undergraduates","28883","students","available","reported","2023","76.16600164799343","6","68.6","EF2023A","https://nces.ed.gov/ipeds/datacenter/data/ef2023a.zip","NCES / U.S. Department of Education","2026-09-29","EFALEVEL=2; EFTOTLT. Full-time plus part-time undergraduates."
"221759","The University of Tennessee-Knoxville","non_distance_undergraduates","28403","students","available","derived_difference","2023","75.43816152220546","10","68.6","EF2023A_DIST","https://nces.ed.gov/ipeds/datacenter/data/ef2023a_dist.zip","NCES / U.S. Department of Education","2026-09-29","EFDELEV=2; EFDETOT minus EFDEEXC. At least some non-distance courses; not residence-hall occupancy."
"221759","The University of Tennessee-Knoxville","on_campus_residents","","students","unavailable","","","","4","","","","","","No verified undergraduate resident count collected; bed capacity and projected move-ins are not occupancy."
"221759","The University of Tennessee-Knoxville","age_18_24_pct","58.9550946923796","percent","available","derived_ratio","2023","58.95509469237961","10","68.6","EF2023B","https://nces.ed.gov/ipeds/datacenter/data/ef2023b.zip","NCES / U.S. Department of Education","2026-09-29","Sum EFBAGE 4,5,6 / EFBAGE 1; LSTUDY=2. Unknown ages remain in denominator."
"221759","The University of Tennessee-Knoxville","women_pct","54.360696603538415","percent","available","derived_ratio","2023","91.27860679292317","0","68.6","EF2023A","https://nces.ed.gov/ipeds/datacenter/data/ef2023a.zip","NCES / U.S. Department of Education","2026-09-29","100 * EFTOTLW / EFTOTLT. IPEDS reported sex classification; not gender identity."
"221759","The University of Tennessee-Knoxville","out_of_state_freshmen_pct","41.425156856886765","percent","available","derived_ratio","2023","82.85031371377353","0","68.6","EF2023C","https://nces.ed.gov/ipeds/datacenter/data/ef2023c.zip","NCES / U.S. Department of Education","2026-09-29","(US-resident first-time entrants minus in-state entrants) / all entrants; international and unknown are not silently counted as out-of-state."
"221759","The University of Tennessee-Knoxville","age_18_19_pct","41.97624900460478","percent","available","derived_ratio","2023","41.97624900460478","0","68.6","EF2023B","https://nces.ed.gov/ipeds/datacenter/data/ef2023b.zip","NCES / U.S. Department of Education","2026-09-29","LSTUDY=2; EFBAGE=4; EFAGE09 / all-age EFAGE09."
"221759","The University of Tennessee-Knoxville","age_20_21_pct","14.47564311186511","percent","available","derived_ratio","2023","14.47564311186511","0","68.6","EF2023B","https://nces.ed.gov/ipeds/datacenter/data/ef2023b.zip","NCES / U.S. Department of Education","2026-09-29","LSTUDY=2; EFBAGE=5; EFAGE09 / all-age EFAGE09."
"221759","The University of Tennessee-Knoxville","age_22_24_pct","2.5032025759097047","percent","available","derived_ratio","2023","2.5032025759097047","0","68.6","EF2023B","https://nces.ed.gov/ipeds/datacenter/data/ef2023b.zip","NCES / U.S. Department of Education","2026-09-29","LSTUDY=2; EFBAGE=6; EFAGE09 / all-age EFAGE09."
"221759","The University of Tennessee-Knoxville","age_25_plus_pct","2.9983035003289134","percent","available","derived_ratio","2023","2.9983035003289134","0","68.6","EF2023B","https://nces.ed.gov/ipeds/datacenter/data/ef2023b.zip","NCES / U.S. Department of Education","2026-09-29","LSTUDY=2; EFBAGE=7; EFAGE09 / all-age EFAGE09."
"221759","The University of Tennessee-Knoxville","age_unknown_pct","","percent","unavailable","","","","0","","","","","","LSTUDY=2; EFBAGE=14; EFAGE09 / all-age EFAGE09. Missing, suppressed, imputed or not reported."
"221759","The University of Tennessee-Knoxville","in_state_freshmen_pct","57.648640573648045","percent","available","derived_ratio","2023","57.648640573648045","0","68.6","EF2023C","https://nces.ed.gov/ipeds/datacenter/data/ef2023c.zip","NCES / U.S. Department of Education","2026-09-29","In-state first-time degree-seeking entrants / all first-time entrants. NOT all-undergraduate residency."
"221759","The University of Tennessee-Knoxville","international_pct","0.8967212547173078","percent","available","derived_ratio","2023","0.8967212547173078","0","68.6","EF2023A","https://nces.ed.gov/ipeds/datacenter/data/ef2023a.zip","NCES / U.S. Department of Education","2026-09-29","100 * EFNRALT / EFTOTLT. Descriptive only by default."
"221759","The University of Tennessee-Knoxville","hispanic_pct","5.996607000657827","percent","available","derived_ratio","2023","5.996607000657827","0","68.6","EF2023A","https://nces.ed.gov/ipeds/datacenter/data/ef2023a.zip","NCES / U.S. Department of Education","2026-09-29","100 * EFHISPT / EFTOTLT. Descriptive only by default."
"221759","The University of Tennessee-Knoxville","black_pct","3.787695184018281","percent","available","derived_ratio","2023","3.787695184018281","0","68.6","EF2023A","https://nces.ed.gov/ipeds/datacenter/data/ef2023a.zip","NCES / U.S. Department of Education","2026-09-29","100 * EFBKAAT / EFTOTLT. Descriptive only by default."
"221759","The University of Tennessee-Knoxville","asian_pct","3.614582972682893","percent","available","derived_ratio","2023","3.614582972682893","0","68.6","EF2023A","https://nces.ed.gov/ipeds/datacenter/data/ef2023a.zip","NCES / U.S. Department of Education","2026-09-29","100 * EFASIAT / EFTOTLT. Descriptive only by default."
"221759","The University of Tennessee-Knoxville","greek_pct","29","percent","available","reported_rounded","","48.333333333333336","15.000000000000002","60.562499999999986","review-bea28af363a6","https://studentlife.utk.edu/gogreek/community-statistics/","The University of Tennessee-Knoxville","2026-09-29","FSL statistics page reports 29% undergraduate participation and 49 active chapters. Overview period unspecified; historical accreditation detail on page is not assigned to these counts."
"221759","The University of Tennessee-Knoxville","greek_chapters","49","organizations","available","reported","","61.25","7.500000000000001","71.24999999999999","review-bea28af363a6","https://studentlife.utk.edu/gogreek/community-statistics/","The University of Tennessee-Knoxville","2026-09-29","FSL statistics page reports 29% undergraduate participation and 49 active chapters. Overview period unspecified; historical accreditation detail on page is not assigned to these counts."
"221759","The University of Tennessee-Knoxville","greek_members","","students","unavailable","","","","2.5000000000000004","","","","","","No comparable verified observation collected."
"221759","The University of Tennessee-Knoxville","verified_creators_per_1000","","creators/1,000","unavailable","","","","10.5","","","","","","No audited student-creator roster and same-scope denominator collected; program presence is a separate proxy."
"221759","The University of Tennessee-Knoxville","creator_program_present","","indicator","unavailable","","","","4.5","","","","","","No comparable verified observation collected."
"221759","The University of Tennessee-Knoxville","relevant_awards_pct","38.16137566137566","percent","available","derived_ratio","2023-24","76.32275132275132","7.000000000000001","58.309999999999995","C2024_A","https://nces.ed.gov/ipeds/datacenter/data/c2024_a.zip","NCES / U.S. Department of Education","2026-09-29","Relevant first-major bachelor awards / CIP=99 total bachelor awards. No second-major double counting."
"221759","The University of Tennessee-Knoxville","relevant_awards","2308","awards","available","derived_sum","2023-24","90.92652708979425","2.0000000000000004","58.309999999999995","C2024_A","https://nces.ed.gov/ipeds/datacenter/data/c2024_a.zip","NCES / U.S. Department of Education","2026-09-29","AWLEVEL=5; MAJORNUM=1; unique six-digit CIP records in 52.*,09.*,10.*,50.04*,50.06*,19.09*,31.0504. Awards are not current major enrollment."
"221759","The University of Tennessee-Knoxville","relevant_clubs","","organizations","unavailable","","","","1.0000000000000002","","","","","","No comparable verified observation collected."
"221759","The University of Tennessee-Knoxville","customers_per_1000","","customers/1,000","unavailable","","","","5","","","","","","No first-party client data supplied."
"221759","The University of Tennessee-Knoxville","lodging_proxy_usd","129","USD/night","available","policy_proxy","FY2027","85.5","2","73.5","gsa","https://www.gsa.gov/system/files/FY2027PerDiemZipCode_Validated090126.xlsx","U.S. General Services Administration","2026-09-29","Equal-month average FY2027 federal lodging allowance at institutional ZIP 37996. Administrative benchmark, not a commercial hotel quote; no taxes or event surge."
"221759","The University of Tennessee-Knoxville","labor_hourly_usd","","USD/hour","unavailable","","","","1","","","","","","Requires a comparable staffing role and dated local rate."
"221759","The University of Tennessee-Knoxville","venue_day_usd","","USD/day","unavailable","","","","1","","","","","","Requires a dated venue rate for comparable event specifications."
"221759","The University of Tennessee-Knoxville","permit_days","","days","unavailable","","","","0.5","","","","","","Requires an event type and verified campus approval lead time."
"221759","The University of Tennessee-Knoxville","travel_quote_usd","","USD/trip","unavailable","","","","0.5","","","","","","Requires origin, dates, mode and party size for a comparable quote."
"221759","The University of Tennessee-Knoxville","meals_proxy_usd","74","USD/day","available","policy_proxy","FY2027","52","0","73.5","gsa","https://www.gsa.gov/system/files/FY2027PerDiemZipCode_Validated090126.xlsx","U.S. General Services Administration","2026-09-29","FY2027 meals/incidental allowance. Not local labor or event budget."
"221759","The University of Tennessee-Knoxville","airport_km","16.846283692726978","km","available","geographic_proxy","","88.76914420484869","3","54.000000000000014","HD2024; airports","https://nces.ed.gov/ipeds/datacenter/data/hd2024.zip; https://davidmegginson.github.io/ourairports-data/airports.csv","NCES / U.S. Department of Education; OurAirports","2026-09-29; 2026-09-29","Haversine great-circle distance to nearest US large/medium airport with scheduled_service=yes. Not drive time, route frequency, or fare."
"221759","The University of Tennessee-Knoxville","metro_presence","1","indicator","available","geographic_proxy","2024","100","1","70.56","HD2024","https://nces.ed.gov/ipeds/datacenter/data/hd2024.zip","NCES / U.S. Department of Education","2026-09-29","IPEDS metropolitan CBSA membership; not metro population or downtown distance."
"221759","The University of Tennessee-Knoxville","nearby_campuses","1","campuses","available","geographic_proxy","2024","20","1","70.56","HD2024","https://nces.ed.gov/ipeds/datacenter/data/hd2024.zip","NCES / U.S. Department of Education","2026-09-29","Count within 200 km great-circle of fixed geography-reference.json; not road routing or shared-customer overlap."
"221759","The University of Tennessee-Knoxville","cac_usd","","USD/customer","unavailable","","","","1.75","","","","","","No first-party client data supplied."
"221759","The University of Tennessee-Knoxville","conversion_pct","","percent","unavailable","","","","1.25","","","","","","No first-party client data supplied."
"221759","The University of Tennessee-Knoxville","roi_pct","","percent","unavailable","","","","1.25","","","","","","No first-party client data supplied."
"221759","The University of Tennessee-Knoxville","engagement_pct","","percent","unavailable","","","","0.75","","","","","","No first-party client data supplied."
"221759","The University of Tennessee-Knoxville","samples","","samples","unavailable","","","","0","","","","","","No first-party client data supplied."
"221759","The University of Tennessee-Knoxville","leads","","leads","unavailable","","","","0","","","","","","No first-party client data supplied."
"221759","The University of Tennessee-Knoxville","revenue_usd","","USD","unavailable","","","","0","","","","","","No first-party client data supplied."
"221759","The University of Tennessee-Knoxville","ambassador_conversions","","customers","unavailable","","","","0","","","","","","No first-party client data supplied."
"221759","The University of Tennessee-Knoxville","event_attendance","","people","unavailable","","","","0","","","","","","No first-party client data supplied."
"130253","Sacred Heart University","undergraduates","6960","students","available","reported","2023","14.362600565495095","6","68.6","EF2023A","https://nces.ed.gov/ipeds/datacenter/data/ef2023a.zip","NCES / U.S. Department of Education","2026-09-29","EFALEVEL=2; EFTOTLT. Full-time plus part-time undergraduates."
"130253","Sacred Heart University","non_distance_undergraduates","6788","students","available","derived_difference","2023","13.275933118136672","10","68.6","EF2023A_DIST","https://nces.ed.gov/ipeds/datacenter/data/ef2023a_dist.zip","NCES / U.S. Department of Education","2026-09-29","EFDELEV=2; EFDETOT minus EFDEEXC. At least some non-distance courses; not residence-hall occupancy."
"130253","Sacred Heart University","on_campus_residents","","students","unavailable","","","","4","","","","","","No verified undergraduate resident count collected; bed capacity and projected move-ins are not occupancy."
"130253","Sacred Heart University","age_18_24_pct","95.76149425287356","percent","available","derived_ratio","2023","95.76149425287356","10","68.6","EF2023B","https://nces.ed.gov/ipeds/datacenter/data/ef2023b.zip","NCES / U.S. Department of Education","2026-09-29","Sum EFBAGE 4,5,6 / EFBAGE 1; LSTUDY=2. Unknown ages remain in denominator."
"130253","Sacred Heart University","women_pct","64.35344827586206","percent","available","derived_ratio","2023","71.29310344827587","0","68.6","EF2023A","https://nces.ed.gov/ipeds/datacenter/data/ef2023a.zip","NCES / U.S. Department of Education","2026-09-29","100 * EFTOTLW / EFTOTLT. IPEDS reported sex classification; not gender identity."
"130253","Sacred Heart University","out_of_state_freshmen_pct","77.27034120734908","percent","available","derived_ratio","2023","45.459317585301854","0","68.6","EF2023C","https://nces.ed.gov/ipeds/datacenter/data/ef2023c.zip","NCES / U.S. Department of Education","2026-09-29","(US-resident first-time entrants minus in-state entrants) / all entrants; international and unknown are not silently counted as out-of-state."
"130253","Sacred Heart University","age_18_19_pct","45.87643678160919","percent","available","derived_ratio","2023","45.87643678160919","0","68.6","EF2023B","https://nces.ed.gov/ipeds/datacenter/data/ef2023b.zip","NCES / U.S. Department of Education","2026-09-29","LSTUDY=2; EFBAGE=4; EFAGE09 / all-age EFAGE09."
"130253","Sacred Heart University","age_20_21_pct","42.44252873563219","percent","available","derived_ratio","2023","42.44252873563219","0","68.6","EF2023B","https://nces.ed.gov/ipeds/datacenter/data/ef2023b.zip","NCES / U.S. Department of Education","2026-09-29","LSTUDY=2; EFBAGE=5; EFAGE09 / all-age EFAGE09."
"130253","Sacred Heart University","age_22_24_pct","7.442528735632184","percent","available","derived_ratio","2023","7.442528735632184","0","68.6","EF2023B","https://nces.ed.gov/ipeds/datacenter/data/ef2023b.zip","NCES / U.S. Department of Education","2026-09-29","LSTUDY=2; EFBAGE=6; EFAGE09 / all-age EFAGE09."
"130253","Sacred Heart University","age_25_plus_pct","3.764367816091954","percent","available","derived_ratio","2023","3.764367816091954","0","68.6","EF2023B","https://nces.ed.gov/ipeds/datacenter/data/ef2023b.zip","NCES / U.S. Department of Education","2026-09-29","LSTUDY=2; EFBAGE=7; EFAGE09 / all-age EFAGE09."
"130253","Sacred Heart University","age_unknown_pct","0.04310344827586207","percent","available","derived_ratio","2023","0.04310344827586207","0","68.6","EF2023B","https://nces.ed.gov/ipeds/datacenter/data/ef2023b.zip","NCES / U.S. Department of Education","2026-09-29","LSTUDY=2; EFBAGE=14; EFAGE09 / all-age EFAGE09."
"130253","Sacred Heart University","in_state_freshmen_pct","21.67979002624672","percent","available","derived_ratio","2023","21.67979002624672","0","68.6","EF2023C","https://nces.ed.gov/ipeds/datacenter/data/ef2023c.zip","NCES / U.S. Department of Education","2026-09-29","In-state first-time degree-seeking entrants / all first-time entrants. NOT all-undergraduate residency."
"130253","Sacred Heart University","international_pct","1.0775862068965518","percent","available","derived_ratio","2023","1.0775862068965518","0","68.6","EF2023A","https://nces.ed.gov/ipeds/datacenter/data/ef2023a.zip","NCES / U.S. Department of Education","2026-09-29","100 * EFNRALT / EFTOTLT. Descriptive only by default."
"130253","Sacred Heart University","hispanic_pct","12.931034482758621","percent","available","derived_ratio","2023","12.931034482758621","0","68.6","EF2023A","https://nces.ed.gov/ipeds/datacenter/data/ef2023a.zip","NCES / U.S. Department of Education","2026-09-29","100 * EFHISPT / EFTOTLT. Descriptive only by default."
"130253","Sacred Heart University","black_pct","3.4482758620689653","percent","available","derived_ratio","2023","3.4482758620689653","0","68.6","EF2023A","https://nces.ed.gov/ipeds/datacenter/data/ef2023a.zip","NCES / U.S. Department of Education","2026-09-29","100 * EFBKAAT / EFTOTLT. Descriptive only by default."
"130253","Sacred Heart University","asian_pct","1.6954022988505748","percent","available","derived_ratio","2023","1.6954022988505748","0","68.6","EF2023A","https://nces.ed.gov/ipeds/datacenter/data/ef2023a.zip","NCES / U.S. Department of Education","2026-09-29","100 * EFASIAT / EFTOTLT. Descriptive only by default."
"130253","Sacred Heart University","greek_pct","","percent","unavailable","","","","15.000000000000002","","","","","","No comparable verified observation collected."
"130253","Sacred Heart University","greek_chapters","17","organizations","available","derived_sum","","21.25","7.500000000000001","71.24999999999999","primary-36","https://www.sacredheart.edu/sacred-heart-life/student-events--activities/fraternity--sorority-life/","Sacred Heart University","2026-09-29","10 sororities + 7 fraternities; approximate members 1,600 + 700."
"130253","Sacred Heart University","greek_members","2300","students","available","reported_approximate","","82.41572486937939","2.5000000000000004","60.562499999999986","primary-36","https://www.sacredheart.edu/sacred-heart-life/student-events--activities/fraternity--sorority-life/","Sacred Heart University","2026-09-29","10 sororities + 7 fraternities; approximate members 1,600 + 700."
"130253","Sacred Heart University","verified_creators_per_1000","","creators/1,000","unavailable","","","","10.5","","","","","","No audited student-creator roster and same-scope denominator collected; program presence is a separate proxy."
"130253","Sacred Heart University","creator_program_present","","indicator","unavailable","","","","4.5","","","","","","No comparable verified observation collected."
"130253","Sacred Heart University","relevant_awards_pct","34.99317871759891","percent","available","derived_ratio","2023-24","69.98635743519782","7.000000000000001","58.309999999999995","C2024_A","https://nces.ed.gov/ipeds/datacenter/data/c2024_a.zip","NCES / U.S. Department of Education","2026-09-29","Relevant first-major bachelor awards / CIP=99 total bachelor awards. No second-major double counting."
"130253","Sacred Heart University","relevant_awards","513","awards","available","derived_sum","2023-24","73.28795489213374","2.0000000000000004","58.309999999999995","C2024_A","https://nces.ed.gov/ipeds/datacenter/data/c2024_a.zip","NCES / U.S. Department of Education","2026-09-29","AWLEVEL=5; MAJORNUM=1; unique six-digit CIP records in 52.*,09.*,10.*,50.04*,50.06*,19.09*,31.0504. Awards are not current major enrollment."
"130253","Sacred Heart University","relevant_clubs","12","organizations","available","audited_subset","2024-25","40","1.0000000000000002","64.60000000000001","primary-45","https://sacredheart.smartcatalogiq.com/en/2024-2025/2024-2025-undergraduate-catalog/university-life/student-clubs-and-organizations/","Sacred Heart University","2026-09-29","Audited relevant subset: Fashion Club, Marketing Club, SHU Host, SHU Innovate, Women in Business Network, Film Club, Her Campus, Sports Media Club, Spectrum, The Pulse, WHRT, PRSSA. Presence in catalog does not confirm current activity."
"130253","Sacred Heart University","customers_per_1000","","customers/1,000","unavailable","","","","5","","","","","","No first-party client data supplied."
"130253","Sacred Heart University","lodging_proxy_usd","156","USD/night","available","policy_proxy","FY2027","72","2","73.5","gsa","https://www.gsa.gov/system/files/FY2027PerDiemZipCode_Validated090126.xlsx","U.S. General Services Administration","2026-09-29","Equal-month average FY2027 federal lodging allowance at institutional ZIP 06825. Administrative benchmark, not a commercial hotel quote; no taxes or event surge."
"130253","Sacred Heart University","labor_hourly_usd","","USD/hour","unavailable","","","","1","","","","","","Requires a comparable staffing role and dated local rate."
"130253","Sacred Heart University","venue_day_usd","","USD/day","unavailable","","","","1","","","","","","Requires a dated venue rate for comparable event specifications."
"130253","Sacred Heart University","permit_days","","days","unavailable","","","","0.5","","","","","","Requires an event type and verified campus approval lead time."
"130253","Sacred Heart University","travel_quote_usd","","USD/trip","unavailable","","","","0.5","","","","","","Requires origin, dates, mode and party size for a comparable quote."
"130253","Sacred Heart University","meals_proxy_usd","86","USD/day","available","policy_proxy","FY2027","28","0","73.5","gsa","https://www.gsa.gov/system/files/FY2027PerDiemZipCode_Validated090126.xlsx","U.S. General Services Administration","2026-09-29","FY2027 meals/incidental allowance. Not local labor or event budget."
"130253","Sacred Heart University","airport_km","30.099423280246533","km","available","geographic_proxy","","79.93371781316898","3","54.000000000000014","HD2024; airports","https://nces.ed.gov/ipeds/datacenter/data/hd2024.zip; https://davidmegginson.github.io/ourairports-data/airports.csv","NCES / U.S. Department of Education; OurAirports","2026-09-29; 2026-09-29","Haversine great-circle distance to nearest US large/medium airport with scheduled_service=yes. Not drive time, route frequency, or fare."
"130253","Sacred Heart University","metro_presence","1","indicator","available","geographic_proxy","2024","100","1","70.56","HD2024","https://nces.ed.gov/ipeds/datacenter/data/hd2024.zip","NCES / U.S. Department of Education","2026-09-29","IPEDS metropolitan CBSA membership; not metro population or downtown distance."
"130253","Sacred Heart University","nearby_campuses","1","campuses","available","geographic_proxy","2024","20","1","70.56","HD2024","https://nces.ed.gov/ipeds/datacenter/data/hd2024.zip","NCES / U.S. Department of Education","2026-09-29","Count within 200 km great-circle of fixed geography-reference.json; not road routing or shared-customer overlap."
"130253","Sacred Heart University","cac_usd","","USD/customer","unavailable","","","","1.75","","","","","","No first-party client data supplied."
"130253","Sacred Heart University","conversion_pct","","percent","unavailable","","","","1.25","","","","","","No first-party client data supplied."
"130253","Sacred Heart University","roi_pct","","percent","unavailable","","","","1.25","","","","","","No first-party client data supplied."
"130253","Sacred Heart University","engagement_pct","","percent","unavailable","","","","0.75","","","","","","No first-party client data supplied."
"130253","Sacred Heart University","samples","","samples","unavailable","","","","0","","","","","","No first-party client data supplied."
"130253","Sacred Heart University","leads","","leads","unavailable","","","","0","","","","","","No first-party client data supplied."
"130253","Sacred Heart University","revenue_usd","","USD","unavailable","","","","0","","","","","","No first-party client data supplied."
"130253","Sacred Heart University","ambassador_conversions","","customers","unavailable","","","","0","","","","","","No first-party client data supplied."
"130253","Sacred Heart University","event_attendance","","people","unavailable","","","","0","","","","","","No first-party client data supplied."
"207500","University of Oklahoma-Norman Campus","undergraduates","22025","students","available","reported","2023","64.3929112678408","6","68.6","EF2023A","https://nces.ed.gov/ipeds/datacenter/data/ef2023a.zip","NCES / U.S. Department of Education","2026-09-29","EFALEVEL=2; EFTOTLT. Full-time plus part-time undergraduates."
"207500","University of Oklahoma-Norman Campus","non_distance_undergraduates","20938","students","available","derived_difference","2023","62.19476965273584","10","68.6","EF2023A_DIST","https://nces.ed.gov/ipeds/datacenter/data/ef2023a_dist.zip","NCES / U.S. Department of Education","2026-09-29","EFDELEV=2; EFDETOT minus EFDEEXC. At least some non-distance courses; not residence-hall occupancy."
"207500","University of Oklahoma-Norman Campus","on_campus_residents","","students","unavailable","","","","4","","","","","","No verified undergraduate resident count collected; bed capacity and projected move-ins are not occupancy."
"207500","University of Oklahoma-Norman Campus","age_18_24_pct","91.25539160045403","percent","available","derived_ratio","2023","91.25539160045405","10","68.6","EF2023B","https://nces.ed.gov/ipeds/datacenter/data/ef2023b.zip","NCES / U.S. Department of Education","2026-09-29","Sum EFBAGE 4,5,6 / EFBAGE 1; LSTUDY=2. Unknown ages remain in denominator."
"207500","University of Oklahoma-Norman Campus","women_pct","51.459704880817256","percent","available","derived_ratio","2023","97.08059023836549","0","68.6","EF2023A","https://nces.ed.gov/ipeds/datacenter/data/ef2023a.zip","NCES / U.S. Department of Education","2026-09-29","100 * EFTOTLW / EFTOTLT. IPEDS reported sex classification; not gender identity."
"207500","University of Oklahoma-Norman Campus","out_of_state_freshmen_pct","47.72989611388996","percent","available","derived_ratio","2023","95.45979222777991","0","68.6","EF2023C","https://nces.ed.gov/ipeds/datacenter/data/ef2023c.zip","NCES / U.S. Department of Education","2026-09-29","(US-resident first-time entrants minus in-state entrants) / all entrants; international and unknown are not silently counted as out-of-state."
"207500","University of Oklahoma-Norman Campus","age_18_19_pct","40.935300794551644","percent","available","derived_ratio","2023","40.935300794551644","0","68.6","EF2023B","https://nces.ed.gov/ipeds/datacenter/data/ef2023b.zip","NCES / U.S. Department of Education","2026-09-29","LSTUDY=2; EFBAGE=4; EFAGE09 / all-age EFAGE09."
"207500","University of Oklahoma-Norman Campus","age_20_21_pct","36.64472190692395","percent","available","derived_ratio","2023","36.64472190692395","0","68.6","EF2023B","https://nces.ed.gov/ipeds/datacenter/data/ef2023b.zip","NCES / U.S. Department of Education","2026-09-29","LSTUDY=2; EFBAGE=5; EFAGE09 / all-age EFAGE09."
"207500","University of Oklahoma-Norman Campus","age_22_24_pct","13.675368898978434","percent","available","derived_ratio","2023","13.675368898978434","0","68.6","EF2023B","https://nces.ed.gov/ipeds/datacenter/data/ef2023b.zip","NCES / U.S. Department of Education","2026-09-29","LSTUDY=2; EFBAGE=6; EFAGE09 / all-age EFAGE09."
"207500","University of Oklahoma-Norman Campus","age_25_plus_pct","7.160045402951192","percent","available","derived_ratio","2023","7.160045402951193","0","68.6","EF2023B","https://nces.ed.gov/ipeds/datacenter/data/ef2023b.zip","NCES / U.S. Department of Education","2026-09-29","LSTUDY=2; EFBAGE=7; EFAGE09 / all-age EFAGE09."
"207500","University of Oklahoma-Norman Campus","age_unknown_pct","0.009080590238365494","percent","available","derived_ratio","2023","0.009080590238365494","0","68.6","EF2023B","https://nces.ed.gov/ipeds/datacenter/data/ef2023b.zip","NCES / U.S. Department of Education","2026-09-29","LSTUDY=2; EFBAGE=14; EFAGE09 / all-age EFAGE09."
"207500","University of Oklahoma-Norman Campus","in_state_freshmen_pct","49.961523662947286","percent","available","derived_ratio","2023","49.961523662947286","0","68.6","EF2023C","https://nces.ed.gov/ipeds/datacenter/data/ef2023c.zip","NCES / U.S. Department of Education","2026-09-29","In-state first-time degree-seeking entrants / all first-time entrants. NOT all-undergraduate residency."
"207500","University of Oklahoma-Norman Campus","international_pct","3.2190692395005676","percent","available","derived_ratio","2023","3.2190692395005676","0","68.6","EF2023A","https://nces.ed.gov/ipeds/datacenter/data/ef2023a.zip","NCES / U.S. Department of Education","2026-09-29","100 * EFNRALT / EFTOTLT. Descriptive only by default."
"207500","University of Oklahoma-Norman Campus","hispanic_pct","14.16572077185017","percent","available","derived_ratio","2023","14.16572077185017","0","68.6","EF2023A","https://nces.ed.gov/ipeds/datacenter/data/ef2023a.zip","NCES / U.S. Department of Education","2026-09-29","100 * EFHISPT / EFTOTLT. Descriptive only by default."
"207500","University of Oklahoma-Norman Campus","black_pct","4.821793416572077","percent","available","derived_ratio","2023","4.821793416572077","0","68.6","EF2023A","https://nces.ed.gov/ipeds/datacenter/data/ef2023a.zip","NCES / U.S. Department of Education","2026-09-29","100 * EFBKAAT / EFTOTLT. Descriptive only by default."
"207500","University of Oklahoma-Norman Campus","asian_pct","6.987514188422248","percent","available","derived_ratio","2023","6.987514188422248","0","68.6","EF2023A","https://nces.ed.gov/ipeds/datacenter/data/ef2023a.zip","NCES / U.S. Department of Education","2026-09-29","100 * EFASIAT / EFTOTLT. Descriptive only by default."
"207500","University of Oklahoma-Norman Campus","greek_pct","30","percent","available","reported_approximate","2026","50","15.000000000000002","64.60000000000001","review-1362efcb49ab","https://www.ou.edu/content/dam/studentlife/fsps/fsps-assets/fsps-site-documents/experience-guides/2026%20Fraternity%20and%20Sorority%20Experience%20Guide.pdf","University of Oklahoma-Norman Campus","2026-09-29","2026 official experience guide reports more than 7,000 members, about 30% of undergraduates and 50+ Greek-letter organizations. Includes five councils; broader than exclusively social chapters."
"207500","University of Oklahoma-Norman Campus","greek_chapters","50","organizations","available","lower_bound","2026","62.5","7.500000000000001","64.60000000000001","review-1362efcb49ab","https://www.ou.edu/content/dam/studentlife/fsps/fsps-assets/fsps-site-documents/experience-guides/2026%20Fraternity%20and%20Sorority%20Experience%20Guide.pdf","University of Oklahoma-Norman Campus","2026-09-29","2026 official experience guide reports more than 7,000 members, about 30% of undergraduates and 50+ Greek-letter organizations. Includes five councils; broader than exclusively social chapters."
"207500","University of Oklahoma-Norman Campus","greek_members","7000","students","available","lower_bound","2026","94.26219950808324","2.5000000000000004","64.60000000000001","review-1362efcb49ab","https://www.ou.edu/content/dam/studentlife/fsps/fsps-assets/fsps-site-documents/experience-guides/2026%20Fraternity%20and%20Sorority%20Experience%20Guide.pdf","University of Oklahoma-Norman Campus","2026-09-29","2026 official experience guide reports more than 7,000 members, about 30% of undergraduates and 50+ Greek-letter organizations. Includes five councils; broader than exclusively social chapters."
"207500","University of Oklahoma-Norman Campus","verified_creators_per_1000","","creators/1,000","unavailable","","","","10.5","","","","","","No audited student-creator roster and same-scope denominator collected; program presence is a separate proxy."
"207500","University of Oklahoma-Norman Campus","creator_program_present","","indicator","unavailable","","","","4.5","","","","","","No comparable verified observation collected."
"207500","University of Oklahoma-Norman Campus","relevant_awards_pct","35.19895059029296","percent","available","derived_ratio","2023-24","70.39790118058592","7.000000000000001","58.309999999999995","C2024_A","https://nces.ed.gov/ipeds/datacenter/data/c2024_a.zip","NCES / U.S. Department of Education","2026-09-29","Relevant first-major bachelor awards / CIP=99 total bachelor awards. No second-major double counting."
"207500","University of Oklahoma-Norman Campus","relevant_awards","1610","awards","available","derived_sum","2023-24","86.70035813254326","2.0000000000000004","58.309999999999995","C2024_A","https://nces.ed.gov/ipeds/datacenter/data/c2024_a.zip","NCES / U.S. Department of Education","2026-09-29","AWLEVEL=5; MAJORNUM=1; unique six-digit CIP records in 52.*,09.*,10.*,50.04*,50.06*,19.09*,31.0504. Awards are not current major enrollment."
"207500","University of Oklahoma-Norman Campus","relevant_clubs","","organizations","unavailable","","","","1.0000000000000002","","","","","","No comparable verified observation collected."
"207500","University of Oklahoma-Norman Campus","customers_per_1000","","customers/1,000","unavailable","","","","5","","","","","","No first-party client data supplied."
"207500","University of Oklahoma-Norman Campus","lodging_proxy_usd","113","USD/night","available","policy_proxy","FY2027","93.5","2","73.5","gsa","https://www.gsa.gov/system/files/FY2027PerDiemZipCode_Validated090126.xlsx","U.S. General Services Administration","2026-09-29","Equal-month average FY2027 federal lodging allowance at institutional ZIP 73019. Administrative benchmark, not a commercial hotel quote; no taxes or event surge."
"207500","University of Oklahoma-Norman Campus","labor_hourly_usd","","USD/hour","unavailable","","","","1","","","","","","Requires a comparable staffing role and dated local rate."
"207500","University of Oklahoma-Norman Campus","venue_day_usd","","USD/day","unavailable","","","","1","","","","","","Requires a dated venue rate for comparable event specifications."
"207500","University of Oklahoma-Norman Campus","permit_days","","days","unavailable","","","","0.5","","","","","","Requires an event type and verified campus approval lead time."
"207500","University of Oklahoma-Norman Campus","travel_quote_usd","","USD/trip","unavailable","","","","0.5","","","","","","Requires origin, dates, mode and party size for a comparable quote."
"207500","University of Oklahoma-Norman Campus","meals_proxy_usd","68","USD/day","available","policy_proxy","FY2027","64","0","73.5","gsa","https://www.gsa.gov/system/files/FY2027PerDiemZipCode_Validated090126.xlsx","U.S. General Services Administration","2026-09-29","FY2027 meals/incidental allowance. Not local labor or event budget."
"207500","University of Oklahoma-Norman Campus","airport_km","24.777493604495426","km","available","geographic_proxy","","83.48167093033638","3","54.000000000000014","HD2024; airports","https://nces.ed.gov/ipeds/datacenter/data/hd2024.zip; https://davidmegginson.github.io/ourairports-data/airports.csv","NCES / U.S. Department of Education; OurAirports","2026-09-29; 2026-09-29","Haversine great-circle distance to nearest US large/medium airport with scheduled_service=yes. Not drive time, route frequency, or fare."
"207500","University of Oklahoma-Norman Campus","metro_presence","1","indicator","available","geographic_proxy","2024","100","1","70.56","HD2024","https://nces.ed.gov/ipeds/datacenter/data/hd2024.zip","NCES / U.S. Department of Education","2026-09-29","IPEDS metropolitan CBSA membership; not metro population or downtown distance."
"207500","University of Oklahoma-Norman Campus","nearby_campuses","0","campuses","available","geographic_proxy","2024","0","1","70.56","HD2024","https://nces.ed.gov/ipeds/datacenter/data/hd2024.zip","NCES / U.S. Department of Education","2026-09-29","Count within 200 km great-circle of fixed geography-reference.json; not road routing or shared-customer overlap."
"207500","University of Oklahoma-Norman Campus","cac_usd","","USD/customer","unavailable","","","","1.75","","","","","","No first-party client data supplied."
"207500","University of Oklahoma-Norman Campus","conversion_pct","","percent","unavailable","","","","1.25","","","","","","No first-party client data supplied."
"207500","University of Oklahoma-Norman Campus","roi_pct","","percent","unavailable","","","","1.25","","","","","","No first-party client data supplied."
"207500","University of Oklahoma-Norman Campus","engagement_pct","","percent","unavailable","","","","0.75","","","","","","No first-party client data supplied."
"207500","University of Oklahoma-Norman Campus","samples","","samples","unavailable","","","","0","","","","","","No first-party client data supplied."
"207500","University of Oklahoma-Norman Campus","leads","","leads","unavailable","","","","0","","","","","","No first-party client data supplied."
"207500","University of Oklahoma-Norman Campus","revenue_usd","","USD","unavailable","","","","0","","","","","","No first-party client data supplied."
"207500","University of Oklahoma-Norman Campus","ambassador_conversions","","customers","unavailable","","","","0","","","","","","No first-party client data supplied."
"207500","University of Oklahoma-Norman Campus","event_attendance","","people","unavailable","","","","0","","","","","","No first-party client data supplied."
"214777","Pennsylvania State University-Main Campus","undergraduates","42223","students","available","reported","2023","92.65749435110388","6","68.6","EF2023A","https://nces.ed.gov/ipeds/datacenter/data/ef2023a.zip","NCES / U.S. Department of Education","2026-09-29","EFALEVEL=2; EFTOTLT. Full-time plus part-time undergraduates."
"214777","Pennsylvania State University-Main Campus","non_distance_undergraduates","42016","students","available","derived_difference","2023","92.44404444867196","10","68.6","EF2023A_DIST","https://nces.ed.gov/ipeds/datacenter/data/ef2023a_dist.zip","NCES / U.S. Department of Education","2026-09-29","EFDELEV=2; EFDETOT minus EFDEEXC. At least some non-distance courses; not residence-hall occupancy."
"214777","Pennsylvania State University-Main Campus","on_campus_residents","14500","students","available","lower_bound","2023-24","98.74777305865649","4","56.52499999999999","review-9d5969dca67f","https://newkensington.psu.edu/content/parent-and-family-guide-2024","Pennsylvania State University-Main Campus","2026-09-29","University-hosted Parents and Families Guide explicitly describes University Park housing: over 14,500 undergraduate residents, separate from more than 300 graduate residents. Historical guide period; not housing capacity."
"214777","Pennsylvania State University-Main Campus","age_18_24_pct","97.34741728441844","percent","available","derived_ratio","2023","97.34741728441844","10","68.6","EF2023B","https://nces.ed.gov/ipeds/datacenter/data/ef2023b.zip","NCES / U.S. Department of Education","2026-09-29","Sum EFBAGE 4,5,6 / EFBAGE 1; LSTUDY=2. Unknown ages remain in denominator."
"214777","Pennsylvania State University-Main Campus","women_pct","47.11413210809275","percent","available","derived_ratio","2023","94.2282642161855","0","68.6","EF2023A","https://nces.ed.gov/ipeds/datacenter/data/ef2023a.zip","NCES / U.S. Department of Education","2026-09-29","100 * EFTOTLW / EFTOTLT. IPEDS reported sex classification; not gender identity."
"214777","Pennsylvania State University-Main Campus","out_of_state_freshmen_pct","","percent","unavailable","","","","0","","","","","","(US-resident first-time entrants minus in-state entrants) / all entrants; international and unknown are not silently counted as out-of-state. Missing, suppressed, imputed or not reported."
"214777","Pennsylvania State University-Main Campus","age_18_19_pct","39.710584278710655","percent","available","derived_ratio","2023","39.710584278710655","0","68.6","EF2023B","https://nces.ed.gov/ipeds/datacenter/data/ef2023b.zip","NCES / U.S. Department of Education","2026-09-29","LSTUDY=2; EFBAGE=4; EFAGE09 / all-age EFAGE09."
"214777","Pennsylvania State University-Main Campus","age_20_21_pct","46.858347346233096","percent","available","derived_ratio","2023","46.858347346233096","0","68.6","EF2023B","https://nces.ed.gov/ipeds/datacenter/data/ef2023b.zip","NCES / U.S. Department of Education","2026-09-29","LSTUDY=2; EFBAGE=5; EFAGE09 / all-age EFAGE09."
"214777","Pennsylvania State University-Main Campus","age_22_24_pct","10.778485659474693","percent","available","derived_ratio","2023","10.778485659474693","0","68.6","EF2023B","https://nces.ed.gov/ipeds/datacenter/data/ef2023b.zip","NCES / U.S. Department of Education","2026-09-29","LSTUDY=2; EFBAGE=6; EFAGE09 / all-age EFAGE09."
"214777","Pennsylvania State University-Main Campus","age_25_plus_pct","1.7715463136205385","percent","available","derived_ratio","2023","1.7715463136205387","0","68.6","EF2023B","https://nces.ed.gov/ipeds/datacenter/data/ef2023b.zip","NCES / U.S. Department of Education","2026-09-29","LSTUDY=2; EFBAGE=7; EFAGE09 / all-age EFAGE09."
"214777","Pennsylvania State University-Main Campus","age_unknown_pct","","percent","unavailable","","","","0","","","","","","LSTUDY=2; EFBAGE=14; EFAGE09 / all-age EFAGE09. Missing, suppressed, imputed or not reported."
"214777","Pennsylvania State University-Main Campus","in_state_freshmen_pct","","percent","unavailable","","","","0","","","","","","In-state first-time degree-seeking entrants / all first-time entrants. NOT all-undergraduate residency. Missing, suppressed, imputed or not reported."
"214777","Pennsylvania State University-Main Campus","international_pct","9.873765483267414","percent","available","derived_ratio","2023","9.873765483267414","0","68.6","EF2023A","https://nces.ed.gov/ipeds/datacenter/data/ef2023a.zip","NCES / U.S. Department of Education","2026-09-29","100 * EFNRALT / EFTOTLT. Descriptive only by default."
"214777","Pennsylvania State University-Main Campus","hispanic_pct","9.10877957511309","percent","available","derived_ratio","2023","9.10877957511309","0","68.6","EF2023A","https://nces.ed.gov/ipeds/datacenter/data/ef2023a.zip","NCES / U.S. Department of Education","2026-09-29","100 * EFHISPT / EFTOTLT. Descriptive only by default."
"214777","Pennsylvania State University-Main Campus","black_pct","4.6751770362124905","percent","available","derived_ratio","2023","4.6751770362124905","0","68.6","EF2023A","https://nces.ed.gov/ipeds/datacenter/data/ef2023a.zip","NCES / U.S. Department of Education","2026-09-29","100 * EFBKAAT / EFTOTLT. Descriptive only by default."
"214777","Pennsylvania State University-Main Campus","asian_pct","7.095658764180659","percent","available","derived_ratio","2023","7.095658764180659","0","68.6","EF2023A","https://nces.ed.gov/ipeds/datacenter/data/ef2023a.zip","NCES / U.S. Department of Education","2026-09-29","100 * EFASIAT / EFTOTLT. Descriptive only by default."
"214777","Pennsylvania State University-Main Campus","greek_pct","17","percent","available","reported_rounded","Spring 2024","28.333333333333332","15.000000000000002","64.60000000000001","review-15c7129ae87a","https://studentaffairs.psu.edu/sites/default/files/2024_PSU_FSLProgramReviewReport.pdf","RISE Partnerships / Penn State Student Affairs","2026-09-29","University-commissioned 2024 program review, printed page 9, reports 17% of undergraduate students affiliated in Spring 2024. Textual reported value, not an estimate from the chart."
"214777","Pennsylvania State University-Main Campus","greek_chapters","68","organizations","available","reported","Fall 2024","85","7.500000000000001","76","review-091eac730a78","https://studentaffairs.psu.edu/sites/default/files/2024_PSU_FSLProgramReviewReport.pdf","RISE Partnerships / Penn State Student Affairs","2026-09-29","Program review, printed page 8, reports 68 recognized organizations and more than 6,800 undergraduate members in Fall 2024. Dated roster scope preferred to office overview's inconsistent 70/over-70 text."
"214777","Pennsylvania State University-Main Campus","greek_members","6800","students","available","lower_bound","Fall 2024","93.95362799886526","2.5000000000000004","64.60000000000001","review-091eac730a78","https://studentaffairs.psu.edu/sites/default/files/2024_PSU_FSLProgramReviewReport.pdf","RISE Partnerships / Penn State Student Affairs","2026-09-29","Program review, printed page 8, reports 68 recognized organizations and more than 6,800 undergraduate members in Fall 2024. Dated roster scope preferred to office overview's inconsistent 70/over-70 text."
"214777","Pennsylvania State University-Main Campus","verified_creators_per_1000","","creators/1,000","unavailable","","","","10.5","","","","","","No audited student-creator roster and same-scope denominator collected; program presence is a separate proxy."
"214777","Pennsylvania State University-Main Campus","creator_program_present","1","indicator","available","documented_program","Spring 2026","100","4.5","56.99999999999999","review-9125e4da57a5","https://www.psu.edu/news/administration/story/commagency-students-bring-penn-states-capital-day-life-through-storytelling","Pennsylvania State University-Main Campus","2026-09-29","CommAgency is a University Park student creative agency with a social-media division and documented student-produced social campaigns. Presence only; its 89 agency students are not assumed to be 89 eligible influencers."
"214777","Pennsylvania State University-Main Campus","relevant_awards_pct","24.757192596664833","percent","available","derived_ratio","2023-24","49.514385193329666","7.000000000000001","58.309999999999995","C2024_A","https://nces.ed.gov/ipeds/datacenter/data/c2024_a.zip","NCES / U.S. Department of Education","2026-09-29","Relevant first-major bachelor awards / CIP=99 total bachelor awards. No second-major double counting."
"214777","Pennsylvania State University-Main Campus","relevant_awards","2702","awards","available","derived_sum","2023-24","92.77624488197768","2.0000000000000004","58.309999999999995","C2024_A","https://nces.ed.gov/ipeds/datacenter/data/c2024_a.zip","NCES / U.S. Department of Education","2026-09-29","AWLEVEL=5; MAJORNUM=1; unique six-digit CIP records in 52.*,09.*,10.*,50.04*,50.06*,19.09*,31.0504. Awards are not current major enrollment."
"214777","Pennsylvania State University-Main Campus","relevant_clubs","","organizations","unavailable","","","","1.0000000000000002","","","","","","No comparable verified observation collected."
"214777","Pennsylvania State University-Main Campus","customers_per_1000","","customers/1,000","unavailable","","","","5","","","","","","No first-party client data supplied."
"214777","Pennsylvania State University-Main Campus","lodging_proxy_usd","132","USD/night","available","policy_proxy","FY2027","84","2","73.5","gsa","https://www.gsa.gov/system/files/FY2027PerDiemZipCode_Validated090126.xlsx","U.S. General Services Administration","2026-09-29","Equal-month average FY2027 federal lodging allowance at institutional ZIP 16802. Administrative benchmark, not a commercial hotel quote; no taxes or event surge."
"214777","Pennsylvania State University-Main Campus","labor_hourly_usd","","USD/hour","unavailable","","","","1","","","","","","Requires a comparable staffing role and dated local rate."
"214777","Pennsylvania State University-Main Campus","venue_day_usd","","USD/day","unavailable","","","","1","","","","","","Requires a dated venue rate for comparable event specifications."
"214777","Pennsylvania State University-Main Campus","permit_days","","days","unavailable","","","","0.5","","","","","","Requires an event type and verified campus approval lead time."
"214777","Pennsylvania State University-Main Campus","travel_quote_usd","","USD/trip","unavailable","","","","0.5","","","","","","Requires origin, dates, mode and party size for a comparable quote."
"214777","Pennsylvania State University-Main Campus","meals_proxy_usd","74","USD/day","available","policy_proxy","FY2027","52","0","73.5","gsa","https://www.gsa.gov/system/files/FY2027PerDiemZipCode_Validated090126.xlsx","U.S. General Services Administration","2026-09-29","FY2027 meals/incidental allowance. Not local labor or event budget."
"214777","Pennsylvania State University-Main Campus","airport_km","6.00167052269325","km","available","geographic_proxy","","95.9988863182045","3","54.000000000000014","HD2024; airports","https://nces.ed.gov/ipeds/datacenter/data/hd2024.zip; https://davidmegginson.github.io/ourairports-data/airports.csv","NCES / U.S. Department of Education; OurAirports","2026-09-29; 2026-09-29","Haversine great-circle distance to nearest US large/medium airport with scheduled_service=yes. Not drive time, route frequency, or fare."
"214777","Pennsylvania State University-Main Campus","metro_presence","1","indicator","available","geographic_proxy","2024","100","1","70.56","HD2024","https://nces.ed.gov/ipeds/datacenter/data/hd2024.zip","NCES / U.S. Department of Education","2026-09-29","IPEDS metropolitan CBSA membership; not metro population or downtown distance."
"214777","Pennsylvania State University-Main Campus","nearby_campuses","1","campuses","available","geographic_proxy","2024","20","1","70.56","HD2024","https://nces.ed.gov/ipeds/datacenter/data/hd2024.zip","NCES / U.S. Department of Education","2026-09-29","Count within 200 km great-circle of fixed geography-reference.json; not road routing or shared-customer overlap."
"214777","Pennsylvania State University-Main Campus","cac_usd","","USD/customer","unavailable","","","","1.75","","","","","","No first-party client data supplied."
"214777","Pennsylvania State University-Main Campus","conversion_pct","","percent","unavailable","","","","1.25","","","","","","No first-party client data supplied."
"214777","Pennsylvania State University-Main Campus","roi_pct","","percent","unavailable","","","","1.25","","","","","","No first-party client data supplied."
"214777","Pennsylvania State University-Main Campus","engagement_pct","","percent","unavailable","","","","0.75","","","","","","No first-party client data supplied."
"214777","Pennsylvania State University-Main Campus","samples","","samples","unavailable","","","","0","","","","","","No first-party client data supplied."
"214777","Pennsylvania State University-Main Campus","leads","","leads","unavailable","","","","0","","","","","","No first-party client data supplied."
"214777","Pennsylvania State University-Main Campus","revenue_usd","","USD","unavailable","","","","0","","","","","","No first-party client data supplied."
"214777","Pennsylvania State University-Main Campus","ambassador_conversions","","customers","unavailable","","","","0","","","","","","No first-party client data supplied."
"214777","Pennsylvania State University-Main Campus","event_attendance","","people","unavailable","","","","0","","","","","","No first-party client data supplied."
"204796","Ohio State University-Main Campus","undergraduates","45728","students","available","reported","2023","96.1209982212011","6","68.6","EF2023A","https://nces.ed.gov/ipeds/datacenter/data/ef2023a.zip","NCES / U.S. Department of Education","2026-09-29","EFALEVEL=2; EFTOTLT. Full-time plus part-time undergraduates."
"204796","Ohio State University-Main Campus","non_distance_undergraduates","44160","students","available","derived_difference","2023","94.60559925366101","10","68.6","EF2023A_DIST","https://nces.ed.gov/ipeds/datacenter/data/ef2023a_dist.zip","NCES / U.S. Department of Education","2026-09-29","EFDELEV=2; EFDETOT minus EFDEEXC. At least some non-distance courses; not residence-hall occupancy."
"204796","Ohio State University-Main Campus","on_campus_residents","","students","unavailable","","","","4","","","","","","No verified undergraduate resident count collected; bed capacity and projected move-ins are not occupancy."
"204796","Ohio State University-Main Campus","age_18_24_pct","91.72935619314205","percent","available","derived_ratio","2023","91.72935619314205","10","68.6","EF2023B","https://nces.ed.gov/ipeds/datacenter/data/ef2023b.zip","NCES / U.S. Department of Education","2026-09-29","Sum EFBAGE 4,5,6 / EFBAGE 1; LSTUDY=2. Unknown ages remain in denominator."
"204796","Ohio State University-Main Campus","women_pct","50.43080825752274","percent","available","derived_ratio","2023","99.13838348495452","0","68.6","EF2023A","https://nces.ed.gov/ipeds/datacenter/data/ef2023a.zip","NCES / U.S. Department of Education","2026-09-29","100 * EFTOTLW / EFTOTLT. IPEDS reported sex classification; not gender identity."
"204796","Ohio State University-Main Campus","out_of_state_freshmen_pct","26.1721657157033","percent","available","derived_ratio","2023","52.3443314314066","0","68.6","EF2023C","https://nces.ed.gov/ipeds/datacenter/data/ef2023c.zip","NCES / U.S. Department of Education","2026-09-29","(US-resident first-time entrants minus in-state entrants) / all entrants; international and unknown are not silently counted as out-of-state."
"204796","Ohio State University-Main Campus","age_18_19_pct","35.81831700489853","percent","available","derived_ratio","2023","35.81831700489853","0","68.6","EF2023B","https://nces.ed.gov/ipeds/datacenter/data/ef2023b.zip","NCES / U.S. Department of Education","2026-09-29","LSTUDY=2; EFBAGE=4; EFAGE09 / all-age EFAGE09."
"204796","Ohio State University-Main Campus","age_20_21_pct","43.19235479356193","percent","available","derived_ratio","2023","43.19235479356193","0","68.6","EF2023B","https://nces.ed.gov/ipeds/datacenter/data/ef2023b.zip","NCES / U.S. Department of Education","2026-09-29","LSTUDY=2; EFBAGE=5; EFAGE09 / all-age EFAGE09."
"204796","Ohio State University-Main Campus","age_22_24_pct","12.718684394681596","percent","available","derived_ratio","2023","12.718684394681596","0","68.6","EF2023B","https://nces.ed.gov/ipeds/datacenter/data/ef2023b.zip","NCES / U.S. Department of Education","2026-09-29","LSTUDY=2; EFBAGE=6; EFAGE09 / all-age EFAGE09."
"204796","Ohio State University-Main Campus","age_25_plus_pct","5.611441567529741","percent","available","derived_ratio","2023","5.611441567529741","0","68.6","EF2023B","https://nces.ed.gov/ipeds/datacenter/data/ef2023b.zip","NCES / U.S. Department of Education","2026-09-29","LSTUDY=2; EFBAGE=7; EFAGE09 / all-age EFAGE09."
"204796","Ohio State University-Main Campus","age_unknown_pct","0.00437368789363191","percent","available","derived_ratio","2023","0.00437368789363191","0","68.6","EF2023B","https://nces.ed.gov/ipeds/datacenter/data/ef2023b.zip","NCES / U.S. Department of Education","2026-09-29","LSTUDY=2; EFBAGE=14; EFAGE09 / all-age EFAGE09."
"204796","Ohio State University-Main Campus","in_state_freshmen_pct","65.18233688910941","percent","available","derived_ratio","2023","65.18233688910941","0","68.6","EF2023C","https://nces.ed.gov/ipeds/datacenter/data/ef2023c.zip","NCES / U.S. Department of Education","2026-09-29","In-state first-time degree-seeking entrants / all first-time entrants. NOT all-undergraduate residency."
"204796","Ohio State University-Main Campus","international_pct","7.081000699790063","percent","available","derived_ratio","2023","7.081000699790064","0","68.6","EF2023A","https://nces.ed.gov/ipeds/datacenter/data/ef2023a.zip","NCES / U.S. Department of Education","2026-09-29","100 * EFNRALT / EFTOTLT. Descriptive only by default."
"204796","Ohio State University-Main Campus","hispanic_pct","5.642057382785165","percent","available","derived_ratio","2023","5.642057382785165","0","68.6","EF2023A","https://nces.ed.gov/ipeds/datacenter/data/ef2023a.zip","NCES / U.S. Department of Education","2026-09-29","100 * EFHISPT / EFTOTLT. Descriptive only by default."
"204796","Ohio State University-Main Campus","black_pct","7.97979356193142","percent","available","derived_ratio","2023","7.97979356193142","0","68.6","EF2023A","https://nces.ed.gov/ipeds/datacenter/data/ef2023a.zip","NCES / U.S. Department of Education","2026-09-29","100 * EFBKAAT / EFTOTLT. Descriptive only by default."
"204796","Ohio State University-Main Campus","asian_pct","9.9916899930021","percent","available","derived_ratio","2023","9.9916899930021","0","68.6","EF2023A","https://nces.ed.gov/ipeds/datacenter/data/ef2023a.zip","NCES / U.S. Department of Education","2026-09-29","100 * EFASIAT / EFTOTLT. Descriptive only by default."
"204796","Ohio State University-Main Campus","greek_pct","","percent","unavailable","","","","15.000000000000002","","","","","","No comparable verified observation collected."
"204796","Ohio State University-Main Campus","greek_chapters","60","organizations","available","lower_bound","","75","7.500000000000001","60.562499999999986","primary-8","https://activities.osu.edu/involvement/get-involved-guide/gig-sfl/","Ohio State University-Main Campus","2026-09-29","University overview says over 60 chapters across four councils."
"204796","Ohio State University-Main Campus","greek_members","","students","unavailable","","","","2.5000000000000004","","","","","","No comparable verified observation collected."
"204796","Ohio State University-Main Campus","verified_creators_per_1000","","creators/1,000","unavailable","","","","10.5","","","","","","No audited student-creator roster and same-scope denominator collected; program presence is a separate proxy."
"204796","Ohio State University-Main Campus","creator_program_present","1","indicator","available","documented_program","","100","4.5","42.74999999999999","review-72f419d12d50","https://sportsandsociety.osu.edu/student-engagement/meet-our-interns","Ohio State University-Main Campus","2026-09-29","Sports and Society Institute describes an active student internship program including social media, writing, photography, video and podcasts. Presence only; page has no explicit cohort year."
"204796","Ohio State University-Main Campus","relevant_awards_pct","27.710843373493976","percent","available","derived_ratio","2023-24","55.42168674698795","7.000000000000001","58.309999999999995","C2024_A","https://nces.ed.gov/ipeds/datacenter/data/c2024_a.zip","NCES / U.S. Department of Education","2026-09-29","Relevant first-major bachelor awards / CIP=99 total bachelor awards. No second-major double counting."
"204796","Ohio State University-Main Campus","relevant_awards","3220","awards","available","derived_sum","2023-24","94.8347338999919","2.0000000000000004","58.309999999999995","C2024_A","https://nces.ed.gov/ipeds/datacenter/data/c2024_a.zip","NCES / U.S. Department of Education","2026-09-29","AWLEVEL=5; MAJORNUM=1; unique six-digit CIP records in 52.*,09.*,10.*,50.04*,50.06*,19.09*,31.0504. Awards are not current major enrollment."
"204796","Ohio State University-Main Campus","relevant_clubs","","organizations","unavailable","","","","1.0000000000000002","","","","","","No comparable verified observation collected."
"204796","Ohio State University-Main Campus","customers_per_1000","","customers/1,000","unavailable","","","","5","","","","","","No first-party client data supplied."
"204796","Ohio State University-Main Campus","lodging_proxy_usd","138","USD/night","available","policy_proxy","FY2027","81","2","73.5","gsa","https://www.gsa.gov/system/files/FY2027PerDiemZipCode_Validated090126.xlsx","U.S. General Services Administration","2026-09-29","Equal-month average FY2027 federal lodging allowance at institutional ZIP 43201. Administrative benchmark, not a commercial hotel quote; no taxes or event surge."
"204796","Ohio State University-Main Campus","labor_hourly_usd","","USD/hour","unavailable","","","","1","","","","","","Requires a comparable staffing role and dated local rate."
"204796","Ohio State University-Main Campus","venue_day_usd","","USD/day","unavailable","","","","1","","","","","","Requires a dated venue rate for comparable event specifications."
"204796","Ohio State University-Main Campus","permit_days","","days","unavailable","","","","0.5","","","","","","Requires an event type and verified campus approval lead time."
"204796","Ohio State University-Main Campus","travel_quote_usd","","USD/trip","unavailable","","","","0.5","","","","","","Requires origin, dates, mode and party size for a comparable quote."
"204796","Ohio State University-Main Campus","meals_proxy_usd","80","USD/day","available","policy_proxy","FY2027","40","0","73.5","gsa","https://www.gsa.gov/system/files/FY2027PerDiemZipCode_Validated090126.xlsx","U.S. General Services Administration","2026-09-29","FY2027 meals/incidental allowance. Not local labor or event budget."
"204796","Ohio State University-Main Campus","airport_km","9.851261525160227","km","available","geographic_proxy","","93.43249231655984","3","54.000000000000014","HD2024; airports","https://nces.ed.gov/ipeds/datacenter/data/hd2024.zip; https://davidmegginson.github.io/ourairports-data/airports.csv","NCES / U.S. Department of Education; OurAirports","2026-09-29; 2026-09-29","Haversine great-circle distance to nearest US large/medium airport with scheduled_service=yes. Not drive time, route frequency, or fare."
"204796","Ohio State University-Main Campus","metro_presence","1","indicator","available","geographic_proxy","2024","100","1","70.56","HD2024","https://nces.ed.gov/ipeds/datacenter/data/hd2024.zip","NCES / U.S. Department of Education","2026-09-29","IPEDS metropolitan CBSA membership; not metro population or downtown distance."
"204796","Ohio State University-Main Campus","nearby_campuses","3","campuses","available","geographic_proxy","2024","60","1","70.56","HD2024","https://nces.ed.gov/ipeds/datacenter/data/hd2024.zip","NCES / U.S. Department of Education","2026-09-29","Count within 200 km great-circle of fixed geography-reference.json; not road routing or shared-customer overlap."
"204796","Ohio State University-Main Campus","cac_usd","","USD/customer","unavailable","","","","1.75","","","","","","No first-party client data supplied."
"204796","Ohio State University-Main Campus","conversion_pct","","percent","unavailable","","","","1.25","","","","","","No first-party client data supplied."
"204796","Ohio State University-Main Campus","roi_pct","","percent","unavailable","","","","1.25","","","","","","No first-party client data supplied."
"204796","Ohio State University-Main Campus","engagement_pct","","percent","unavailable","","","","0.75","","","","","","No first-party client data supplied."
"204796","Ohio State University-Main Campus","samples","","samples","unavailable","","","","0","","","","","","No first-party client data supplied."
"204796","Ohio State University-Main Campus","leads","","leads","unavailable","","","","0","","","","","","No first-party client data supplied."
"204796","Ohio State University-Main Campus","revenue_usd","","USD","unavailable","","","","0","","","","","","No first-party client data supplied."
"204796","Ohio State University-Main Campus","ambassador_conversions","","customers","unavailable","","","","0","","","","","","No first-party client data supplied."
"204796","Ohio State University-Main Campus","event_attendance","","people","unavailable","","","","0","","","","","","No first-party client data supplied."
"204857","Ohio University-Main Campus","undergraduates","19100","students","available","reported","2023","58.204474521928184","6","68.6","EF2023A","https://nces.ed.gov/ipeds/datacenter/data/ef2023a.zip","NCES / U.S. Department of Education","2026-09-29","EFALEVEL=2; EFTOTLT. Full-time plus part-time undergraduates."
"204857","Ohio University-Main Campus","non_distance_undergraduates","15406","students","available","derived_difference","2023","48.86994269217567","10","68.6","EF2023A_DIST","https://nces.ed.gov/ipeds/datacenter/data/ef2023a_dist.zip","NCES / U.S. Department of Education","2026-09-29","EFDELEV=2; EFDETOT minus EFDEEXC. At least some non-distance courses; not residence-hall occupancy."
"204857","Ohio University-Main Campus","on_campus_residents","","students","unavailable","","","","4","","","","","","No verified undergraduate resident count collected; bed capacity and projected move-ins are not occupancy."
"204857","Ohio University-Main Campus","age_18_24_pct","83.26701570680628","percent","available","derived_ratio","2023","83.26701570680626","10","68.6","EF2023B","https://nces.ed.gov/ipeds/datacenter/data/ef2023b.zip","NCES / U.S. Department of Education","2026-09-29","Sum EFBAGE 4,5,6 / EFBAGE 1; LSTUDY=2. Unknown ages remain in denominator."
"204857","Ohio University-Main Campus","women_pct","61.17277486910995","percent","available","derived_ratio","2023","77.6544502617801","0","68.6","EF2023A","https://nces.ed.gov/ipeds/datacenter/data/ef2023a.zip","NCES / U.S. Department of Education","2026-09-29","100 * EFTOTLW / EFTOTLT. IPEDS reported sex classification; not gender identity."
"204857","Ohio University-Main Campus","out_of_state_freshmen_pct","13.243302112829449","percent","available","derived_ratio","2023","26.486604225658894","0","68.6","EF2023C","https://nces.ed.gov/ipeds/datacenter/data/ef2023c.zip","NCES / U.S. Department of Education","2026-09-29","(US-resident first-time entrants minus in-state entrants) / all entrants; international and unknown are not silently counted as out-of-state."
"204857","Ohio University-Main Campus","age_18_19_pct","36.09424083769633","percent","available","derived_ratio","2023","36.09424083769633","0","68.6","EF2023B","https://nces.ed.gov/ipeds/datacenter/data/ef2023b.zip","NCES / U.S. Department of Education","2026-09-29","LSTUDY=2; EFBAGE=4; EFAGE09 / all-age EFAGE09."
"204857","Ohio University-Main Campus","age_20_21_pct","33.083769633507856","percent","available","derived_ratio","2023","33.083769633507856","0","68.6","EF2023B","https://nces.ed.gov/ipeds/datacenter/data/ef2023b.zip","NCES / U.S. Department of Education","2026-09-29","LSTUDY=2; EFBAGE=5; EFAGE09 / all-age EFAGE09."
"204857","Ohio University-Main Campus","age_22_24_pct","14.089005235602095","percent","available","derived_ratio","2023","14.089005235602095","0","68.6","EF2023B","https://nces.ed.gov/ipeds/datacenter/data/ef2023b.zip","NCES / U.S. Department of Education","2026-09-29","LSTUDY=2; EFBAGE=6; EFAGE09 / all-age EFAGE09."
"204857","Ohio University-Main Campus","age_25_plus_pct","15.429319371727749","percent","available","derived_ratio","2023","15.42931937172775","0","68.6","EF2023B","https://nces.ed.gov/ipeds/datacenter/data/ef2023b.zip","NCES / U.S. Department of Education","2026-09-29","LSTUDY=2; EFBAGE=7; EFAGE09 / all-age EFAGE09."
"204857","Ohio University-Main Campus","age_unknown_pct","0.42408376963350786","percent","available","derived_ratio","2023","0.4240837696335078","0","68.6","EF2023B","https://nces.ed.gov/ipeds/datacenter/data/ef2023b.zip","NCES / U.S. Department of Education","2026-09-29","LSTUDY=2; EFBAGE=14; EFAGE09 / all-age EFAGE09."
"204857","Ohio University-Main Campus","in_state_freshmen_pct","86.29928120235243","percent","available","derived_ratio","2023","86.29928120235243","0","68.6","EF2023C","https://nces.ed.gov/ipeds/datacenter/data/ef2023c.zip","NCES / U.S. Department of Education","2026-09-29","In-state first-time degree-seeking entrants / all first-time entrants. NOT all-undergraduate residency."
"204857","Ohio University-Main Campus","international_pct","1.0994764397905759","percent","available","derived_ratio","2023","1.0994764397905759","0","68.6","EF2023A","https://nces.ed.gov/ipeds/datacenter/data/ef2023a.zip","NCES / U.S. Department of Education","2026-09-29","100 * EFNRALT / EFTOTLT. Descriptive only by default."
"204857","Ohio University-Main Campus","hispanic_pct","4.534031413612565","percent","available","derived_ratio","2023","4.534031413612565","0","68.6","EF2023A","https://nces.ed.gov/ipeds/datacenter/data/ef2023a.zip","NCES / U.S. Department of Education","2026-09-29","100 * EFHISPT / EFTOTLT. Descriptive only by default."
"204857","Ohio University-Main Campus","black_pct","5.0680628272251305","percent","available","derived_ratio","2023","5.0680628272251305","0","68.6","EF2023A","https://nces.ed.gov/ipeds/datacenter/data/ef2023a.zip","NCES / U.S. Department of Education","2026-09-29","100 * EFBKAAT / EFTOTLT. Descriptive only by default."
"204857","Ohio University-Main Campus","asian_pct","1.617801047120419","percent","available","derived_ratio","2023","1.617801047120419","0","68.6","EF2023A","https://nces.ed.gov/ipeds/datacenter/data/ef2023a.zip","NCES / U.S. Department of Education","2026-09-29","100 * EFASIAT / EFTOTLT. Descriptive only by default."
"204857","Ohio University-Main Campus","greek_pct","","percent","unavailable","","","","15.000000000000002","","","","","","No comparable verified observation collected."
"204857","Ohio University-Main Campus","greek_chapters","29","organizations","available","reported","","36.25","7.500000000000001","71.24999999999999","primary-13","https://www.ohio.edu/student-affairs/assessment/reports/annual","Ohio University-Main Campus","2026-09-29","Annual-report page states 29 values-based fraternal organizations; data year not established in retrieved excerpt."
"204857","Ohio University-Main Campus","greek_members","","students","unavailable","","","","2.5000000000000004","","","","","","No comparable verified observation collected."
"204857","Ohio University-Main Campus","verified_creators_per_1000","","creators/1,000","unavailable","","","","10.5","","","","","","No audited student-creator roster and same-scope denominator collected; program presence is a separate proxy."
"204857","Ohio University-Main Campus","creator_program_present","","indicator","unavailable","","","","4.5","","","","","","No comparable verified observation collected."
"204857","Ohio University-Main Campus","relevant_awards_pct","22.39740319962903","percent","available","derived_ratio","2023-24","44.79480639925806","7.000000000000001","58.309999999999995","C2024_A","https://nces.ed.gov/ipeds/datacenter/data/c2024_a.zip","NCES / U.S. Department of Education","2026-09-29","Relevant first-major bachelor awards / CIP=99 total bachelor awards. No second-major double counting."
"204857","Ohio University-Main Campus","relevant_awards","966","awards","available","derived_sum","2023-24","80.7077747510877","2.0000000000000004","58.309999999999995","C2024_A","https://nces.ed.gov/ipeds/datacenter/data/c2024_a.zip","NCES / U.S. Department of Education","2026-09-29","AWLEVEL=5; MAJORNUM=1; unique six-digit CIP records in 52.*,09.*,10.*,50.04*,50.06*,19.09*,31.0504. Awards are not current major enrollment."
"204857","Ohio University-Main Campus","relevant_clubs","","organizations","unavailable","","","","1.0000000000000002","","","","","","No comparable verified observation collected."
"204857","Ohio University-Main Campus","customers_per_1000","","customers/1,000","unavailable","","","","5","","","","","","No first-party client data supplied."
"204857","Ohio University-Main Campus","lodging_proxy_usd","113","USD/night","available","policy_proxy","FY2027","93.5","2","73.5","gsa","https://www.gsa.gov/system/files/FY2027PerDiemZipCode_Validated090126.xlsx","U.S. General Services Administration","2026-09-29","Equal-month average FY2027 federal lodging allowance at institutional ZIP 45701. Administrative benchmark, not a commercial hotel quote; no taxes or event surge."
"204857","Ohio University-Main Campus","labor_hourly_usd","","USD/hour","unavailable","","","","1","","","","","","Requires a comparable staffing role and dated local rate."
"204857","Ohio University-Main Campus","venue_day_usd","","USD/day","unavailable","","","","1","","","","","","Requires a dated venue rate for comparable event specifications."
"204857","Ohio University-Main Campus","permit_days","","days","unavailable","","","","0.5","","","","","","Requires an event type and verified campus approval lead time."
"204857","Ohio University-Main Campus","travel_quote_usd","","USD/trip","unavailable","","","","0.5","","","","","","Requires origin, dates, mode and party size for a comparable quote."
"204857","Ohio University-Main Campus","meals_proxy_usd","68","USD/day","available","policy_proxy","FY2027","64","0","73.5","gsa","https://www.gsa.gov/system/files/FY2027PerDiemZipCode_Validated090126.xlsx","U.S. General Services Administration","2026-09-29","FY2027 meals/incidental allowance. Not local labor or event budget."
"204857","Ohio University-Main Campus","airport_km","56.951665843412975","km","available","geographic_proxy","","62.03222277105802","3","54.000000000000014","HD2024; airports","https://nces.ed.gov/ipeds/datacenter/data/hd2024.zip; https://davidmegginson.github.io/ourairports-data/airports.csv","NCES / U.S. Department of Education; OurAirports","2026-09-29; 2026-09-29","Haversine great-circle distance to nearest US large/medium airport with scheduled_service=yes. Not drive time, route frequency, or fare."
"204857","Ohio University-Main Campus","metro_presence","0","indicator","available","geographic_proxy","2024","0","1","70.56","HD2024","https://nces.ed.gov/ipeds/datacenter/data/hd2024.zip","NCES / U.S. Department of Education","2026-09-29","IPEDS metropolitan CBSA membership; not metro population or downtown distance."
"204857","Ohio University-Main Campus","nearby_campuses","3","campuses","available","geographic_proxy","2024","60","1","70.56","HD2024","https://nces.ed.gov/ipeds/datacenter/data/hd2024.zip","NCES / U.S. Department of Education","2026-09-29","Count within 200 km great-circle of fixed geography-reference.json; not road routing or shared-customer overlap."
"204857","Ohio University-Main Campus","cac_usd","","USD/customer","unavailable","","","","1.75","","","","","","No first-party client data supplied."
"204857","Ohio University-Main Campus","conversion_pct","","percent","unavailable","","","","1.25","","","","","","No first-party client data supplied."
"204857","Ohio University-Main Campus","roi_pct","","percent","unavailable","","","","1.25","","","","","","No first-party client data supplied."
"204857","Ohio University-Main Campus","engagement_pct","","percent","unavailable","","","","0.75","","","","","","No first-party client data supplied."
"204857","Ohio University-Main Campus","samples","","samples","unavailable","","","","0","","","","","","No first-party client data supplied."
"204857","Ohio University-Main Campus","leads","","leads","unavailable","","","","0","","","","","","No first-party client data supplied."
"204857","Ohio University-Main Campus","revenue_usd","","USD","unavailable","","","","0","","","","","","No first-party client data supplied."
"204857","Ohio University-Main Campus","ambassador_conversions","","customers","unavailable","","","","0","","","","","","No first-party client data supplied."
"204857","Ohio University-Main Campus","event_attendance","","people","unavailable","","","","0","","","","","","No first-party client data supplied."
"196060","University at Albany","undergraduates","12190","students","available","reported","2023","38.70127273414282","6","68.6","EF2023A","https://nces.ed.gov/ipeds/datacenter/data/ef2023a.zip","NCES / U.S. Department of Education","2026-09-29","EFALEVEL=2; EFTOTLT. Full-time plus part-time undergraduates."
"196060","University at Albany","non_distance_undergraduates","11728","students","available","derived_difference","2023","37.02330707861998","10","68.6","EF2023A_DIST","https://nces.ed.gov/ipeds/datacenter/data/ef2023a_dist.zip","NCES / U.S. Department of Education","2026-09-29","EFDELEV=2; EFDETOT minus EFDEEXC. At least some non-distance courses; not residence-hall occupancy."
"196060","University at Albany","on_campus_residents","","students","unavailable","","","","4","","","","","","No verified undergraduate resident count collected; bed capacity and projected move-ins are not occupancy."
"196060","University at Albany","age_18_24_pct","88.90894175553733","percent","available","derived_ratio","2023","88.90894175553733","10","68.6","EF2023B","https://nces.ed.gov/ipeds/datacenter/data/ef2023b.zip","NCES / U.S. Department of Education","2026-09-29","Sum EFBAGE 4,5,6 / EFBAGE 1; LSTUDY=2. Unknown ages remain in denominator."
"196060","University at Albany","women_pct","53.814602132895814","percent","available","derived_ratio","2023","92.37079573420837","0","68.6","EF2023A","https://nces.ed.gov/ipeds/datacenter/data/ef2023a.zip","NCES / U.S. Department of Education","2026-09-29","100 * EFTOTLW / EFTOTLT. IPEDS reported sex classification; not gender identity."
"196060","University at Albany","out_of_state_freshmen_pct","4.231311706629055","percent","available","derived_ratio","2023","8.462623413258118","0","68.6","EF2023C","https://nces.ed.gov/ipeds/datacenter/data/ef2023c.zip","NCES / U.S. Department of Education","2026-09-29","(US-resident first-time entrants minus in-state entrants) / all entrants; international and unknown are not silently counted as out-of-state."
"196060","University at Albany","age_18_19_pct","42.17391304347826","percent","available","derived_ratio","2023","42.17391304347826","0","68.6","EF2023B","https://nces.ed.gov/ipeds/datacenter/data/ef2023b.zip","NCES / U.S. Department of Education","2026-09-29","LSTUDY=2; EFBAGE=4; EFAGE09 / all-age EFAGE09."
"196060","University at Albany","age_20_21_pct","37.37489745693191","percent","available","derived_ratio","2023","37.37489745693191","0","68.6","EF2023B","https://nces.ed.gov/ipeds/datacenter/data/ef2023b.zip","NCES / U.S. Department of Education","2026-09-29","LSTUDY=2; EFBAGE=5; EFAGE09 / all-age EFAGE09."
"196060","University at Albany","age_22_24_pct","9.360131255127154","percent","available","derived_ratio","2023","9.360131255127154","0","68.6","EF2023B","https://nces.ed.gov/ipeds/datacenter/data/ef2023b.zip","NCES / U.S. Department of Education","2026-09-29","LSTUDY=2; EFBAGE=6; EFAGE09 / all-age EFAGE09."
"196060","University at Albany","age_25_plus_pct","5.1681706316652996","percent","available","derived_ratio","2023","5.1681706316652996","0","68.6","EF2023B","https://nces.ed.gov/ipeds/datacenter/data/ef2023b.zip","NCES / U.S. Department of Education","2026-09-29","LSTUDY=2; EFBAGE=7; EFAGE09 / all-age EFAGE09."
"196060","University at Albany","age_unknown_pct","","percent","unavailable","","","","0","","","","","","LSTUDY=2; EFBAGE=14; EFAGE09 / all-age EFAGE09. Missing, suppressed, imputed or not reported."
"196060","University at Albany","in_state_freshmen_pct","93.19464033850494","percent","available","derived_ratio","2023","93.19464033850494","0","68.6","EF2023C","https://nces.ed.gov/ipeds/datacenter/data/ef2023c.zip","NCES / U.S. Department of Education","2026-09-29","In-state first-time degree-seeking entrants / all first-time entrants. NOT all-undergraduate residency."
"196060","University at Albany","international_pct","3.3634126333059884","percent","available","derived_ratio","2023","3.3634126333059884","0","68.6","EF2023A","https://nces.ed.gov/ipeds/datacenter/data/ef2023a.zip","NCES / U.S. Department of Education","2026-09-29","100 * EFNRALT / EFTOTLT. Descriptive only by default."
"196060","University at Albany","hispanic_pct","19.00738310090238","percent","available","derived_ratio","2023","19.00738310090238","0","68.6","EF2023A","https://nces.ed.gov/ipeds/datacenter/data/ef2023a.zip","NCES / U.S. Department of Education","2026-09-29","100 * EFHISPT / EFTOTLT. Descriptive only by default."
"196060","University at Albany","black_pct","23.297785069729287","percent","available","derived_ratio","2023","23.29778506972929","0","68.6","EF2023A","https://nces.ed.gov/ipeds/datacenter/data/ef2023a.zip","NCES / U.S. Department of Education","2026-09-29","100 * EFBKAAT / EFTOTLT. Descriptive only by default."
"196060","University at Albany","asian_pct","9.712879409351928","percent","available","derived_ratio","2023","9.712879409351928","0","68.6","EF2023A","https://nces.ed.gov/ipeds/datacenter/data/ef2023a.zip","NCES / U.S. Department of Education","2026-09-29","100 * EFASIAT / EFTOTLT. Descriptive only by default."
"196060","University at Albany","greek_pct","","percent","unavailable","","","","15.000000000000002","","","","","","No comparable verified observation collected."
"196060","University at Albany","greek_chapters","25","organizations","available","lower_bound","","31.25","7.500000000000001","60.562499999999986","primary-27","https://www.albany.edu/student-engagement-belonging/student-activities/fraternity-and-sorority-life","University at Albany","2026-09-29",""
"196060","University at Albany","greek_members","","students","unavailable","","","","2.5000000000000004","","","","","","No comparable verified observation collected."
"196060","University at Albany","verified_creators_per_1000","","creators/1,000","unavailable","","","","10.5","","","","","","No audited student-creator roster and same-scope denominator collected; program presence is a separate proxy."
"196060","University at Albany","creator_program_present","","indicator","unavailable","","","","4.5","","","","","","No comparable verified observation collected."
"196060","University at Albany","relevant_awards_pct","20.776014109347443","percent","available","derived_ratio","2023-24","41.552028218694886","7.000000000000001","58.309999999999995","C2024_A","https://nces.ed.gov/ipeds/datacenter/data/c2024_a.zip","NCES / U.S. Department of Education","2026-09-29","Relevant first-major bachelor awards / CIP=99 total bachelor awards. No second-major double counting."
"196060","University at Albany","relevant_awards","589","awards","available","derived_sum","2023-24","74.90698631018938","2.0000000000000004","58.309999999999995","C2024_A","https://nces.ed.gov/ipeds/datacenter/data/c2024_a.zip","NCES / U.S. Department of Education","2026-09-29","AWLEVEL=5; MAJORNUM=1; unique six-digit CIP records in 52.*,09.*,10.*,50.04*,50.06*,19.09*,31.0504. Awards are not current major enrollment."
"196060","University at Albany","relevant_clubs","","organizations","unavailable","","","","1.0000000000000002","","","","","","No comparable verified observation collected."
"196060","University at Albany","customers_per_1000","","customers/1,000","unavailable","","","","5","","","","","","No first-party client data supplied."
"196060","University at Albany","lodging_proxy_usd","133","USD/night","available","policy_proxy","FY2027","83.5","2","73.5","gsa","https://www.gsa.gov/system/files/FY2027PerDiemZipCode_Validated090126.xlsx","U.S. General Services Administration","2026-09-29","Equal-month average FY2027 federal lodging allowance at institutional ZIP 12222. Administrative benchmark, not a commercial hotel quote; no taxes or event surge."
"196060","University at Albany","labor_hourly_usd","","USD/hour","unavailable","","","","1","","","","","","Requires a comparable staffing role and dated local rate."
"196060","University at Albany","venue_day_usd","","USD/day","unavailable","","","","1","","","","","","Requires a dated venue rate for comparable event specifications."
"196060","University at Albany","permit_days","","days","unavailable","","","","0.5","","","","","","Requires an event type and verified campus approval lead time."
"196060","University at Albany","travel_quote_usd","","USD/trip","unavailable","","","","0.5","","","","","","Requires origin, dates, mode and party size for a comparable quote."
"196060","University at Albany","meals_proxy_usd","86","USD/day","available","policy_proxy","FY2027","28","0","73.5","gsa","https://www.gsa.gov/system/files/FY2027PerDiemZipCode_Validated090126.xlsx","U.S. General Services Administration","2026-09-29","FY2027 meals/incidental allowance. Not local labor or event budget."
"196060","University at Albany","airport_km","7.23177164048559","km","available","geographic_proxy","","95.17881890634294","3","54.000000000000014","HD2024; airports","https://nces.ed.gov/ipeds/datacenter/data/hd2024.zip; https://davidmegginson.github.io/ourairports-data/airports.csv","NCES / U.S. Department of Education; OurAirports","2026-09-29; 2026-09-29","Haversine great-circle distance to nearest US large/medium airport with scheduled_service=yes. Not drive time, route frequency, or fare."
"196060","University at Albany","metro_presence","1","indicator","available","geographic_proxy","2024","100","1","70.56","HD2024","https://nces.ed.gov/ipeds/datacenter/data/hd2024.zip","NCES / U.S. Department of Education","2026-09-29","IPEDS metropolitan CBSA membership; not metro population or downtown distance."
"196060","University at Albany","nearby_campuses","2","campuses","available","geographic_proxy","2024","40","1","70.56","HD2024","https://nces.ed.gov/ipeds/datacenter/data/hd2024.zip","NCES / U.S. Department of Education","2026-09-29","Count within 200 km great-circle of fixed geography-reference.json; not road routing or shared-customer overlap."
"196060","University at Albany","cac_usd","","USD/customer","unavailable","","","","1.75","","","","","","No first-party client data supplied."
"196060","University at Albany","conversion_pct","","percent","unavailable","","","","1.25","","","","","","No first-party client data supplied."
"196060","University at Albany","roi_pct","","percent","unavailable","","","","1.25","","","","","","No first-party client data supplied."
"196060","University at Albany","engagement_pct","","percent","unavailable","","","","0.75","","","","","","No first-party client data supplied."
"196060","University at Albany","samples","","samples","unavailable","","","","0","","","","","","No first-party client data supplied."
"196060","University at Albany","leads","","leads","unavailable","","","","0","","","","","","No first-party client data supplied."
"196060","University at Albany","revenue_usd","","USD","unavailable","","","","0","","","","","","No first-party client data supplied."
"196060","University at Albany","ambassador_conversions","","customers","unavailable","","","","0","","","","","","No first-party client data supplied."
"196060","University at Albany","event_attendance","","people","unavailable","","","","0","","","","","","No first-party client data supplied."
